season,date,home_team,away_team,home_goals,away_goals,result,source_file,home_team_official,away_team_official,expected_result,result_is_valid
2010-11,2010-08-28,Hercules,Ath Bilbao,0,1,A,2010-11_SP1.csv,Hércules CF,Athletic Bilbao,A,True
2010-11,2010-08-28,Levante,Sevilla,1,4,A,2010-11_SP1.csv,Levante UD,Sevilla FC,A,True
2010-11,2010-08-28,Malaga,Valencia,1,3,A,2010-11_SP1.csv,Málaga CF,Valencia CF,A,True
2010-11,2010-08-29,Espanol,Getafe,3,1,H,2010-11_SP1.csv,RCD Espanyol,Getafe CF,H,True
2010-11,2010-08-29,La Coruna,Zaragoza,0,0,D,2010-11_SP1.csv,Deportivo La Coruña,Real Zaragoza,D,True
2010-11,2010-08-29,Mallorca,Real Madrid,0,0,D,2010-11_SP1.csv,RCD Mallorca,Real Madrid CF,D,True
2010-11,2010-08-29,Osasuna,Almeria,0,0,D,2010-11_SP1.csv,CA Osasuna,UD Almería,D,True
2010-11,2010-08-29,Santander,Barcelona,0,3,A,2010-11_SP1.csv,Racing Santander,FC Barcelona,A,True
2010-11,2010-08-29,Sociedad,Villarreal,1,0,H,2010-11_SP1.csv,Real Sociedad,Villarreal CF,H,True
2010-11,2010-08-30,Ath Madrid,Sp Gijon,4,0,H,2010-11_SP1.csv,Club Atlético de Madrid,Sporting Gijón,H,True
2010-11,2010-09-11,Ath Bilbao,Ath Madrid,1,2,A,2010-11_SP1.csv,Athletic Bilbao,Club Atlético de Madrid,A,True
2010-11,2010-09-11,Barcelona,Hercules,0,2,A,2010-11_SP1.csv,FC Barcelona,Hércules CF,A,True
2010-11,2010-09-11,Real Madrid,Osasuna,1,0,H,2010-11_SP1.csv,Real Madrid CF,CA Osasuna,H,True
2010-11,2010-09-11,Valencia,Santander,1,0,H,2010-11_SP1.csv,Valencia CF,Racing Santander,H,True
2010-11,2010-09-12,Getafe,Levante,4,1,H,2010-11_SP1.csv,Getafe CF,Levante UD,H,True
2010-11,2010-09-12,Sevilla,La Coruna,0,0,D,2010-11_SP1.csv,Sevilla FC,Deportivo La Coruña,D,True
2010-11,2010-09-12,Sp Gijon,Mallorca,2,0,H,2010-11_SP1.csv,Sporting Gijón,RCD Mallorca,H,True
2010-11,2010-09-12,Villarreal,Espanol,4,0,H,2010-11_SP1.csv,Villarreal CF,RCD Espanyol,H,True
2010-11,2010-09-12,Zaragoza,Malaga,3,5,A,2010-11_SP1.csv,Real Zaragoza,Málaga CF,A,True
2010-11,2010-09-13,Almeria,Sociedad,2,2,D,2010-11_SP1.csv,UD Almería,Real Sociedad,D,True
2010-11,2010-09-18,Espanol,Almeria,1,0,H,2010-11_SP1.csv,RCD Espanyol,UD Almería,H,True
2010-11,2010-09-18,Mallorca,Osasuna,2,0,H,2010-11_SP1.csv,RCD Mallorca,CA Osasuna,H,True
2010-11,2010-09-18,Sociedad,Real Madrid,1,2,A,2010-11_SP1.csv,Real Sociedad,Real Madrid CF,A,True
2010-11,2010-09-18,Sp Gijon,Ath Bilbao,2,2,D,2010-11_SP1.csv,Sporting Gijón,Athletic Bilbao,D,True
2010-11,2010-09-19,Ath Madrid,Barcelona,1,2,A,2010-11_SP1.csv,Club Atlético de Madrid,FC Barcelona,A,True
2010-11,2010-09-19,Hercules,Valencia,1,2,A,2010-11_SP1.csv,Hércules CF,Valencia CF,A,True
2010-11,2010-09-19,Levante,Villarreal,1,2,A,2010-11_SP1.csv,Levante UD,Villarreal CF,A,True
2010-11,2010-09-19,Malaga,Sevilla,1,2,A,2010-11_SP1.csv,Málaga CF,Sevilla FC,A,True
2010-11,2010-09-19,Santander,Zaragoza,2,0,H,2010-11_SP1.csv,Racing Santander,Real Zaragoza,H,True
2010-11,2010-09-20,La Coruna,Getafe,2,2,D,2010-11_SP1.csv,Deportivo La Coruña,Getafe CF,D,True
2010-11,2010-09-21,Ath Bilbao,Mallorca,3,0,H,2010-11_SP1.csv,Athletic Bilbao,RCD Mallorca,H,True
2010-11,2010-09-21,Osasuna,Sociedad,3,1,H,2010-11_SP1.csv,CA Osasuna,Real Sociedad,H,True
2010-11,2010-09-21,Real Madrid,Espanol,3,0,H,2010-11_SP1.csv,Real Madrid CF,RCD Espanyol,H,True
2010-11,2010-09-22,Almeria,Levante,0,1,A,2010-11_SP1.csv,UD Almería,Levante UD,A,True
2010-11,2010-09-22,Barcelona,Sp Gijon,1,0,H,2010-11_SP1.csv,FC Barcelona,Sporting Gijón,H,True
2010-11,2010-09-22,Valencia,Ath Madrid,1,1,D,2010-11_SP1.csv,Valencia CF,Club Atlético de Madrid,D,True
2010-11,2010-09-22,Zaragoza,Hercules,0,0,D,2010-11_SP1.csv,Real Zaragoza,Hércules CF,D,True
2010-11,2010-09-23,Getafe,Malaga,0,2,A,2010-11_SP1.csv,Getafe CF,Málaga CF,A,True
2010-11,2010-09-23,Sevilla,Santander,1,1,D,2010-11_SP1.csv,Sevilla FC,Racing Santander,D,True
2010-11,2010-09-23,Villarreal,La Coruna,1,0,H,2010-11_SP1.csv,Villarreal CF,Deportivo La Coruña,H,True
2010-11,2010-09-25,Ath Bilbao,Barcelona,1,3,A,2010-11_SP1.csv,Athletic Bilbao,FC Barcelona,A,True
2010-11,2010-09-25,Levante,Real Madrid,0,0,D,2010-11_SP1.csv,Levante UD,Real Madrid CF,D,True
2010-11,2010-09-25,Sp Gijon,Valencia,0,2,A,2010-11_SP1.csv,Sporting Gijón,Valencia CF,A,True
2010-11,2010-09-26,Ath Madrid,Zaragoza,1,0,H,2010-11_SP1.csv,Club Atlético de Madrid,Real Zaragoza,H,True
2010-11,2010-09-26,Espanol,Osasuna,1,0,H,2010-11_SP1.csv,RCD Espanyol,CA Osasuna,H,True
2010-11,2010-09-26,Hercules,Sevilla,2,0,H,2010-11_SP1.csv,Hércules CF,Sevilla FC,H,True
2010-11,2010-09-26,La Coruna,Almeria,0,2,A,2010-11_SP1.csv,Deportivo La Coruña,UD Almería,A,True
2010-11,2010-09-26,Mallorca,Sociedad,2,0,H,2010-11_SP1.csv,RCD Mallorca,Real Sociedad,H,True
2010-11,2010-09-26,Santander,Getafe,0,1,A,2010-11_SP1.csv,Racing Santander,Getafe CF,A,True
2010-11,2010-09-27,Malaga,Villarreal,2,3,A,2010-11_SP1.csv,Málaga CF,Villarreal CF,A,True
2010-11,2010-10-02,Sociedad,Espanol,1,0,H,2010-11_SP1.csv,Real Sociedad,RCD Espanyol,H,True
2010-11,2010-10-02,Valencia,Ath Bilbao,2,1,H,2010-11_SP1.csv,Valencia CF,Athletic Bilbao,H,True
2010-11,2010-10-02,Zaragoza,Sp Gijon,2,2,D,2010-11_SP1.csv,Real Zaragoza,Sporting Gijón,D,True
2010-11,2010-10-03,Almeria,Malaga,1,1,D,2010-11_SP1.csv,UD Almería,Málaga CF,D,True
2010-11,2010-10-03,Barcelona,Mallorca,1,1,D,2010-11_SP1.csv,FC Barcelona,RCD Mallorca,D,True
2010-11,2010-10-03,Getafe,Hercules,3,0,H,2010-11_SP1.csv,Getafe CF,Hércules CF,H,True
2010-11,2010-10-03,Osasuna,Levante,1,1,D,2010-11_SP1.csv,CA Osasuna,Levante UD,D,True
2010-11,2010-10-03,Real Madrid,La Coruna,6,1,H,2010-11_SP1.csv,Real Madrid CF,Deportivo La Coruña,H,True
2010-11,2010-10-03,Sevilla,Ath Madrid,3,1,H,2010-11_SP1.csv,Sevilla FC,Club Atlético de Madrid,H,True
2010-11,2010-10-03,Villarreal,Santander,2,0,H,2010-11_SP1.csv,Villarreal CF,Racing Santander,H,True
2010-11,2010-10-16,Ath Madrid,Getafe,2,0,H,2010-11_SP1.csv,Club Atlético de Madrid,Getafe CF,H,True
2010-11,2010-10-16,Barcelona,Valencia,2,1,H,2010-11_SP1.csv,FC Barcelona,Valencia CF,H,True
2010-11,2010-10-16,Malaga,Real Madrid,1,4,A,2010-11_SP1.csv,Málaga CF,Real Madrid CF,A,True
2010-11,2010-10-17,Ath Bilbao,Zaragoza,2,1,H,2010-11_SP1.csv,Athletic Bilbao,Real Zaragoza,H,True
2010-11,2010-10-17,La Coruna,Osasuna,0,0,D,2010-11_SP1.csv,Deportivo La Coruña,CA Osasuna,D,True
2010-11,2010-10-17,Levante,Sociedad,2,1,H,2010-11_SP1.csv,Levante UD,Real Sociedad,H,True
2010-11,2010-10-17,Mallorca,Espanol,0,1,A,2010-11_SP1.csv,RCD Mallorca,RCD Espanyol,A,True
2010-11,2010-10-17,Santander,Almeria,1,0,H,2010-11_SP1.csv,Racing Santander,UD Almería,H,True
2010-11,2010-10-17,Sp Gijon,Sevilla,2,0,H,2010-11_SP1.csv,Sporting Gijón,Sevilla FC,H,True
2010-11,2010-10-18,Hercules,Villarreal,2,2,D,2010-11_SP1.csv,Hércules CF,Villarreal CF,D,True
2010-11,2010-10-23,Real Madrid,Santander,6,1,H,2010-11_SP1.csv,Real Madrid CF,Racing Santander,H,True
2010-11,2010-10-23,Valencia,Mallorca,1,2,A,2010-11_SP1.csv,Valencia CF,RCD Mallorca,A,True
2010-11,2010-10-23,Zaragoza,Barcelona,0,2,A,2010-11_SP1.csv,Real Zaragoza,FC Barcelona,A,True
2010-11,2010-10-24,Almeria,Hercules,1,1,D,2010-11_SP1.csv,UD Almería,Hércules CF,D,True
2010-11,2010-10-24,Espanol,Levante,2,1,H,2010-11_SP1.csv,RCD Espanyol,Levante UD,H,True
2010-11,2010-10-24,Getafe,Sp Gijon,3,0,H,2010-11_SP1.csv,Getafe CF,Sporting Gijón,H,True
2010-11,2010-10-24,Osasuna,Malaga,3,0,H,2010-11_SP1.csv,CA Osasuna,Málaga CF,H,True
2010-11,2010-10-24,Sevilla,Ath Bilbao,4,3,H,2010-11_SP1.csv,Sevilla FC,Athletic Bilbao,H,True
2010-11,2010-10-24,Villarreal,Ath Madrid,2,0,H,2010-11_SP1.csv,Villarreal CF,Club Atlético de Madrid,H,True
2010-11,2010-10-25,Sociedad,La Coruna,3,0,H,2010-11_SP1.csv,Real Sociedad,Deportivo La Coruña,H,True
2010-11,2010-10-30,Barcelona,Sevilla,5,0,H,2010-11_SP1.csv,FC Barcelona,Sevilla FC,H,True
2010-11,2010-10-30,Hercules,Real Madrid,1,3,A,2010-11_SP1.csv,Hércules CF,Real Madrid CF,A,True
2010-11,2010-10-30,Valencia,Zaragoza,1,1,D,2010-11_SP1.csv,Valencia CF,Real Zaragoza,D,True
2010-11,2010-10-31,Ath Bilbao,Getafe,3,0,H,2010-11_SP1.csv,Athletic Bilbao,Getafe CF,H,True
2010-11,2010-10-31,Ath Madrid,Almeria,1,1,D,2010-11_SP1.csv,Club Atlético de Madrid,UD Almería,D,True
2010-11,2010-10-31,La Coruna,Espanol,3,0,H,2010-11_SP1.csv,Deportivo La Coruña,RCD Espanyol,H,True
2010-11,2010-10-31,Malaga,Sociedad,1,2,A,2010-11_SP1.csv,Málaga CF,Real Sociedad,A,True
2010-11,2010-10-31,Santander,Osasuna,4,1,H,2010-11_SP1.csv,Racing Santander,CA Osasuna,H,True
2010-11,2010-10-31,Sp Gijon,Villarreal,1,1,D,2010-11_SP1.csv,Sporting Gijón,Villarreal CF,D,True
2010-11,2010-11-01,Mallorca,Levante,2,1,H,2010-11_SP1.csv,RCD Mallorca,Levante UD,H,True
2010-11,2010-11-06,Espanol,Malaga,1,0,H,2010-11_SP1.csv,RCD Espanyol,Málaga CF,H,True
2010-11,2010-11-06,Sociedad,Santander,1,0,H,2010-11_SP1.csv,Real Sociedad,Racing Santander,H,True
2010-11,2010-11-07,Almeria,Sp Gijon,1,1,D,2010-11_SP1.csv,UD Almería,Sporting Gijón,D,True
2010-11,2010-11-07,Getafe,Barcelona,1,3,A,2010-11_SP1.csv,Getafe CF,FC Barcelona,A,True
2010-11,2010-11-07,Levante,La Coruna,1,2,A,2010-11_SP1.csv,Levante UD,Deportivo La Coruña,A,True
2010-11,2010-11-07,Osasuna,Hercules,3,0,H,2010-11_SP1.csv,CA Osasuna,Hércules CF,H,True
2010-11,2010-11-07,Real Madrid,Ath Madrid,2,0,H,2010-11_SP1.csv,Real Madrid CF,Club Atlético de Madrid,H,True
2010-11,2010-11-07,Villarreal,Ath Bilbao,4,1,H,2010-11_SP1.csv,Villarreal CF,Athletic Bilbao,H,True
2010-11,2010-11-07,Zaragoza,Mallorca,3,2,H,2010-11_SP1.csv,Real Zaragoza,RCD Mallorca,H,True
2010-11,2010-11-08,Sevilla,Valencia,2,0,H,2010-11_SP1.csv,Sevilla FC,Valencia CF,H,True
2010-11,2010-11-13,Ath Bilbao,Almeria,1,0,H,2010-11_SP1.csv,Athletic Bilbao,UD Almería,H,True
2010-11,2010-11-13,Ath Madrid,Osasuna,3,0,H,2010-11_SP1.csv,Club Atlético de Madrid,CA Osasuna,H,True
2010-11,2010-11-13,Barcelona,Villarreal,3,1,H,2010-11_SP1.csv,FC Barcelona,Villarreal CF,H,True
2010-11,2010-11-14,Hercules,Sociedad,2,1,H,2010-11_SP1.csv,Hércules CF,Real Sociedad,H,True
2010-11,2010-11-14,Malaga,Levante,1,0,H,2010-11_SP1.csv,Málaga CF,Levante UD,H,True
2010-11,2010-11-14,Mallorca,La Coruna,0,0,D,2010-11_SP1.csv,RCD Mallorca,Deportivo La Coruña,D,True
2010-11,2010-11-14,Santander,Espanol,0,0,D,2010-11_SP1.csv,Racing Santander,RCD Espanyol,D,True
2010-11,2010-11-14,Sp Gijon,Real Madrid,0,1,A,2010-11_SP1.csv,Sporting Gijón,Real Madrid CF,A,True
2010-11,2010-11-14,Valencia,Getafe,2,0,H,2010-11_SP1.csv,Valencia CF,Getafe CF,H,True
2010-11,2010-11-14,Zaragoza,Sevilla,1,2,A,2010-11_SP1.csv,Real Zaragoza,Sevilla FC,A,True
2010-11,2010-11-20,Almeria,Barcelona,0,8,A,2010-11_SP1.csv,UD Almería,FC Barcelona,A,True
2010-11,2010-11-20,Real Madrid,Ath Bilbao,5,1,H,2010-11_SP1.csv,Real Madrid CF,Athletic Bilbao,H,True
2010-11,2010-11-20,Villarreal,Valencia,1,1,D,2010-11_SP1.csv,Villarreal CF,Valencia CF,D,True
2010-11,2010-11-21,Espanol,Hercules,3,0,H,2010-11_SP1.csv,RCD Espanyol,Hércules CF,H,True
2010-11,2010-11-21,La Coruna,Malaga,3,0,H,2010-11_SP1.csv,Deportivo La Coruña,Málaga CF,H,True
2010-11,2010-11-21,Levante,Santander,3,1,H,2010-11_SP1.csv,Levante UD,Racing Santander,H,True
2010-11,2010-11-21,Osasuna,Sp Gijon,1,0,H,2010-11_SP1.csv,CA Osasuna,Sporting Gijón,H,True
2010-11,2010-11-21,Sevilla,Mallorca,1,2,A,2010-11_SP1.csv,Sevilla FC,RCD Mallorca,A,True
2010-11,2010-11-21,Sociedad,Ath Madrid,2,4,A,2010-11_SP1.csv,Real Sociedad,Club Atlético de Madrid,A,True
2010-11,2010-11-22,Getafe,Zaragoza,1,1,D,2010-11_SP1.csv,Getafe CF,Real Zaragoza,D,True
2010-11,2010-11-27,Ath Madrid,Espanol,2,3,A,2010-11_SP1.csv,Club Atlético de Madrid,RCD Espanyol,A,True
2010-11,2010-11-27,Sevilla,Getafe,1,3,A,2010-11_SP1.csv,Sevilla FC,Getafe CF,A,True
2010-11,2010-11-27,Zaragoza,Villarreal,0,3,A,2010-11_SP1.csv,Real Zaragoza,Villarreal CF,A,True
2010-11,2010-11-28,Ath Bilbao,Osasuna,1,0,H,2010-11_SP1.csv,Athletic Bilbao,CA Osasuna,H,True
2010-11,2010-11-28,Hercules,Levante,3,1,H,2010-11_SP1.csv,Hércules CF,Levante UD,H,True
2010-11,2010-11-28,Mallorca,Malaga,2,0,H,2010-11_SP1.csv,RCD Mallorca,Málaga CF,H,True
2010-11,2010-11-28,Santander,La Coruna,1,0,H,2010-11_SP1.csv,Racing Santander,Deportivo La Coruña,H,True
2010-11,2010-11-28,Sp Gijon,Sociedad,1,3,A,2010-11_SP1.csv,Sporting Gijón,Real Sociedad,A,True
2010-11,2010-11-28,Valencia,Almeria,2,1,H,2010-11_SP1.csv,Valencia CF,UD Almería,H,True
2010-11,2010-11-29,Barcelona,Real Madrid,5,0,H,2010-11_SP1.csv,FC Barcelona,Real Madrid CF,H,True
2010-11,2010-12-04,Levante,Ath Madrid,2,0,H,2010-11_SP1.csv,Levante UD,Club Atlético de Madrid,H,True
2010-11,2010-12-04,Osasuna,Barcelona,0,3,A,2010-11_SP1.csv,CA Osasuna,FC Barcelona,A,True
2010-11,2010-12-04,Real Madrid,Valencia,2,0,H,2010-11_SP1.csv,Real Madrid CF,Valencia CF,H,True
2010-11,2010-12-05,Almeria,Zaragoza,1,1,D,2010-11_SP1.csv,UD Almería,Real Zaragoza,D,True
2010-11,2010-12-05,Espanol,Sp Gijon,1,0,H,2010-11_SP1.csv,RCD Espanyol,Sporting Gijón,H,True
2010-11,2010-12-05,Getafe,Mallorca,3,0,H,2010-11_SP1.csv,Getafe CF,RCD Mallorca,H,True
2010-11,2010-12-05,Malaga,Santander,4,1,H,2010-11_SP1.csv,Málaga CF,Racing Santander,H,True
2010-11,2010-12-05,Sociedad,Ath Bilbao,2,0,H,2010-11_SP1.csv,Real Sociedad,Athletic Bilbao,H,True
2010-11,2010-12-05,Villarreal,Sevilla,1,0,H,2010-11_SP1.csv,Villarreal CF,Sevilla FC,H,True
2010-11,2010-12-06,La Coruna,Hercules,1,0,H,2010-11_SP1.csv,Deportivo La Coruña,Hércules CF,H,True
2010-11,2010-12-11,Ath Madrid,La Coruna,2,0,H,2010-11_SP1.csv,Club Atlético de Madrid,Deportivo La Coruña,H,True
2010-11,2010-12-11,Getafe,Villarreal,1,0,H,2010-11_SP1.csv,Getafe CF,Villarreal CF,H,True
2010-11,2010-12-11,Sevilla,Almeria,1,3,A,2010-11_SP1.csv,Sevilla FC,UD Almería,A,True
2010-11,2010-12-12,Ath Bilbao,Espanol,2,1,H,2010-11_SP1.csv,Athletic Bilbao,RCD Espanyol,H,True
2010-11,2010-12-12,Barcelona,Sociedad,5,0,H,2010-11_SP1.csv,FC Barcelona,Real Sociedad,H,True
2010-11,2010-12-12,Hercules,Malaga,4,1,H,2010-11_SP1.csv,Hércules CF,Málaga CF,H,True
2010-11,2010-12-12,Mallorca,Santander,0,1,A,2010-11_SP1.csv,RCD Mallorca,Racing Santander,A,True
2010-11,2010-12-12,Sp Gijon,Levante,1,1,D,2010-11_SP1.csv,Sporting Gijón,Levante UD,D,True
2010-11,2010-12-12,Zaragoza,Real Madrid,1,3,A,2010-11_SP1.csv,Real Zaragoza,Real Madrid CF,A,True
2010-11,2010-12-13,Valencia,Osasuna,3,3,D,2010-11_SP1.csv,Valencia CF,CA Osasuna,D,True
2010-11,2010-12-18,Espanol,Barcelona,1,5,A,2010-11_SP1.csv,RCD Espanyol,FC Barcelona,A,True
2010-11,2010-12-18,La Coruna,Sp Gijon,1,1,D,2010-11_SP1.csv,Deportivo La Coruña,Sporting Gijón,D,True
2010-11,2010-12-18,Levante,Ath Bilbao,1,2,A,2010-11_SP1.csv,Levante UD,Athletic Bilbao,A,True
2010-11,2010-12-18,Sociedad,Valencia,1,2,A,2010-11_SP1.csv,Real Sociedad,Valencia CF,A,True
2010-11,2010-12-18,Villarreal,Mallorca,3,1,H,2010-11_SP1.csv,Villarreal CF,RCD Mallorca,H,True
2010-11,2010-12-19,Almeria,Getafe,2,3,A,2010-11_SP1.csv,UD Almería,Getafe CF,A,True
2010-11,2010-12-19,Malaga,Ath Madrid,0,3,A,2010-11_SP1.csv,Málaga CF,Club Atlético de Madrid,A,True
2010-11,2010-12-19,Osasuna,Zaragoza,0,0,D,2010-11_SP1.csv,CA Osasuna,Real Zaragoza,D,True
2010-11,2010-12-19,Real Madrid,Sevilla,1,0,H,2010-11_SP1.csv,Real Madrid CF,Sevilla FC,H,True
2010-11,2010-12-20,Santander,Hercules,0,0,D,2010-11_SP1.csv,Racing Santander,Hércules CF,D,True
2010-11,2011-01-02,Ath Bilbao,La Coruna,1,2,A,2010-11_SP1.csv,Athletic Bilbao,Deportivo La Coruña,A,True
2010-11,2011-01-02,Barcelona,Levante,2,1,H,2010-11_SP1.csv,FC Barcelona,Levante UD,H,True
2010-11,2011-01-02,Sevilla,Osasuna,1,0,H,2010-11_SP1.csv,Sevilla FC,CA Osasuna,H,True
2010-11,2011-01-02,Sp Gijon,Malaga,1,2,A,2010-11_SP1.csv,Sporting Gijón,Málaga CF,A,True
2010-11,2011-01-02,Valencia,Espanol,2,1,H,2010-11_SP1.csv,Valencia CF,RCD Espanyol,H,True
2010-11,2011-01-03,Ath Madrid,Santander,0,0,D,2010-11_SP1.csv,Club Atlético de Madrid,Racing Santander,D,True
2010-11,2011-01-03,Getafe,Real Madrid,2,3,A,2010-11_SP1.csv,Getafe CF,Real Madrid CF,A,True
2010-11,2011-01-03,Mallorca,Hercules,3,0,H,2010-11_SP1.csv,RCD Mallorca,Hércules CF,H,True
2010-11,2011-01-03,Villarreal,Almeria,2,0,H,2010-11_SP1.csv,Villarreal CF,UD Almería,H,True
2010-11,2011-01-03,Zaragoza,Sociedad,2,1,H,2010-11_SP1.csv,Real Zaragoza,Real Sociedad,H,True
2010-11,2011-01-08,La Coruna,Barcelona,0,4,A,2010-11_SP1.csv,Deportivo La Coruña,FC Barcelona,A,True
2010-11,2011-01-08,Malaga,Ath Bilbao,1,1,D,2010-11_SP1.csv,Málaga CF,Athletic Bilbao,D,True
2010-11,2011-01-08,Sociedad,Sevilla,2,3,A,2010-11_SP1.csv,Real Sociedad,Sevilla FC,A,True
2010-11,2011-01-09,Espanol,Zaragoza,4,0,H,2010-11_SP1.csv,RCD Espanyol,Real Zaragoza,H,True
2010-11,2011-01-09,Levante,Valencia,0,1,A,2010-11_SP1.csv,Levante UD,Valencia CF,A,True
2010-11,2011-01-09,Mallorca,Almeria,4,1,H,2010-11_SP1.csv,RCD Mallorca,UD Almería,H,True
2010-11,2011-01-09,Osasuna,Getafe,0,0,D,2010-11_SP1.csv,CA Osasuna,Getafe CF,D,True
2010-11,2011-01-09,Real Madrid,Villarreal,4,2,H,2010-11_SP1.csv,Real Madrid CF,Villarreal CF,H,True
2010-11,2011-01-09,Santander,Sp Gijon,1,1,D,2010-11_SP1.csv,Racing Santander,Sporting Gijón,D,True
2010-11,2011-01-10,Hercules,Ath Madrid,4,1,H,2010-11_SP1.csv,Hércules CF,Club Atlético de Madrid,H,True
2010-11,2011-01-15,Ath Bilbao,Santander,2,1,H,2010-11_SP1.csv,Athletic Bilbao,Racing Santander,H,True
2010-11,2011-01-15,Getafe,Sociedad,0,4,A,2010-11_SP1.csv,Getafe CF,Real Sociedad,A,True
2010-11,2011-01-15,Sevilla,Espanol,1,2,A,2010-11_SP1.csv,Sevilla FC,RCD Espanyol,A,True
2010-11,2011-01-15,Sp Gijon,Hercules,2,0,H,2010-11_SP1.csv,Sporting Gijón,Hércules CF,H,True
2010-11,2011-01-15,Villarreal,Osasuna,4,2,H,2010-11_SP1.csv,Villarreal CF,CA Osasuna,H,True
2010-11,2011-01-15,Zaragoza,Levante,1,0,H,2010-11_SP1.csv,Real Zaragoza,Levante UD,H,True
2010-11,2011-01-16,Almeria,Real Madrid,1,1,D,2010-11_SP1.csv,UD Almería,Real Madrid CF,D,True
2010-11,2011-01-16,Barcelona,Malaga,4,1,H,2010-11_SP1.csv,FC Barcelona,Málaga CF,H,True
2010-11,2011-01-16,Valencia,La Coruna,2,0,H,2010-11_SP1.csv,Valencia CF,Deportivo La Coruña,H,True
2010-11,2011-01-17,Ath Madrid,Mallorca,3,0,H,2010-11_SP1.csv,Club Atlético de Madrid,RCD Mallorca,H,True
2010-11,2011-01-22,Barcelona,Santander,3,0,H,2010-11_SP1.csv,FC Barcelona,Racing Santander,H,True
2010-11,2011-01-22,Sevilla,Levante,4,1,H,2010-11_SP1.csv,Sevilla FC,Levante UD,H,True
2010-11,2011-01-22,Valencia,Malaga,4,3,H,2010-11_SP1.csv,Valencia CF,Málaga CF,H,True
2010-11,2011-01-23,Almeria,Osasuna,3,2,H,2010-11_SP1.csv,UD Almería,CA Osasuna,H,True
2010-11,2011-01-23,Getafe,Espanol,1,3,A,2010-11_SP1.csv,Getafe CF,RCD Espanyol,A,True
2010-11,2011-01-23,Real Madrid,Mallorca,1,0,H,2010-11_SP1.csv,Real Madrid CF,RCD Mallorca,H,True
2010-11,2011-01-23,Sp Gijon,Ath Madrid,1,0,H,2010-11_SP1.csv,Sporting Gijón,Club Atlético de Madrid,H,True
2010-11,2011-01-23,Villarreal,Sociedad,2,1,H,2010-11_SP1.csv,Villarreal CF,Real Sociedad,H,True
2010-11,2011-01-23,Zaragoza,La Coruna,1,0,H,2010-11_SP1.csv,Real Zaragoza,Deportivo La Coruña,H,True
2010-11,2011-01-24,Ath Bilbao,Hercules,3,0,H,2010-11_SP1.csv,Athletic Bilbao,Hércules CF,H,True
2010-11,2011-01-29,Hercules,Barcelona,0,3,A,2010-11_SP1.csv,Hércules CF,FC Barcelona,A,True
2010-11,2011-01-29,La Coruna,Sevilla,3,3,D,2010-11_SP1.csv,Deportivo La Coruña,Sevilla FC,D,True
2010-11,2011-01-29,Levante,Getafe,2,0,H,2010-11_SP1.csv,Levante UD,Getafe CF,H,True
2010-11,2011-01-29,Malaga,Zaragoza,1,2,A,2010-11_SP1.csv,Málaga CF,Real Zaragoza,A,True
2010-11,2011-01-29,Mallorca,Sp Gijon,0,4,A,2010-11_SP1.csv,RCD Mallorca,Sporting Gijón,A,True
2010-11,2011-01-29,Sociedad,Almeria,2,0,H,2010-11_SP1.csv,Real Sociedad,UD Almería,H,True
2010-11,2011-01-30,Ath Madrid,Ath Bilbao,0,2,A,2010-11_SP1.csv,Club Atlético de Madrid,Athletic Bilbao,A,True
2010-11,2011-01-30,Espanol,Villarreal,0,1,A,2010-11_SP1.csv,RCD Espanyol,Villarreal CF,A,True
2010-11,2011-01-30,Osasuna,Real Madrid,1,0,H,2010-11_SP1.csv,CA Osasuna,Real Madrid CF,H,True
2010-11,2011-01-31,Santander,Valencia,1,1,D,2010-11_SP1.csv,Racing Santander,Valencia CF,D,True
2010-11,2011-02-05,Almeria,Espanol,3,2,H,2010-11_SP1.csv,UD Almería,RCD Espanyol,H,True
2010-11,2011-02-05,Ath Bilbao,Sp Gijon,3,0,H,2010-11_SP1.csv,Athletic Bilbao,Sporting Gijón,H,True
2010-11,2011-02-05,Barcelona,Ath Madrid,3,0,H,2010-11_SP1.csv,FC Barcelona,Club Atlético de Madrid,H,True
2010-11,2011-02-05,Getafe,La Coruna,4,1,H,2010-11_SP1.csv,Getafe CF,Deportivo La Coruña,H,True
2010-11,2011-02-05,Osasuna,Mallorca,1,1,D,2010-11_SP1.csv,CA Osasuna,RCD Mallorca,D,True
2010-11,2011-02-05,Villarreal,Levante,0,1,A,2010-11_SP1.csv,Villarreal CF,Levante UD,A,True
2010-11,2011-02-05,Zaragoza,Santander,1,1,D,2010-11_SP1.csv,Real Zaragoza,Racing Santander,D,True
2010-11,2011-02-06,Real Madrid,Sociedad,4,1,H,2010-11_SP1.csv,Real Madrid CF,Real Sociedad,H,True
2010-11,2011-02-06,Sevilla,Malaga,0,0,D,2010-11_SP1.csv,Sevilla FC,Málaga CF,D,True
2010-11,2011-02-06,Valencia,Hercules,2,0,H,2010-11_SP1.csv,Valencia CF,Hércules CF,H,True
2010-11,2011-02-12,Ath Madrid,Valencia,1,2,A,2010-11_SP1.csv,Club Atlético de Madrid,Valencia CF,A,True
2010-11,2011-02-12,Santander,Sevilla,3,2,H,2010-11_SP1.csv,Racing Santander,Sevilla FC,H,True
2010-11,2011-02-12,Sp Gijon,Barcelona,1,1,D,2010-11_SP1.csv,Sporting Gijón,FC Barcelona,D,True
2010-11,2011-02-13,Espanol,Real Madrid,0,1,A,2010-11_SP1.csv,RCD Espanyol,Real Madrid CF,A,True
2010-11,2011-02-13,Hercules,Zaragoza,2,1,H,2010-11_SP1.csv,Hércules CF,Real Zaragoza,H,True
2010-11,2011-02-13,La Coruna,Villarreal,1,0,H,2010-11_SP1.csv,Deportivo La Coruña,Villarreal CF,H,True
2010-11,2011-02-13,Levante,Almeria,1,0,H,2010-11_SP1.csv,Levante UD,UD Almería,H,True
2010-11,2011-02-13,Malaga,Getafe,2,2,D,2010-11_SP1.csv,Málaga CF,Getafe CF,D,True
2010-11,2011-02-13,Sociedad,Osasuna,1,0,H,2010-11_SP1.csv,Real Sociedad,CA Osasuna,H,True
2010-11,2011-02-14,Mallorca,Ath Bilbao,1,0,H,2010-11_SP1.csv,RCD Mallorca,Athletic Bilbao,H,True
2010-11,2011-02-19,Real Madrid,Levante,2,0,H,2010-11_SP1.csv,Real Madrid CF,Levante UD,H,True
2010-11,2011-02-19,Valencia,Sp Gijon,0,0,D,2010-11_SP1.csv,Valencia CF,Sporting Gijón,D,True
2010-11,2011-02-19,Zaragoza,Ath Madrid,0,1,A,2010-11_SP1.csv,Real Zaragoza,Club Atlético de Madrid,A,True
2010-11,2011-02-20,Almeria,La Coruna,1,1,D,2010-11_SP1.csv,UD Almería,Deportivo La Coruña,D,True
2010-11,2011-02-20,Barcelona,Ath Bilbao,2,1,H,2010-11_SP1.csv,FC Barcelona,Athletic Bilbao,H,True
2010-11,2011-02-20,Getafe,Santander,0,1,A,2010-11_SP1.csv,Getafe CF,Racing Santander,A,True
2010-11,2011-02-20,Osasuna,Espanol,4,0,H,2010-11_SP1.csv,CA Osasuna,RCD Espanyol,H,True
2010-11,2011-02-20,Sevilla,Hercules,1,0,H,2010-11_SP1.csv,Sevilla FC,Hércules CF,H,True
2010-11,2011-02-20,Villarreal,Malaga,1,1,D,2010-11_SP1.csv,Villarreal CF,Málaga CF,D,True
2010-11,2011-02-21,Sociedad,Mallorca,1,0,H,2010-11_SP1.csv,Real Sociedad,RCD Mallorca,H,True
2010-11,2011-02-26,Ath Madrid,Sevilla,2,2,D,2010-11_SP1.csv,Club Atlético de Madrid,Sevilla FC,D,True
2010-11,2011-02-26,Espanol,Sociedad,4,1,H,2010-11_SP1.csv,RCD Espanyol,Real Sociedad,H,True
2010-11,2011-02-26,La Coruna,Real Madrid,0,0,D,2010-11_SP1.csv,Deportivo La Coruña,Real Madrid CF,D,True
2010-11,2011-02-26,Mallorca,Barcelona,0,3,A,2010-11_SP1.csv,RCD Mallorca,FC Barcelona,A,True
2010-11,2011-02-26,Sp Gijon,Zaragoza,0,0,D,2010-11_SP1.csv,Sporting Gijón,Real Zaragoza,D,True
2010-11,2011-02-27,Ath Bilbao,Valencia,1,2,A,2010-11_SP1.csv,Athletic Bilbao,Valencia CF,A,True
2010-11,2011-02-27,Hercules,Getafe,0,0,D,2010-11_SP1.csv,Hércules CF,Getafe CF,D,True
2010-11,2011-02-27,Levante,Osasuna,2,1,H,2010-11_SP1.csv,Levante UD,CA Osasuna,H,True
2010-11,2011-02-27,Santander,Villarreal,2,2,D,2010-11_SP1.csv,Racing Santander,Villarreal CF,D,True
2010-11,2011-02-28,Malaga,Almeria,3,1,H,2010-11_SP1.csv,Málaga CF,UD Almería,H,True
2010-11,2011-03-01,Espanol,Mallorca,1,2,A,2010-11_SP1.csv,RCD Espanyol,RCD Mallorca,A,True
2010-11,2011-03-01,Sevilla,Sp Gijon,3,0,H,2010-11_SP1.csv,Sevilla FC,Sporting Gijón,H,True
2010-11,2011-03-02,Getafe,Ath Madrid,1,1,D,2010-11_SP1.csv,Getafe CF,Club Atlético de Madrid,D,True
2010-11,2011-03-02,Osasuna,La Coruna,0,0,D,2010-11_SP1.csv,CA Osasuna,Deportivo La Coruña,D,True
2010-11,2011-03-02,Sociedad,Levante,1,1,D,2010-11_SP1.csv,Real Sociedad,Levante UD,D,True
2010-11,2011-03-02,Valencia,Barcelona,0,1,A,2010-11_SP1.csv,Valencia CF,FC Barcelona,A,True
2010-11,2011-03-02,Villarreal,Hercules,1,0,H,2010-11_SP1.csv,Villarreal CF,Hércules CF,H,True
2010-11,2011-03-02,Zaragoza,Ath Bilbao,2,1,H,2010-11_SP1.csv,Real Zaragoza,Athletic Bilbao,H,True
2010-11,2011-03-03,Almeria,Santander,1,1,D,2010-11_SP1.csv,UD Almería,Racing Santander,D,True
2010-11,2011-03-03,Real Madrid,Malaga,7,0,H,2010-11_SP1.csv,Real Madrid CF,Málaga CF,H,True
2010-11,2011-03-05,Ath Madrid,Villarreal,3,1,H,2010-11_SP1.csv,Club Atlético de Madrid,Villarreal CF,H,True
2010-11,2011-03-05,Barcelona,Zaragoza,1,0,H,2010-11_SP1.csv,FC Barcelona,Real Zaragoza,H,True
2010-11,2011-03-05,Mallorca,Valencia,1,2,A,2010-11_SP1.csv,RCD Mallorca,Valencia CF,A,True
2010-11,2011-03-06,Ath Bilbao,Sevilla,2,0,H,2010-11_SP1.csv,Athletic Bilbao,Sevilla FC,H,True
2010-11,2011-03-06,Hercules,Almeria,1,2,A,2010-11_SP1.csv,Hércules CF,UD Almería,A,True
2010-11,2011-03-06,Levante,Espanol,1,0,H,2010-11_SP1.csv,Levante UD,RCD Espanyol,H,True
2010-11,2011-03-06,Malaga,Osasuna,0,1,A,2010-11_SP1.csv,Málaga CF,CA Osasuna,A,True
2010-11,2011-03-06,Santander,Real Madrid,1,3,A,2010-11_SP1.csv,Racing Santander,Real Madrid CF,A,True
2010-11,2011-03-06,Sp Gijon,Getafe,2,0,H,2010-11_SP1.csv,Sporting Gijón,Getafe CF,H,True
2010-11,2011-03-07,La Coruna,Sociedad,2,1,H,2010-11_SP1.csv,Deportivo La Coruña,Real Sociedad,H,True
2010-11,2011-03-12,Almeria,Ath Madrid,2,2,D,2010-11_SP1.csv,UD Almería,Club Atlético de Madrid,D,True
2010-11,2011-03-12,Real Madrid,Hercules,2,0,H,2010-11_SP1.csv,Real Madrid CF,Hércules CF,H,True
2010-11,2011-03-12,Zaragoza,Valencia,4,0,H,2010-11_SP1.csv,Real Zaragoza,Valencia CF,H,True
2010-11,2011-03-13,Espanol,La Coruna,2,0,H,2010-11_SP1.csv,RCD Espanyol,Deportivo La Coruña,H,True
2010-11,2011-03-13,Levante,Mallorca,1,1,D,2010-11_SP1.csv,Levante UD,RCD Mallorca,D,True
2010-11,2011-03-13,Osasuna,Santander,3,1,H,2010-11_SP1.csv,CA Osasuna,Racing Santander,H,True
2010-11,2011-03-13,Sevilla,Barcelona,1,1,D,2010-11_SP1.csv,Sevilla FC,FC Barcelona,D,True
2010-11,2011-03-13,Sociedad,Malaga,0,2,A,2010-11_SP1.csv,Real Sociedad,Málaga CF,A,True
2010-11,2011-03-13,Villarreal,Sp Gijon,1,1,D,2010-11_SP1.csv,Villarreal CF,Sporting Gijón,D,True
2010-11,2011-03-14,Getafe,Ath Bilbao,2,2,D,2010-11_SP1.csv,Getafe CF,Athletic Bilbao,D,True
2010-11,2011-03-19,Ath Madrid,Real Madrid,1,2,A,2010-11_SP1.csv,Club Atlético de Madrid,Real Madrid CF,A,True
2010-11,2011-03-19,Barcelona,Getafe,2,1,H,2010-11_SP1.csv,FC Barcelona,Getafe CF,H,True
2010-11,2011-03-19,Mallorca,Zaragoza,1,0,H,2010-11_SP1.csv,RCD Mallorca,Real Zaragoza,H,True
2010-11,2011-03-20,Ath Bilbao,Villarreal,0,1,A,2010-11_SP1.csv,Athletic Bilbao,Villarreal CF,A,True
2010-11,2011-03-20,Hercules,Osasuna,0,4,A,2010-11_SP1.csv,Hércules CF,CA Osasuna,A,True
2010-11,2011-03-20,La Coruna,Levante,0,1,A,2010-11_SP1.csv,Deportivo La Coruña,Levante UD,A,True
2010-11,2011-03-20,Malaga,Espanol,2,0,H,2010-11_SP1.csv,Málaga CF,RCD Espanyol,H,True
2010-11,2011-03-20,Santander,Sociedad,2,1,H,2010-11_SP1.csv,Racing Santander,Real Sociedad,H,True
2010-11,2011-03-20,Sp Gijon,Almeria,1,0,H,2010-11_SP1.csv,Sporting Gijón,UD Almería,H,True
2010-11,2011-03-20,Valencia,Sevilla,0,1,A,2010-11_SP1.csv,Valencia CF,Sevilla FC,A,True
2010-11,2011-04-02,Getafe,Valencia,2,4,A,2010-11_SP1.csv,Getafe CF,Valencia CF,A,True
2010-11,2011-04-02,Real Madrid,Sp Gijon,0,1,A,2010-11_SP1.csv,Real Madrid CF,Sporting Gijón,A,True
2010-11,2011-04-02,Villarreal,Barcelona,0,1,A,2010-11_SP1.csv,Villarreal CF,FC Barcelona,A,True
2010-11,2011-04-03,Espanol,Santander,1,2,A,2010-11_SP1.csv,RCD Espanyol,Racing Santander,A,True
2010-11,2011-04-03,La Coruna,Mallorca,2,1,H,2010-11_SP1.csv,Deportivo La Coruña,RCD Mallorca,H,True
2010-11,2011-04-03,Levante,Malaga,3,1,H,2010-11_SP1.csv,Levante UD,Málaga CF,H,True
2010-11,2011-04-03,Osasuna,Ath Madrid,2,3,A,2010-11_SP1.csv,CA Osasuna,Club Atlético de Madrid,A,True
2010-11,2011-04-03,Sevilla,Zaragoza,3,1,H,2010-11_SP1.csv,Sevilla FC,Real Zaragoza,H,True
2010-11,2011-04-03,Sociedad,Hercules,1,3,A,2010-11_SP1.csv,Real Sociedad,Hércules CF,A,True
2010-11,2011-04-04,Almeria,Ath Bilbao,1,3,A,2010-11_SP1.csv,UD Almería,Athletic Bilbao,A,True
2010-11,2011-04-09,Ath Bilbao,Real Madrid,0,3,A,2010-11_SP1.csv,Athletic Bilbao,Real Madrid CF,A,True
2010-11,2011-04-09,Barcelona,Almeria,3,1,H,2010-11_SP1.csv,FC Barcelona,UD Almería,H,True
2010-11,2011-04-09,Mallorca,Sevilla,2,2,D,2010-11_SP1.csv,RCD Mallorca,Sevilla FC,D,True
2010-11,2011-04-10,Ath Madrid,Sociedad,3,0,H,2010-11_SP1.csv,Club Atlético de Madrid,Real Sociedad,H,True
2010-11,2011-04-10,Hercules,Espanol,0,0,D,2010-11_SP1.csv,Hércules CF,RCD Espanyol,D,True
2010-11,2011-04-10,Malaga,La Coruna,0,0,D,2010-11_SP1.csv,Málaga CF,Deportivo La Coruña,D,True
2010-11,2011-04-10,Santander,Levante,1,1,D,2010-11_SP1.csv,Racing Santander,Levante UD,D,True
2010-11,2011-04-10,Sp Gijon,Osasuna,1,0,H,2010-11_SP1.csv,Sporting Gijón,CA Osasuna,H,True
2010-11,2011-04-10,Valencia,Villarreal,5,0,H,2010-11_SP1.csv,Valencia CF,Villarreal CF,H,True
2010-11,2011-04-11,Zaragoza,Getafe,2,1,H,2010-11_SP1.csv,Real Zaragoza,Getafe CF,H,True
2010-11,2011-04-16,Almeria,Valencia,0,3,A,2010-11_SP1.csv,UD Almería,Valencia CF,A,True
2010-11,2011-04-16,Getafe,Sevilla,1,0,H,2010-11_SP1.csv,Getafe CF,Sevilla FC,H,True
2010-11,2011-04-16,Malaga,Mallorca,3,0,H,2010-11_SP1.csv,Málaga CF,RCD Mallorca,H,True
2010-11,2011-04-16,Real Madrid,Barcelona,1,1,D,2010-11_SP1.csv,Real Madrid CF,FC Barcelona,D,True
2010-11,2011-04-17,Espanol,Ath Madrid,2,2,D,2010-11_SP1.csv,RCD Espanyol,Club Atlético de Madrid,D,True
2010-11,2011-04-17,La Coruna,Santander,2,0,H,2010-11_SP1.csv,Deportivo La Coruña,Racing Santander,H,True
2010-11,2011-04-17,Levante,Hercules,2,1,H,2010-11_SP1.csv,Levante UD,Hércules CF,H,True
2010-11,2011-04-17,Osasuna,Ath Bilbao,1,2,A,2010-11_SP1.csv,CA Osasuna,Athletic Bilbao,A,True
2010-11,2011-04-17,Sociedad,Sp Gijon,2,1,H,2010-11_SP1.csv,Real Sociedad,Sporting Gijón,H,True
2010-11,2011-04-18,Villarreal,Zaragoza,1,0,H,2010-11_SP1.csv,Villarreal CF,Real Zaragoza,H,True
2010-11,2011-04-23,Ath Bilbao,Sociedad,2,1,H,2010-11_SP1.csv,Athletic Bilbao,Real Sociedad,H,True
2010-11,2011-04-23,Barcelona,Osasuna,2,0,H,2010-11_SP1.csv,FC Barcelona,CA Osasuna,H,True
2010-11,2011-04-23,Valencia,Real Madrid,3,6,A,2010-11_SP1.csv,Valencia CF,Real Madrid CF,A,True
2010-11,2011-04-24,Ath Madrid,Levante,4,1,H,2010-11_SP1.csv,Club Atlético de Madrid,Levante UD,H,True
2010-11,2011-04-24,Hercules,La Coruna,1,0,H,2010-11_SP1.csv,Hércules CF,Deportivo La Coruña,H,True
2010-11,2011-04-24,Mallorca,Getafe,2,0,H,2010-11_SP1.csv,RCD Mallorca,Getafe CF,H,True
2010-11,2011-04-24,Santander,Malaga,1,2,A,2010-11_SP1.csv,Racing Santander,Málaga CF,A,True
2010-11,2011-04-24,Sevilla,Villarreal,3,2,H,2010-11_SP1.csv,Sevilla FC,Villarreal CF,H,True
2010-11,2011-04-24,Sp Gijon,Espanol,1,0,H,2010-11_SP1.csv,Sporting Gijón,RCD Espanyol,H,True
2010-11,2011-04-25,Zaragoza,Almeria,1,0,H,2010-11_SP1.csv,Real Zaragoza,UD Almería,H,True
2010-11,2011-04-30,La Coruna,Ath Madrid,0,1,A,2010-11_SP1.csv,Deportivo La Coruña,Club Atlético de Madrid,A,True
2010-11,2011-04-30,Real Madrid,Zaragoza,2,3,A,2010-11_SP1.csv,Real Madrid CF,Real Zaragoza,A,True
2010-11,2011-04-30,Sociedad,Barcelona,2,1,H,2010-11_SP1.csv,Real Sociedad,FC Barcelona,H,True
2010-11,2011-05-01,Almeria,Sevilla,0,1,A,2010-11_SP1.csv,UD Almería,Sevilla FC,A,True
2010-11,2011-05-01,Levante,Sp Gijon,0,0,D,2010-11_SP1.csv,Levante UD,Sporting Gijón,D,True
2010-11,2011-05-01,Malaga,Hercules,3,1,H,2010-11_SP1.csv,Málaga CF,Hércules CF,H,True
2010-11,2011-05-01,Osasuna,Valencia,1,0,H,2010-11_SP1.csv,CA Osasuna,Valencia CF,H,True
2010-11,2011-05-01,Santander,Mallorca,2,0,H,2010-11_SP1.csv,Racing Santander,RCD Mallorca,H,True
2010-11,2011-05-01,Villarreal,Getafe,2,1,H,2010-11_SP1.csv,Villarreal CF,Getafe CF,H,True
2010-11,2011-05-02,Espanol,Ath Bilbao,2,1,H,2010-11_SP1.csv,RCD Espanyol,Athletic Bilbao,H,True
2010-11,2011-05-07,Ath Bilbao,Levante,3,2,H,2010-11_SP1.csv,Athletic Bilbao,Levante UD,H,True
2010-11,2011-05-07,Ath Madrid,Malaga,0,3,A,2010-11_SP1.csv,Club Atlético de Madrid,Málaga CF,A,True
2010-11,2011-05-07,Getafe,Almeria,2,0,H,2010-11_SP1.csv,Getafe CF,UD Almería,H,True
2010-11,2011-05-07,Hercules,Santander,2,3,A,2010-11_SP1.csv,Hércules CF,Racing Santander,A,True
2010-11,2011-05-07,Sevilla,Real Madrid,2,6,A,2010-11_SP1.csv,Sevilla FC,Real Madrid CF,A,True
2010-11,2011-05-07,Sp Gijon,La Coruna,2,2,D,2010-11_SP1.csv,Sporting Gijón,Deportivo La Coruña,D,True
2010-11,2011-05-07,Valencia,Sociedad,3,0,H,2010-11_SP1.csv,Valencia CF,Real Sociedad,H,True
2010-11,2011-05-08,Barcelona,Espanol,2,0,H,2010-11_SP1.csv,FC Barcelona,RCD Espanyol,H,True
2010-11,2011-05-08,Mallorca,Villarreal,0,0,D,2010-11_SP1.csv,RCD Mallorca,Villarreal CF,D,True
2010-11,2011-05-08,Zaragoza,Osasuna,1,3,A,2010-11_SP1.csv,Real Zaragoza,CA Osasuna,A,True
2010-11,2011-05-10,La Coruna,Ath Bilbao,2,1,H,2010-11_SP1.csv,Deportivo La Coruña,Athletic Bilbao,H,True
2010-11,2011-05-10,Malaga,Sp Gijon,2,0,H,2010-11_SP1.csv,Málaga CF,Sporting Gijón,H,True
2010-11,2011-05-10,Real Madrid,Getafe,4,0,H,2010-11_SP1.csv,Real Madrid CF,Getafe CF,H,True
2010-11,2011-05-10,Santander,Ath Madrid,2,1,H,2010-11_SP1.csv,Racing Santander,Club Atlético de Madrid,H,True
2010-11,2011-05-11,Almeria,Villarreal,0,0,D,2010-11_SP1.csv,UD Almería,Villarreal CF,D,True
2010-11,2011-05-11,Espanol,Valencia,2,2,D,2010-11_SP1.csv,RCD Espanyol,Valencia CF,D,True
2010-11,2011-05-11,Hercules,Mallorca,2,2,D,2010-11_SP1.csv,Hércules CF,RCD Mallorca,D,True
2010-11,2011-05-11,Levante,Barcelona,1,1,D,2010-11_SP1.csv,Levante UD,FC Barcelona,D,True
2010-11,2011-05-11,Osasuna,Sevilla,3,2,H,2010-11_SP1.csv,CA Osasuna,Sevilla FC,H,True
2010-11,2011-05-11,Sociedad,Zaragoza,2,1,H,2010-11_SP1.csv,Real Sociedad,Real Zaragoza,H,True
2010-11,2011-05-15,Almeria,Mallorca,3,1,H,2010-11_SP1.csv,UD Almería,RCD Mallorca,H,True
2010-11,2011-05-15,Ath Bilbao,Malaga,1,1,D,2010-11_SP1.csv,Athletic Bilbao,Málaga CF,D,True
2010-11,2011-05-15,Ath Madrid,Hercules,2,1,H,2010-11_SP1.csv,Club Atlético de Madrid,Hércules CF,H,True
2010-11,2011-05-15,Barcelona,La Coruna,0,0,D,2010-11_SP1.csv,FC Barcelona,Deportivo La Coruña,D,True
2010-11,2011-05-15,Getafe,Osasuna,2,0,H,2010-11_SP1.csv,Getafe CF,CA Osasuna,H,True
2010-11,2011-05-15,Sevilla,Sociedad,3,1,H,2010-11_SP1.csv,Sevilla FC,Real Sociedad,H,True
2010-11,2011-05-15,Sp Gijon,Santander,2,1,H,2010-11_SP1.csv,Sporting Gijón,Racing Santander,H,True
2010-11,2011-05-15,Valencia,Levante,0,0,D,2010-11_SP1.csv,Valencia CF,Levante UD,D,True
2010-11,2011-05-15,Villarreal,Real Madrid,1,3,A,2010-11_SP1.csv,Villarreal CF,Real Madrid CF,A,True
2010-11,2011-05-15,Zaragoza,Espanol,1,0,H,2010-11_SP1.csv,Real Zaragoza,RCD Espanyol,H,True
2010-11,2011-05-21,Espanol,Sevilla,2,3,A,2010-11_SP1.csv,RCD Espanyol,Sevilla FC,A,True
2010-11,2011-05-21,Hercules,Sp Gijon,0,0,D,2010-11_SP1.csv,Hércules CF,Sporting Gijón,D,True
2010-11,2011-05-21,La Coruna,Valencia,0,2,A,2010-11_SP1.csv,Deportivo La Coruña,Valencia CF,A,True
2010-11,2011-05-21,Levante,Zaragoza,1,2,A,2010-11_SP1.csv,Levante UD,Real Zaragoza,A,True
2010-11,2011-05-21,Malaga,Barcelona,1,3,A,2010-11_SP1.csv,Málaga CF,FC Barcelona,A,True
2010-11,2011-05-21,Mallorca,Ath Madrid,3,4,A,2010-11_SP1.csv,RCD Mallorca,Club Atlético de Madrid,A,True
2010-11,2011-05-21,Osasuna,Villarreal,1,0,H,2010-11_SP1.csv,CA Osasuna,Villarreal CF,H,True
2010-11,2011-05-21,Real Madrid,Almeria,8,1,H,2010-11_SP1.csv,Real Madrid CF,UD Almería,H,True
2010-11,2011-05-21,Santander,Ath Bilbao,1,2,A,2010-11_SP1.csv,Racing Santander,Athletic Bilbao,A,True
2010-11,2011-05-21,Sociedad,Getafe,1,1,D,2010-11_SP1.csv,Real Sociedad,Getafe CF,D,True
2011-12,2011-08-27,Granada,Betis,0,1,A,2011-12_SP1.csv,Granada CF,Real Betis Balompié,A,True
2011-12,2011-08-27,Sp Gijon,Sociedad,1,2,A,2011-12_SP1.csv,Sporting Gijón,Real Sociedad,A,True
2011-12,2011-08-27,Valencia,Santander,4,3,H,2011-12_SP1.csv,Valencia CF,Racing Santander,H,True
2011-12,2011-08-28,Ath Bilbao,Vallecano,1,1,D,2011-12_SP1.csv,Athletic Bilbao,Rayo Vallecano,D,True
2011-12,2011-08-28,Ath Madrid,Osasuna,0,0,D,2011-12_SP1.csv,Club Atlético de Madrid,CA Osasuna,D,True
2011-12,2011-08-28,Getafe,Levante,1,1,D,2011-12_SP1.csv,Getafe CF,Levante UD,D,True
2011-12,2011-08-28,Mallorca,Espanol,1,0,H,2011-12_SP1.csv,RCD Mallorca,RCD Espanyol,H,True
2011-12,2011-08-28,Sevilla,Malaga,2,1,H,2011-12_SP1.csv,Sevilla FC,Málaga CF,H,True
2011-12,2011-08-28,Zaragoza,Real Madrid,0,6,A,2011-12_SP1.csv,Real Zaragoza,Real Madrid CF,A,True
2011-12,2011-08-29,Barcelona,Villarreal,5,0,H,2011-12_SP1.csv,FC Barcelona,Villarreal CF,H,True
2011-12,2011-09-10,Real Madrid,Getafe,4,2,H,2011-12_SP1.csv,Real Madrid CF,Getafe CF,H,True
2011-12,2011-09-10,Sociedad,Barcelona,2,2,D,2011-12_SP1.csv,Real Sociedad,FC Barcelona,D,True
2011-12,2011-09-10,Valencia,Ath Madrid,1,0,H,2011-12_SP1.csv,Valencia CF,Club Atlético de Madrid,H,True
2011-12,2011-09-10,Villarreal,Sevilla,2,2,D,2011-12_SP1.csv,Villarreal CF,Sevilla FC,D,True
2011-12,2011-09-11,Betis,Mallorca,1,0,H,2011-12_SP1.csv,Real Betis Balompié,RCD Mallorca,H,True
2011-12,2011-09-11,Espanol,Ath Bilbao,2,1,H,2011-12_SP1.csv,RCD Espanyol,Athletic Bilbao,H,True
2011-12,2011-09-11,Osasuna,Sp Gijon,2,1,H,2011-12_SP1.csv,CA Osasuna,Sporting Gijón,H,True
2011-12,2011-09-11,Santander,Levante,0,0,D,2011-12_SP1.csv,Racing Santander,Levante UD,D,True
2011-12,2011-09-11,Vallecano,Zaragoza,0,0,D,2011-12_SP1.csv,Rayo Vallecano,Real Zaragoza,D,True
2011-12,2011-09-12,Malaga,Granada,4,0,H,2011-12_SP1.csv,Málaga CF,Granada CF,H,True
2011-12,2011-09-17,Barcelona,Osasuna,8,0,H,2011-12_SP1.csv,FC Barcelona,CA Osasuna,H,True
2011-12,2011-09-17,Granada,Villarreal,1,0,H,2011-12_SP1.csv,Granada CF,Villarreal CF,H,True
2011-12,2011-09-17,Mallorca,Malaga,0,1,A,2011-12_SP1.csv,RCD Mallorca,Málaga CF,A,True
2011-12,2011-09-17,Sevilla,Sociedad,1,0,H,2011-12_SP1.csv,Sevilla FC,Real Sociedad,H,True
2011-12,2011-09-17,Sp Gijon,Valencia,0,1,A,2011-12_SP1.csv,Sporting Gijón,Valencia CF,A,True
2011-12,2011-09-18,Ath Bilbao,Betis,2,3,A,2011-12_SP1.csv,Athletic Bilbao,Real Betis Balompié,A,True
2011-12,2011-09-18,Ath Madrid,Santander,4,0,H,2011-12_SP1.csv,Club Atlético de Madrid,Racing Santander,H,True
2011-12,2011-09-18,Getafe,Vallecano,0,1,A,2011-12_SP1.csv,Getafe CF,Rayo Vallecano,A,True
2011-12,2011-09-18,Levante,Real Madrid,1,0,H,2011-12_SP1.csv,Levante UD,Real Madrid CF,H,True
2011-12,2011-09-18,Zaragoza,Espanol,2,1,H,2011-12_SP1.csv,Real Zaragoza,RCD Espanyol,H,True
2011-12,2011-09-20,Osasuna,Sevilla,0,0,D,2011-12_SP1.csv,CA Osasuna,Sevilla FC,D,True
2011-12,2011-09-20,Sociedad,Granada,1,0,H,2011-12_SP1.csv,Real Sociedad,Granada CF,H,True
2011-12,2011-09-20,Villarreal,Mallorca,2,0,H,2011-12_SP1.csv,Villarreal CF,RCD Mallorca,H,True
2011-12,2011-09-21,Ath Madrid,Sp Gijon,4,0,H,2011-12_SP1.csv,Club Atlético de Madrid,Sporting Gijón,H,True
2011-12,2011-09-21,Malaga,Ath Bilbao,1,0,H,2011-12_SP1.csv,Málaga CF,Athletic Bilbao,H,True
2011-12,2011-09-21,Santander,Real Madrid,0,0,D,2011-12_SP1.csv,Racing Santander,Real Madrid CF,D,True
2011-12,2011-09-21,Valencia,Barcelona,2,2,D,2011-12_SP1.csv,Valencia CF,FC Barcelona,D,True
2011-12,2011-09-21,Vallecano,Levante,1,2,A,2011-12_SP1.csv,Rayo Vallecano,Levante UD,A,True
2011-12,2011-09-22,Betis,Zaragoza,4,3,H,2011-12_SP1.csv,Real Betis Balompié,Real Zaragoza,H,True
2011-12,2011-09-22,Espanol,Getafe,1,0,H,2011-12_SP1.csv,RCD Espanyol,Getafe CF,H,True
2011-12,2011-09-24,Ath Bilbao,Villarreal,1,1,D,2011-12_SP1.csv,Athletic Bilbao,Villarreal CF,D,True
2011-12,2011-09-24,Barcelona,Ath Madrid,5,0,H,2011-12_SP1.csv,FC Barcelona,Club Atlético de Madrid,H,True
2011-12,2011-09-24,Real Madrid,Vallecano,6,2,H,2011-12_SP1.csv,Real Madrid CF,Rayo Vallecano,H,True
2011-12,2011-09-24,Sevilla,Valencia,1,0,H,2011-12_SP1.csv,Sevilla FC,Valencia CF,H,True
2011-12,2011-09-25,Granada,Osasuna,1,1,D,2011-12_SP1.csv,Granada CF,CA Osasuna,D,True
2011-12,2011-09-25,Levante,Espanol,3,1,H,2011-12_SP1.csv,Levante UD,RCD Espanyol,H,True
2011-12,2011-09-25,Mallorca,Sociedad,2,1,H,2011-12_SP1.csv,RCD Mallorca,Real Sociedad,H,True
2011-12,2011-09-25,Sp Gijon,Santander,0,0,D,2011-12_SP1.csv,Sporting Gijón,Racing Santander,D,True
2011-12,2011-09-25,Zaragoza,Malaga,0,0,D,2011-12_SP1.csv,Real Zaragoza,Málaga CF,D,True
2011-12,2011-09-26,Getafe,Betis,1,0,H,2011-12_SP1.csv,Getafe CF,Real Betis Balompié,H,True
2011-12,2011-10-01,Malaga,Getafe,3,2,H,2011-12_SP1.csv,Málaga CF,Getafe CF,H,True
2011-12,2011-10-01,Osasuna,Mallorca,2,2,D,2011-12_SP1.csv,CA Osasuna,RCD Mallorca,D,True
2011-12,2011-10-01,Santander,Vallecano,1,1,D,2011-12_SP1.csv,Racing Santander,Rayo Vallecano,D,True
2011-12,2011-10-01,Valencia,Granada,1,0,H,2011-12_SP1.csv,Valencia CF,Granada CF,H,True
2011-12,2011-10-01,Villarreal,Zaragoza,2,2,D,2011-12_SP1.csv,Villarreal CF,Real Zaragoza,D,True
2011-12,2011-10-02,Ath Madrid,Sevilla,0,0,D,2011-12_SP1.csv,Club Atlético de Madrid,Sevilla FC,D,True
2011-12,2011-10-02,Betis,Levante,0,1,A,2011-12_SP1.csv,Real Betis Balompié,Levante UD,A,True
2011-12,2011-10-02,Espanol,Real Madrid,0,4,A,2011-12_SP1.csv,RCD Espanyol,Real Madrid CF,A,True
2011-12,2011-10-02,Sociedad,Ath Bilbao,1,2,A,2011-12_SP1.csv,Real Sociedad,Athletic Bilbao,A,True
2011-12,2011-10-02,Sp Gijon,Barcelona,0,1,A,2011-12_SP1.csv,Sporting Gijón,FC Barcelona,A,True
2011-12,2011-10-15,Barcelona,Santander,3,0,H,2011-12_SP1.csv,FC Barcelona,Racing Santander,H,True
2011-12,2011-10-15,Getafe,Villarreal,0,0,D,2011-12_SP1.csv,Getafe CF,Villarreal CF,D,True
2011-12,2011-10-15,Granada,Ath Madrid,0,0,D,2011-12_SP1.csv,Granada CF,Club Atlético de Madrid,D,True
2011-12,2011-10-15,Mallorca,Valencia,1,1,D,2011-12_SP1.csv,RCD Mallorca,Valencia CF,D,True
2011-12,2011-10-15,Real Madrid,Betis,4,1,H,2011-12_SP1.csv,Real Madrid CF,Real Betis Balompié,H,True
2011-12,2011-10-16,Levante,Malaga,3,0,H,2011-12_SP1.csv,Levante UD,Málaga CF,H,True
2011-12,2011-10-16,Sevilla,Sp Gijon,2,1,H,2011-12_SP1.csv,Sevilla FC,Sporting Gijón,H,True
2011-12,2011-10-16,Vallecano,Espanol,0,1,A,2011-12_SP1.csv,Rayo Vallecano,RCD Espanyol,A,True
2011-12,2011-10-16,Zaragoza,Sociedad,2,0,H,2011-12_SP1.csv,Real Zaragoza,Real Sociedad,H,True
2011-12,2011-10-17,Ath Bilbao,Osasuna,3,1,H,2011-12_SP1.csv,Athletic Bilbao,CA Osasuna,H,True
2011-12,2011-10-22,Barcelona,Sevilla,0,0,D,2011-12_SP1.csv,FC Barcelona,Sevilla FC,D,True
2011-12,2011-10-22,Malaga,Real Madrid,0,4,A,2011-12_SP1.csv,Málaga CF,Real Madrid CF,A,True
2011-12,2011-10-22,Santander,Espanol,0,1,A,2011-12_SP1.csv,Racing Santander,RCD Espanyol,A,True
2011-12,2011-10-22,Sp Gijon,Granada,2,0,H,2011-12_SP1.csv,Sporting Gijón,Granada CF,H,True
2011-12,2011-10-23,Ath Madrid,Mallorca,1,1,D,2011-12_SP1.csv,Club Atlético de Madrid,RCD Mallorca,D,True
2011-12,2011-10-23,Betis,Vallecano,0,2,A,2011-12_SP1.csv,Real Betis Balompié,Rayo Vallecano,A,True
2011-12,2011-10-23,Osasuna,Zaragoza,3,0,H,2011-12_SP1.csv,CA Osasuna,Real Zaragoza,H,True
2011-12,2011-10-23,Sociedad,Getafe,0,0,D,2011-12_SP1.csv,Real Sociedad,Getafe CF,D,True
2011-12,2011-10-23,Valencia,Ath Bilbao,1,1,D,2011-12_SP1.csv,Valencia CF,Athletic Bilbao,D,True
2011-12,2011-10-23,Villarreal,Levante,0,3,A,2011-12_SP1.csv,Villarreal CF,Levante UD,A,True
2011-12,2011-10-25,Granada,Barcelona,0,1,A,2011-12_SP1.csv,Granada CF,FC Barcelona,A,True
2011-12,2011-10-25,Sevilla,Santander,2,2,D,2011-12_SP1.csv,Sevilla FC,Racing Santander,D,True
2011-12,2011-10-26,Getafe,Osasuna,2,2,D,2011-12_SP1.csv,Getafe CF,CA Osasuna,D,True
2011-12,2011-10-26,Levante,Sociedad,3,2,H,2011-12_SP1.csv,Levante UD,Real Sociedad,H,True
2011-12,2011-10-26,Mallorca,Sp Gijon,1,2,A,2011-12_SP1.csv,RCD Mallorca,Sporting Gijón,A,True
2011-12,2011-10-26,Real Madrid,Villarreal,3,0,H,2011-12_SP1.csv,Real Madrid CF,Villarreal CF,H,True
2011-12,2011-10-26,Vallecano,Malaga,2,0,H,2011-12_SP1.csv,Rayo Vallecano,Málaga CF,H,True
2011-12,2011-10-26,Zaragoza,Valencia,0,1,A,2011-12_SP1.csv,Real Zaragoza,Valencia CF,A,True
2011-12,2011-10-27,Ath Bilbao,Ath Madrid,3,0,H,2011-12_SP1.csv,Athletic Bilbao,Club Atlético de Madrid,H,True
2011-12,2011-10-27,Espanol,Betis,1,0,H,2011-12_SP1.csv,RCD Espanyol,Real Betis Balompié,H,True
2011-12,2011-10-29,Barcelona,Mallorca,5,0,H,2011-12_SP1.csv,FC Barcelona,RCD Mallorca,H,True
2011-12,2011-10-29,Sociedad,Real Madrid,0,1,A,2011-12_SP1.csv,Real Sociedad,Real Madrid CF,A,True
2011-12,2011-10-29,Valencia,Getafe,3,1,H,2011-12_SP1.csv,Valencia CF,Getafe CF,H,True
2011-12,2011-10-29,Villarreal,Vallecano,2,0,H,2011-12_SP1.csv,Villarreal CF,Rayo Vallecano,H,True
2011-12,2011-10-30,Ath Madrid,Zaragoza,3,1,H,2011-12_SP1.csv,Club Atlético de Madrid,Real Zaragoza,H,True
2011-12,2011-10-30,Malaga,Espanol,2,1,H,2011-12_SP1.csv,Málaga CF,RCD Espanyol,H,True
2011-12,2011-10-30,Osasuna,Levante,2,0,H,2011-12_SP1.csv,CA Osasuna,Levante UD,H,True
2011-12,2011-10-30,Santander,Betis,1,0,H,2011-12_SP1.csv,Racing Santander,Real Betis Balompié,H,True
2011-12,2011-10-30,Sp Gijon,Ath Bilbao,1,1,D,2011-12_SP1.csv,Sporting Gijón,Athletic Bilbao,D,True
2011-12,2011-10-31,Sevilla,Granada,1,2,A,2011-12_SP1.csv,Sevilla FC,Granada CF,A,True
2011-12,2011-11-05,Betis,Malaga,0,0,D,2011-12_SP1.csv,Real Betis Balompié,Málaga CF,D,True
2011-12,2011-11-05,Levante,Valencia,0,2,A,2011-12_SP1.csv,Levante UD,Valencia CF,A,True
2011-12,2011-11-05,Mallorca,Sevilla,0,0,D,2011-12_SP1.csv,RCD Mallorca,Sevilla FC,D,True
2011-12,2011-11-06,Ath Bilbao,Barcelona,2,2,D,2011-12_SP1.csv,Athletic Bilbao,FC Barcelona,D,True
2011-12,2011-11-06,Espanol,Villarreal,0,0,D,2011-12_SP1.csv,RCD Espanyol,Villarreal CF,D,True
2011-12,2011-11-06,Getafe,Ath Madrid,3,2,H,2011-12_SP1.csv,Getafe CF,Club Atlético de Madrid,H,True
2011-12,2011-11-06,Granada,Santander,0,0,D,2011-12_SP1.csv,Granada CF,Racing Santander,D,True
2011-12,2011-11-06,Real Madrid,Osasuna,7,1,H,2011-12_SP1.csv,Real Madrid CF,CA Osasuna,H,True
2011-12,2011-11-06,Vallecano,Sociedad,4,0,H,2011-12_SP1.csv,Rayo Vallecano,Real Sociedad,H,True
2011-12,2011-11-06,Zaragoza,Sp Gijon,2,2,D,2011-12_SP1.csv,Real Zaragoza,Sporting Gijón,D,True
2011-12,2011-11-19,Barcelona,Zaragoza,4,0,H,2011-12_SP1.csv,FC Barcelona,Real Zaragoza,H,True
2011-12,2011-11-19,Valencia,Real Madrid,2,3,A,2011-12_SP1.csv,Valencia CF,Real Madrid CF,A,True
2011-12,2011-11-19,Villarreal,Betis,1,0,H,2011-12_SP1.csv,Villarreal CF,Real Betis Balompié,H,True
2011-12,2011-11-20,Ath Madrid,Levante,3,2,H,2011-12_SP1.csv,Club Atlético de Madrid,Levante UD,H,True
2011-12,2011-11-20,Osasuna,Vallecano,0,0,D,2011-12_SP1.csv,CA Osasuna,Rayo Vallecano,D,True
2011-12,2011-11-20,Sevilla,Ath Bilbao,1,2,A,2011-12_SP1.csv,Sevilla FC,Athletic Bilbao,A,True
2011-12,2011-11-20,Sociedad,Espanol,0,0,D,2011-12_SP1.csv,Real Sociedad,RCD Espanyol,D,True
2011-12,2011-11-20,Sp Gijon,Getafe,2,1,H,2011-12_SP1.csv,Sporting Gijón,Getafe CF,H,True
2011-12,2011-11-21,Santander,Malaga,1,3,A,2011-12_SP1.csv,Racing Santander,Málaga CF,A,True
2011-12,2011-11-26,Getafe,Barcelona,1,0,H,2011-12_SP1.csv,Getafe CF,FC Barcelona,H,True
2011-12,2011-11-26,Real Madrid,Ath Madrid,4,1,H,2011-12_SP1.csv,Real Madrid CF,Club Atlético de Madrid,H,True
2011-12,2011-11-26,Vallecano,Valencia,1,2,A,2011-12_SP1.csv,Rayo Vallecano,Valencia CF,A,True
2011-12,2011-11-27,Ath Bilbao,Granada,0,1,A,2011-12_SP1.csv,Athletic Bilbao,Granada CF,A,True
2011-12,2011-11-27,Betis,Sociedad,2,3,A,2011-12_SP1.csv,Real Betis Balompié,Real Sociedad,A,True
2011-12,2011-11-27,Espanol,Osasuna,1,2,A,2011-12_SP1.csv,RCD Espanyol,CA Osasuna,A,True
2011-12,2011-11-27,Levante,Sp Gijon,4,0,H,2011-12_SP1.csv,Levante UD,Sporting Gijón,H,True
2011-12,2011-11-27,Mallorca,Santander,2,1,H,2011-12_SP1.csv,RCD Mallorca,Racing Santander,H,True
2011-12,2011-11-27,Zaragoza,Sevilla,0,1,A,2011-12_SP1.csv,Real Zaragoza,Sevilla FC,A,True
2011-12,2011-11-28,Malaga,Villarreal,2,1,H,2011-12_SP1.csv,Málaga CF,Villarreal CF,H,True
2011-12,2011-11-29,Barcelona,Vallecano,4,0,H,2011-12_SP1.csv,FC Barcelona,Rayo Vallecano,H,True
2011-12,2011-12-03,Barcelona,Levante,5,0,H,2011-12_SP1.csv,FC Barcelona,Levante UD,H,True
2011-12,2011-12-03,Santander,Villarreal,1,0,H,2011-12_SP1.csv,Racing Santander,Villarreal CF,H,True
2011-12,2011-12-03,Sp Gijon,Real Madrid,0,3,A,2011-12_SP1.csv,Sporting Gijón,Real Madrid CF,A,True
2011-12,2011-12-03,Valencia,Espanol,2,1,H,2011-12_SP1.csv,Valencia CF,RCD Espanyol,H,True
2011-12,2011-12-04,Ath Madrid,Vallecano,3,1,H,2011-12_SP1.csv,Club Atlético de Madrid,Rayo Vallecano,H,True
2011-12,2011-12-04,Granada,Zaragoza,1,0,H,2011-12_SP1.csv,Granada CF,Real Zaragoza,H,True
2011-12,2011-12-04,Mallorca,Ath Bilbao,1,1,D,2011-12_SP1.csv,RCD Mallorca,Athletic Bilbao,D,True
2011-12,2011-12-04,Osasuna,Betis,2,1,H,2011-12_SP1.csv,CA Osasuna,Real Betis Balompié,H,True
2011-12,2011-12-04,Sociedad,Malaga,3,2,H,2011-12_SP1.csv,Real Sociedad,Málaga CF,H,True
2011-12,2011-12-05,Sevilla,Getafe,3,0,H,2011-12_SP1.csv,Sevilla FC,Getafe CF,H,True
2011-12,2011-12-07,Granada,Mallorca,2,2,D,2011-12_SP1.csv,Granada CF,RCD Mallorca,D,True
2011-12,2011-12-10,Betis,Valencia,2,1,H,2011-12_SP1.csv,Real Betis Balompié,Valencia CF,H,True
2011-12,2011-12-10,Levante,Sevilla,1,0,H,2011-12_SP1.csv,Levante UD,Sevilla FC,H,True
2011-12,2011-12-10,Real Madrid,Barcelona,1,3,A,2011-12_SP1.csv,Real Madrid CF,FC Barcelona,A,True
2011-12,2011-12-11,Ath Bilbao,Santander,1,1,D,2011-12_SP1.csv,Athletic Bilbao,Racing Santander,D,True
2011-12,2011-12-11,Espanol,Ath Madrid,4,2,H,2011-12_SP1.csv,RCD Espanyol,Club Atlético de Madrid,H,True
2011-12,2011-12-11,Getafe,Granada,1,0,H,2011-12_SP1.csv,Getafe CF,Granada CF,H,True
2011-12,2011-12-11,Malaga,Osasuna,1,1,D,2011-12_SP1.csv,Málaga CF,CA Osasuna,D,True
2011-12,2011-12-11,Vallecano,Sp Gijon,1,3,A,2011-12_SP1.csv,Rayo Vallecano,Sporting Gijón,A,True
2011-12,2011-12-11,Villarreal,Sociedad,1,1,D,2011-12_SP1.csv,Villarreal CF,Real Sociedad,D,True
2011-12,2011-12-11,Zaragoza,Mallorca,0,1,A,2011-12_SP1.csv,Real Zaragoza,RCD Mallorca,A,True
2011-12,2011-12-17,Ath Bilbao,Zaragoza,2,1,H,2011-12_SP1.csv,Athletic Bilbao,Real Zaragoza,H,True
2011-12,2011-12-17,Mallorca,Getafe,1,2,A,2011-12_SP1.csv,RCD Mallorca,Getafe CF,A,True
2011-12,2011-12-17,Sevilla,Real Madrid,2,6,A,2011-12_SP1.csv,Sevilla FC,Real Madrid CF,A,True
2011-12,2011-12-17,Sp Gijon,Espanol,1,2,A,2011-12_SP1.csv,Sporting Gijón,RCD Espanyol,A,True
2011-12,2011-12-18,Ath Madrid,Betis,0,2,A,2011-12_SP1.csv,Club Atlético de Madrid,Real Betis Balompié,A,True
2011-12,2011-12-18,Granada,Levante,2,1,H,2011-12_SP1.csv,Granada CF,Levante UD,H,True
2011-12,2011-12-18,Osasuna,Villarreal,2,1,H,2011-12_SP1.csv,CA Osasuna,Villarreal CF,H,True
2011-12,2011-12-18,Santander,Sociedad,0,0,D,2011-12_SP1.csv,Racing Santander,Real Sociedad,D,True
2011-12,2011-12-18,Valencia,Malaga,2,0,H,2011-12_SP1.csv,Valencia CF,Málaga CF,H,True
2011-12,2012-01-07,Levante,Mallorca,0,0,D,2011-12_SP1.csv,Levante UD,RCD Mallorca,D,True
2011-12,2012-01-07,Malaga,Ath Madrid,0,0,D,2011-12_SP1.csv,Málaga CF,Club Atlético de Madrid,D,True
2011-12,2012-01-07,Real Madrid,Granada,5,1,H,2011-12_SP1.csv,Real Madrid CF,Granada CF,H,True
2011-12,2012-01-07,Santander,Zaragoza,1,0,H,2011-12_SP1.csv,Racing Santander,Real Zaragoza,H,True
2011-12,2012-01-07,Sociedad,Osasuna,0,0,D,2011-12_SP1.csv,Real Sociedad,CA Osasuna,D,True
2011-12,2012-01-08,Betis,Sp Gijon,2,0,H,2011-12_SP1.csv,Real Betis Balompié,Sporting Gijón,H,True
2011-12,2012-01-08,Espanol,Barcelona,1,1,D,2011-12_SP1.csv,RCD Espanyol,FC Barcelona,D,True
2011-12,2012-01-08,Getafe,Ath Bilbao,0,0,D,2011-12_SP1.csv,Getafe CF,Athletic Bilbao,D,True
2011-12,2012-01-08,Vallecano,Sevilla,2,1,H,2011-12_SP1.csv,Rayo Vallecano,Sevilla FC,H,True
2011-12,2012-01-08,Villarreal,Valencia,2,2,D,2011-12_SP1.csv,Villarreal CF,Valencia CF,D,True
2011-12,2012-01-14,Granada,Vallecano,1,2,A,2011-12_SP1.csv,Granada CF,Rayo Vallecano,A,True
2011-12,2012-01-14,Mallorca,Real Madrid,1,2,A,2011-12_SP1.csv,RCD Mallorca,Real Madrid CF,A,True
2011-12,2012-01-14,Sevilla,Espanol,0,0,D,2011-12_SP1.csv,Sevilla FC,RCD Espanyol,D,True
2011-12,2012-01-14,Valencia,Sociedad,0,1,A,2011-12_SP1.csv,Valencia CF,Real Sociedad,A,True
2011-12,2012-01-14,Zaragoza,Getafe,1,1,D,2011-12_SP1.csv,Real Zaragoza,Getafe CF,D,True
2011-12,2012-01-15,Ath Bilbao,Levante,3,0,H,2011-12_SP1.csv,Athletic Bilbao,Levante UD,H,True
2011-12,2012-01-15,Ath Madrid,Villarreal,3,0,H,2011-12_SP1.csv,Club Atlético de Madrid,Villarreal CF,H,True
2011-12,2012-01-15,Barcelona,Betis,4,2,H,2011-12_SP1.csv,FC Barcelona,Real Betis Balompié,H,True
2011-12,2012-01-15,Osasuna,Santander,0,2,A,2011-12_SP1.csv,CA Osasuna,Racing Santander,A,True
2011-12,2012-01-15,Sp Gijon,Malaga,2,1,H,2011-12_SP1.csv,Sporting Gijón,Málaga CF,H,True
2011-12,2012-01-21,Betis,Sevilla,1,1,D,2011-12_SP1.csv,Real Betis Balompié,Sevilla FC,D,True
2011-12,2012-01-21,Espanol,Granada,3,0,H,2011-12_SP1.csv,RCD Espanyol,Granada CF,H,True
2011-12,2012-01-21,Santander,Getafe,1,2,A,2011-12_SP1.csv,Racing Santander,Getafe CF,A,True
2011-12,2012-01-21,Sociedad,Ath Madrid,0,4,A,2011-12_SP1.csv,Real Sociedad,Club Atlético de Madrid,A,True
2011-12,2012-01-22,Levante,Zaragoza,0,0,D,2011-12_SP1.csv,Levante UD,Real Zaragoza,D,True
2011-12,2012-01-22,Malaga,Barcelona,1,4,A,2011-12_SP1.csv,Málaga CF,FC Barcelona,A,True
2011-12,2012-01-22,Osasuna,Valencia,1,1,D,2011-12_SP1.csv,CA Osasuna,Valencia CF,D,True
2011-12,2012-01-22,Real Madrid,Ath Bilbao,4,1,H,2011-12_SP1.csv,Real Madrid CF,Athletic Bilbao,H,True
2011-12,2012-01-22,Vallecano,Mallorca,0,1,A,2011-12_SP1.csv,Rayo Vallecano,RCD Mallorca,A,True
2011-12,2012-01-23,Villarreal,Sp Gijon,3,0,H,2011-12_SP1.csv,Villarreal CF,Sporting Gijón,H,True
2011-12,2012-01-28,Espanol,Mallorca,1,0,H,2011-12_SP1.csv,RCD Espanyol,RCD Mallorca,H,True
2011-12,2012-01-28,Real Madrid,Zaragoza,3,1,H,2011-12_SP1.csv,Real Madrid CF,Real Zaragoza,H,True
2011-12,2012-01-28,Vallecano,Ath Bilbao,2,3,A,2011-12_SP1.csv,Rayo Vallecano,Athletic Bilbao,A,True
2011-12,2012-01-28,Villarreal,Barcelona,0,0,D,2011-12_SP1.csv,Villarreal CF,FC Barcelona,D,True
2011-12,2012-01-29,Betis,Granada,1,2,A,2011-12_SP1.csv,Real Betis Balompié,Granada CF,A,True
2011-12,2012-01-29,Levante,Getafe,1,2,A,2011-12_SP1.csv,Levante UD,Getafe CF,A,True
2011-12,2012-01-29,Malaga,Sevilla,2,1,H,2011-12_SP1.csv,Málaga CF,Sevilla FC,H,True
2011-12,2012-01-29,Santander,Valencia,2,2,D,2011-12_SP1.csv,Racing Santander,Valencia CF,D,True
2011-12,2012-01-29,Sociedad,Sp Gijon,5,1,H,2011-12_SP1.csv,Real Sociedad,Sporting Gijón,H,True
2011-12,2012-01-30,Osasuna,Ath Madrid,0,1,A,2011-12_SP1.csv,CA Osasuna,Club Atlético de Madrid,A,True
2011-12,2012-02-04,Ath Bilbao,Espanol,3,3,D,2011-12_SP1.csv,Athletic Bilbao,RCD Espanyol,D,True
2011-12,2012-02-04,Barcelona,Sociedad,2,1,H,2011-12_SP1.csv,FC Barcelona,Real Sociedad,H,True
2011-12,2012-02-04,Getafe,Real Madrid,0,1,A,2011-12_SP1.csv,Getafe CF,Real Madrid CF,A,True
2011-12,2012-02-04,Levante,Santander,1,1,D,2011-12_SP1.csv,Levante UD,Racing Santander,D,True
2011-12,2012-02-04,Mallorca,Betis,1,0,H,2011-12_SP1.csv,RCD Mallorca,Real Betis Balompié,H,True
2011-12,2012-02-05,Ath Madrid,Valencia,0,0,D,2011-12_SP1.csv,Club Atlético de Madrid,Valencia CF,D,True
2011-12,2012-02-05,Sevilla,Villarreal,1,2,A,2011-12_SP1.csv,Sevilla FC,Villarreal CF,A,True
2011-12,2012-02-05,Sp Gijon,Osasuna,1,1,D,2011-12_SP1.csv,Sporting Gijón,CA Osasuna,D,True
2011-12,2012-02-05,Zaragoza,Vallecano,1,2,A,2011-12_SP1.csv,Real Zaragoza,Rayo Vallecano,A,True
2011-12,2012-02-06,Granada,Malaga,2,1,H,2011-12_SP1.csv,Granada CF,Málaga CF,H,True
2011-12,2012-02-11,Betis,Ath Bilbao,2,1,H,2011-12_SP1.csv,Real Betis Balompié,Athletic Bilbao,H,True
2011-12,2012-02-11,Osasuna,Barcelona,3,2,H,2011-12_SP1.csv,CA Osasuna,FC Barcelona,H,True
2011-12,2012-02-11,Santander,Ath Madrid,0,0,D,2011-12_SP1.csv,Racing Santander,Club Atlético de Madrid,D,True
2011-12,2012-02-12,Espanol,Zaragoza,0,2,A,2011-12_SP1.csv,RCD Espanyol,Real Zaragoza,A,True
2011-12,2012-02-12,Malaga,Mallorca,3,1,H,2011-12_SP1.csv,Málaga CF,RCD Mallorca,H,True
2011-12,2012-02-12,Real Madrid,Levante,4,2,H,2011-12_SP1.csv,Real Madrid CF,Levante UD,H,True
2011-12,2012-02-12,Valencia,Sp Gijon,4,0,H,2011-12_SP1.csv,Valencia CF,Sporting Gijón,H,True
2011-12,2012-02-12,Vallecano,Getafe,2,0,H,2011-12_SP1.csv,Rayo Vallecano,Getafe CF,H,True
2011-12,2012-02-12,Villarreal,Granada,3,1,H,2011-12_SP1.csv,Villarreal CF,Granada CF,H,True
2011-12,2012-02-13,Sociedad,Sevilla,2,0,H,2011-12_SP1.csv,Real Sociedad,Sevilla FC,H,True
2011-12,2012-02-18,Getafe,Espanol,1,1,D,2011-12_SP1.csv,Getafe CF,RCD Espanyol,D,True
2011-12,2012-02-18,Real Madrid,Santander,4,0,H,2011-12_SP1.csv,Real Madrid CF,Racing Santander,H,True
2011-12,2012-02-18,Sevilla,Osasuna,2,0,H,2011-12_SP1.csv,Sevilla FC,CA Osasuna,H,True
2011-12,2012-02-19,Ath Bilbao,Malaga,3,0,H,2011-12_SP1.csv,Athletic Bilbao,Málaga CF,H,True
2011-12,2012-02-19,Barcelona,Valencia,5,1,H,2011-12_SP1.csv,FC Barcelona,Valencia CF,H,True
2011-12,2012-02-19,Granada,Sociedad,4,1,H,2011-12_SP1.csv,Granada CF,Real Sociedad,H,True
2011-12,2012-02-19,Levante,Vallecano,3,5,A,2011-12_SP1.csv,Levante UD,Rayo Vallecano,A,True
2011-12,2012-02-19,Mallorca,Villarreal,4,0,H,2011-12_SP1.csv,RCD Mallorca,Villarreal CF,H,True
2011-12,2012-02-19,Sp Gijon,Ath Madrid,1,1,D,2011-12_SP1.csv,Sporting Gijón,Club Atlético de Madrid,D,True
2011-12,2012-02-20,Zaragoza,Betis,0,2,A,2011-12_SP1.csv,Real Zaragoza,Real Betis Balompié,A,True
2011-12,2012-02-25,Betis,Getafe,1,1,D,2011-12_SP1.csv,Real Betis Balompié,Getafe CF,D,True
2011-12,2012-02-25,Espanol,Levante,1,2,A,2011-12_SP1.csv,RCD Espanyol,Levante UD,A,True
2011-12,2012-02-25,Malaga,Zaragoza,5,1,H,2011-12_SP1.csv,Málaga CF,Real Zaragoza,H,True
2011-12,2012-02-25,Santander,Sp Gijon,1,1,D,2011-12_SP1.csv,Racing Santander,Sporting Gijón,D,True
2011-12,2012-02-26,Ath Madrid,Barcelona,1,2,A,2011-12_SP1.csv,Club Atlético de Madrid,FC Barcelona,A,True
2011-12,2012-02-26,Osasuna,Granada,2,1,H,2011-12_SP1.csv,CA Osasuna,Granada CF,H,True
2011-12,2012-02-26,Sociedad,Mallorca,1,0,H,2011-12_SP1.csv,Real Sociedad,RCD Mallorca,H,True
2011-12,2012-02-26,Valencia,Sevilla,1,2,A,2011-12_SP1.csv,Valencia CF,Sevilla FC,A,True
2011-12,2012-02-26,Vallecano,Real Madrid,0,1,A,2011-12_SP1.csv,Rayo Vallecano,Real Madrid CF,A,True
2011-12,2012-02-26,Villarreal,Ath Bilbao,2,2,D,2011-12_SP1.csv,Villarreal CF,Athletic Bilbao,D,True
2011-12,2012-03-03,Barcelona,Sp Gijon,3,1,H,2011-12_SP1.csv,FC Barcelona,Sporting Gijón,H,True
2011-12,2012-03-03,Getafe,Malaga,1,3,A,2011-12_SP1.csv,Getafe CF,Málaga CF,A,True
2011-12,2012-03-03,Mallorca,Osasuna,1,1,D,2011-12_SP1.csv,RCD Mallorca,CA Osasuna,D,True
2011-12,2012-03-03,Sevilla,Ath Madrid,1,1,D,2011-12_SP1.csv,Sevilla FC,Club Atlético de Madrid,D,True
2011-12,2012-03-03,Vallecano,Santander,4,2,H,2011-12_SP1.csv,Rayo Vallecano,Racing Santander,H,True
2011-12,2012-03-04,Ath Bilbao,Sociedad,2,0,H,2011-12_SP1.csv,Athletic Bilbao,Real Sociedad,H,True
2011-12,2012-03-04,Granada,Valencia,0,1,A,2011-12_SP1.csv,Granada CF,Valencia CF,A,True
2011-12,2012-03-04,Real Madrid,Espanol,5,0,H,2011-12_SP1.csv,Real Madrid CF,RCD Espanyol,H,True
2011-12,2012-03-04,Zaragoza,Villarreal,2,1,H,2011-12_SP1.csv,Real Zaragoza,Villarreal CF,H,True
2011-12,2012-03-05,Levante,Betis,3,1,H,2011-12_SP1.csv,Levante UD,Real Betis Balompié,H,True
2011-12,2012-03-10,Betis,Real Madrid,2,3,A,2011-12_SP1.csv,Real Betis Balompié,Real Madrid CF,A,True
2011-12,2012-03-10,Malaga,Levante,1,0,H,2011-12_SP1.csv,Málaga CF,Levante UD,H,True
2011-12,2012-03-10,Sociedad,Zaragoza,3,0,H,2011-12_SP1.csv,Real Sociedad,Real Zaragoza,H,True
2011-12,2012-03-10,Sp Gijon,Sevilla,1,0,H,2011-12_SP1.csv,Sporting Gijón,Sevilla FC,H,True
2011-12,2012-03-11,Ath Madrid,Granada,2,0,H,2011-12_SP1.csv,Club Atlético de Madrid,Granada CF,H,True
2011-12,2012-03-11,Espanol,Vallecano,5,1,H,2011-12_SP1.csv,RCD Espanyol,Rayo Vallecano,H,True
2011-12,2012-03-11,Osasuna,Ath Bilbao,2,1,H,2011-12_SP1.csv,CA Osasuna,Athletic Bilbao,H,True
2011-12,2012-03-11,Santander,Barcelona,0,2,A,2011-12_SP1.csv,Racing Santander,FC Barcelona,A,True
2011-12,2012-03-11,Valencia,Mallorca,2,2,D,2011-12_SP1.csv,Valencia CF,RCD Mallorca,D,True
2011-12,2012-03-12,Villarreal,Getafe,1,2,A,2011-12_SP1.csv,Villarreal CF,Getafe CF,A,True
2011-12,2012-03-17,Getafe,Sociedad,1,0,H,2011-12_SP1.csv,Getafe CF,Real Sociedad,H,True
2011-12,2012-03-17,Granada,Sp Gijon,2,1,H,2011-12_SP1.csv,Granada CF,Sporting Gijón,H,True
2011-12,2012-03-17,Sevilla,Barcelona,0,2,A,2011-12_SP1.csv,Sevilla FC,FC Barcelona,A,True
2011-12,2012-03-17,Vallecano,Betis,3,0,H,2011-12_SP1.csv,Rayo Vallecano,Real Betis Balompié,H,True
2011-12,2012-03-17,Zaragoza,Osasuna,1,1,D,2011-12_SP1.csv,Real Zaragoza,CA Osasuna,D,True
2011-12,2012-03-18,Ath Bilbao,Valencia,0,3,A,2011-12_SP1.csv,Athletic Bilbao,Valencia CF,A,True
2011-12,2012-03-18,Levante,Villarreal,1,0,H,2011-12_SP1.csv,Levante UD,Villarreal CF,H,True
2011-12,2012-03-18,Mallorca,Ath Madrid,2,1,H,2011-12_SP1.csv,RCD Mallorca,Club Atlético de Madrid,H,True
2011-12,2012-03-18,Real Madrid,Malaga,1,1,D,2011-12_SP1.csv,Real Madrid CF,Málaga CF,D,True
2011-12,2012-03-19,Espanol,Santander,3,1,H,2011-12_SP1.csv,RCD Espanyol,Racing Santander,H,True
2011-12,2012-03-20,Barcelona,Granada,5,3,H,2011-12_SP1.csv,FC Barcelona,Granada CF,H,True
2011-12,2012-03-20,Osasuna,Getafe,0,0,D,2011-12_SP1.csv,CA Osasuna,Getafe CF,D,True
2011-12,2012-03-21,Ath Madrid,Ath Bilbao,2,1,H,2011-12_SP1.csv,Club Atlético de Madrid,Athletic Bilbao,H,True
2011-12,2012-03-21,Sociedad,Levante,1,3,A,2011-12_SP1.csv,Real Sociedad,Levante UD,A,True
2011-12,2012-03-21,Sp Gijon,Mallorca,2,3,A,2011-12_SP1.csv,Sporting Gijón,RCD Mallorca,A,True
2011-12,2012-03-21,Valencia,Zaragoza,1,2,A,2011-12_SP1.csv,Valencia CF,Real Zaragoza,A,True
2011-12,2012-03-21,Villarreal,Real Madrid,1,1,D,2011-12_SP1.csv,Villarreal CF,Real Madrid CF,D,True
2011-12,2012-03-22,Betis,Espanol,1,1,D,2011-12_SP1.csv,Real Betis Balompié,RCD Espanyol,D,True
2011-12,2012-03-22,Malaga,Vallecano,4,2,H,2011-12_SP1.csv,Málaga CF,Rayo Vallecano,H,True
2011-12,2012-03-22,Santander,Sevilla,0,3,A,2011-12_SP1.csv,Racing Santander,Sevilla FC,A,True
2011-12,2012-03-24,Getafe,Valencia,3,1,H,2011-12_SP1.csv,Getafe CF,Valencia CF,H,True
2011-12,2012-03-24,Mallorca,Barcelona,0,2,A,2011-12_SP1.csv,RCD Mallorca,FC Barcelona,A,True
2011-12,2012-03-24,Real Madrid,Sociedad,5,1,H,2011-12_SP1.csv,Real Madrid CF,Real Sociedad,H,True
2011-12,2012-03-25,Ath Bilbao,Sp Gijon,1,1,D,2011-12_SP1.csv,Athletic Bilbao,Sporting Gijón,D,True
2011-12,2012-03-25,Betis,Santander,1,1,D,2011-12_SP1.csv,Real Betis Balompié,Racing Santander,D,True
2011-12,2012-03-25,Espanol,Malaga,1,2,A,2011-12_SP1.csv,RCD Espanyol,Málaga CF,A,True
2011-12,2012-03-25,Levante,Osasuna,0,2,A,2011-12_SP1.csv,Levante UD,CA Osasuna,A,True
2011-12,2012-03-25,Vallecano,Villarreal,0,2,A,2011-12_SP1.csv,Rayo Vallecano,Villarreal CF,A,True
2011-12,2012-03-25,Zaragoza,Ath Madrid,1,0,H,2011-12_SP1.csv,Real Zaragoza,Club Atlético de Madrid,H,True
2011-12,2012-03-26,Granada,Sevilla,0,3,A,2011-12_SP1.csv,Granada CF,Sevilla FC,A,True
2011-12,2012-03-31,Barcelona,Ath Bilbao,2,0,H,2011-12_SP1.csv,FC Barcelona,Athletic Bilbao,H,True
2011-12,2012-03-31,Malaga,Betis,0,2,A,2011-12_SP1.csv,Málaga CF,Real Betis Balompié,A,True
2011-12,2012-03-31,Osasuna,Real Madrid,1,5,A,2011-12_SP1.csv,CA Osasuna,Real Madrid CF,A,True
2011-12,2012-03-31,Santander,Granada,0,1,A,2011-12_SP1.csv,Racing Santander,Granada CF,A,True
2011-12,2012-03-31,Sp Gijon,Zaragoza,1,2,A,2011-12_SP1.csv,Sporting Gijón,Real Zaragoza,A,True
2011-12,2012-04-01,Ath Madrid,Getafe,3,0,H,2011-12_SP1.csv,Club Atlético de Madrid,Getafe CF,H,True
2011-12,2012-04-01,Sociedad,Vallecano,4,0,H,2011-12_SP1.csv,Real Sociedad,Rayo Vallecano,H,True
2011-12,2012-04-01,Valencia,Levante,1,1,D,2011-12_SP1.csv,Valencia CF,Levante UD,D,True
2011-12,2012-04-01,Villarreal,Espanol,0,0,D,2011-12_SP1.csv,Villarreal CF,RCD Espanyol,D,True
2011-12,2012-04-02,Sevilla,Mallorca,3,1,H,2011-12_SP1.csv,Sevilla FC,RCD Mallorca,H,True
2011-12,2012-04-07,Betis,Villarreal,3,1,H,2011-12_SP1.csv,Real Betis Balompié,Villarreal CF,H,True
2011-12,2012-04-07,Espanol,Sociedad,2,2,D,2011-12_SP1.csv,RCD Espanyol,Real Sociedad,D,True
2011-12,2012-04-07,Getafe,Sp Gijon,2,0,H,2011-12_SP1.csv,Getafe CF,Sporting Gijón,H,True
2011-12,2012-04-07,Vallecano,Osasuna,6,0,H,2011-12_SP1.csv,Rayo Vallecano,CA Osasuna,H,True
2011-12,2012-04-07,Zaragoza,Barcelona,1,4,A,2011-12_SP1.csv,Real Zaragoza,FC Barcelona,A,True
2011-12,2012-04-08,Ath Bilbao,Sevilla,1,0,H,2011-12_SP1.csv,Athletic Bilbao,Sevilla FC,H,True
2011-12,2012-04-08,Levante,Ath Madrid,2,0,H,2011-12_SP1.csv,Levante UD,Club Atlético de Madrid,H,True
2011-12,2012-04-08,Mallorca,Granada,0,0,D,2011-12_SP1.csv,RCD Mallorca,Granada CF,D,True
2011-12,2012-04-08,Real Madrid,Valencia,0,0,D,2011-12_SP1.csv,Real Madrid CF,Valencia CF,D,True
2011-12,2012-04-09,Malaga,Santander,3,0,H,2011-12_SP1.csv,Málaga CF,Racing Santander,H,True
2011-12,2012-04-10,Barcelona,Getafe,4,0,H,2011-12_SP1.csv,FC Barcelona,Getafe CF,H,True
2011-12,2012-04-10,Osasuna,Espanol,2,0,H,2011-12_SP1.csv,CA Osasuna,RCD Espanyol,H,True
2011-12,2012-04-10,Sociedad,Betis,1,1,D,2011-12_SP1.csv,Real Sociedad,Real Betis Balompié,D,True
2011-12,2012-04-11,Ath Madrid,Real Madrid,1,4,A,2011-12_SP1.csv,Club Atlético de Madrid,Real Madrid CF,A,True
2011-12,2012-04-11,Granada,Ath Bilbao,2,2,D,2011-12_SP1.csv,Granada CF,Athletic Bilbao,D,True
2011-12,2012-04-11,Sp Gijon,Levante,3,2,H,2011-12_SP1.csv,Sporting Gijón,Levante UD,H,True
2011-12,2012-04-11,Valencia,Vallecano,4,1,H,2011-12_SP1.csv,Valencia CF,Rayo Vallecano,H,True
2011-12,2012-04-12,Santander,Mallorca,0,3,A,2011-12_SP1.csv,Racing Santander,RCD Mallorca,A,True
2011-12,2012-04-12,Sevilla,Zaragoza,3,0,H,2011-12_SP1.csv,Sevilla FC,Real Zaragoza,H,True
2011-12,2012-04-12,Villarreal,Malaga,2,1,H,2011-12_SP1.csv,Villarreal CF,Málaga CF,H,True
2011-12,2012-04-14,Levante,Barcelona,1,2,A,2011-12_SP1.csv,Levante UD,FC Barcelona,A,True
2011-12,2012-04-14,Real Madrid,Sp Gijon,3,1,H,2011-12_SP1.csv,Real Madrid CF,Sporting Gijón,H,True
2011-12,2012-04-15,Ath Bilbao,Mallorca,1,0,H,2011-12_SP1.csv,Athletic Bilbao,RCD Mallorca,H,True
2011-12,2012-04-15,Betis,Osasuna,1,0,H,2011-12_SP1.csv,Real Betis Balompié,CA Osasuna,H,True
2011-12,2012-04-15,Espanol,Valencia,4,0,H,2011-12_SP1.csv,RCD Espanyol,Valencia CF,H,True
2011-12,2012-04-15,Malaga,Sociedad,1,1,D,2011-12_SP1.csv,Málaga CF,Real Sociedad,D,True
2011-12,2012-04-15,Vallecano,Ath Madrid,0,1,A,2011-12_SP1.csv,Rayo Vallecano,Club Atlético de Madrid,A,True
2011-12,2012-04-15,Villarreal,Santander,1,1,D,2011-12_SP1.csv,Villarreal CF,Racing Santander,D,True
2011-12,2012-04-15,Zaragoza,Granada,1,0,H,2011-12_SP1.csv,Real Zaragoza,Granada CF,H,True
2011-12,2012-04-16,Getafe,Sevilla,5,1,H,2011-12_SP1.csv,Getafe CF,Sevilla FC,H,True
2011-12,2012-04-21,Barcelona,Real Madrid,1,2,A,2011-12_SP1.csv,FC Barcelona,Real Madrid CF,A,True
2011-12,2012-04-21,Mallorca,Zaragoza,1,0,H,2011-12_SP1.csv,RCD Mallorca,Real Zaragoza,H,True
2011-12,2012-04-21,Sevilla,Levante,1,1,D,2011-12_SP1.csv,Sevilla FC,Levante UD,D,True
2011-12,2012-04-21,Sp Gijon,Vallecano,2,1,H,2011-12_SP1.csv,Sporting Gijón,Rayo Vallecano,H,True
2011-12,2012-04-22,Ath Madrid,Espanol,3,1,H,2011-12_SP1.csv,Club Atlético de Madrid,RCD Espanyol,H,True
2011-12,2012-04-22,Granada,Getafe,1,0,H,2011-12_SP1.csv,Granada CF,Getafe CF,H,True
2011-12,2012-04-22,Santander,Ath Bilbao,0,1,A,2011-12_SP1.csv,Racing Santander,Athletic Bilbao,A,True
2011-12,2012-04-22,Sociedad,Villarreal,1,1,D,2011-12_SP1.csv,Real Sociedad,Villarreal CF,D,True
2011-12,2012-04-22,Valencia,Betis,4,0,H,2011-12_SP1.csv,Valencia CF,Real Betis Balompié,H,True
2011-12,2012-04-23,Osasuna,Malaga,1,1,D,2011-12_SP1.csv,CA Osasuna,Málaga CF,D,True
2011-12,2012-04-28,Espanol,Sp Gijon,0,3,A,2011-12_SP1.csv,RCD Espanyol,Sporting Gijón,A,True
2011-12,2012-04-28,Getafe,Mallorca,1,3,A,2011-12_SP1.csv,Getafe CF,RCD Mallorca,A,True
2011-12,2012-04-28,Levante,Granada,3,1,H,2011-12_SP1.csv,Levante UD,Granada CF,H,True
2011-12,2012-04-28,Sociedad,Santander,3,0,H,2011-12_SP1.csv,Real Sociedad,Racing Santander,H,True
2011-12,2012-04-28,Villarreal,Osasuna,1,1,D,2011-12_SP1.csv,Villarreal CF,CA Osasuna,D,True
2011-12,2012-04-29,Betis,Ath Madrid,2,2,D,2011-12_SP1.csv,Real Betis Balompié,Club Atlético de Madrid,D,True
2011-12,2012-04-29,Malaga,Valencia,1,0,H,2011-12_SP1.csv,Málaga CF,Valencia CF,H,True
2011-12,2012-04-29,Real Madrid,Sevilla,3,0,H,2011-12_SP1.csv,Real Madrid CF,Sevilla FC,H,True
2011-12,2012-04-29,Vallecano,Barcelona,0,7,A,2011-12_SP1.csv,Rayo Vallecano,FC Barcelona,A,True
2011-12,2012-04-29,Zaragoza,Ath Bilbao,2,0,H,2011-12_SP1.csv,Real Zaragoza,Athletic Bilbao,H,True
2011-12,2012-05-01,Getafe,Santander,1,1,D,2011-12_SP1.csv,Getafe CF,Racing Santander,D,True
2011-12,2012-05-01,Granada,Espanol,2,1,H,2011-12_SP1.csv,Granada CF,RCD Espanyol,H,True
2011-12,2012-05-01,Sp Gijon,Villarreal,2,3,A,2011-12_SP1.csv,Sporting Gijón,Villarreal CF,A,True
2011-12,2012-05-02,Ath Bilbao,Real Madrid,0,3,A,2011-12_SP1.csv,Athletic Bilbao,Real Madrid CF,A,True
2011-12,2012-05-02,Ath Madrid,Sociedad,1,1,D,2011-12_SP1.csv,Club Atlético de Madrid,Real Sociedad,D,True
2011-12,2012-05-02,Barcelona,Malaga,4,1,H,2011-12_SP1.csv,FC Barcelona,Málaga CF,H,True
2011-12,2012-05-02,Mallorca,Vallecano,1,0,H,2011-12_SP1.csv,RCD Mallorca,Rayo Vallecano,H,True
2011-12,2012-05-02,Sevilla,Betis,1,2,A,2011-12_SP1.csv,Sevilla FC,Real Betis Balompié,A,True
2011-12,2012-05-02,Valencia,Osasuna,4,0,H,2011-12_SP1.csv,Valencia CF,CA Osasuna,H,True
2011-12,2012-05-02,Zaragoza,Levante,1,0,H,2011-12_SP1.csv,Real Zaragoza,Levante UD,H,True
2011-12,2012-05-05,Ath Bilbao,Getafe,0,0,D,2011-12_SP1.csv,Athletic Bilbao,Getafe CF,D,True
2011-12,2012-05-05,Ath Madrid,Malaga,2,1,H,2011-12_SP1.csv,Club Atlético de Madrid,Málaga CF,H,True
2011-12,2012-05-05,Barcelona,Espanol,4,0,H,2011-12_SP1.csv,FC Barcelona,RCD Espanyol,H,True
2011-12,2012-05-05,Granada,Real Madrid,1,2,A,2011-12_SP1.csv,Granada CF,Real Madrid CF,A,True
2011-12,2012-05-05,Mallorca,Levante,1,0,H,2011-12_SP1.csv,RCD Mallorca,Levante UD,H,True
2011-12,2012-05-05,Osasuna,Sociedad,1,0,H,2011-12_SP1.csv,CA Osasuna,Real Sociedad,H,True
2011-12,2012-05-05,Sevilla,Vallecano,5,2,H,2011-12_SP1.csv,Sevilla FC,Rayo Vallecano,H,True
2011-12,2012-05-05,Sp Gijon,Betis,2,1,H,2011-12_SP1.csv,Sporting Gijón,Real Betis Balompié,H,True
2011-12,2012-05-05,Valencia,Villarreal,1,0,H,2011-12_SP1.csv,Valencia CF,Villarreal CF,H,True
2011-12,2012-05-05,Zaragoza,Santander,2,1,H,2011-12_SP1.csv,Real Zaragoza,Racing Santander,H,True
2011-12,2012-05-12,Betis,Barcelona,2,2,D,2011-12_SP1.csv,Real Betis Balompié,FC Barcelona,D,True
2011-12,2012-05-12,Sociedad,Valencia,1,0,H,2011-12_SP1.csv,Real Sociedad,Valencia CF,H,True
2011-12,2012-05-13,Espanol,Sevilla,1,1,D,2011-12_SP1.csv,RCD Espanyol,Sevilla FC,D,True
2011-12,2012-05-13,Getafe,Zaragoza,0,2,A,2011-12_SP1.csv,Getafe CF,Real Zaragoza,A,True
2011-12,2012-05-13,Levante,Ath Bilbao,3,0,H,2011-12_SP1.csv,Levante UD,Athletic Bilbao,H,True
2011-12,2012-05-13,Malaga,Sp Gijon,1,0,H,2011-12_SP1.csv,Málaga CF,Sporting Gijón,H,True
2011-12,2012-05-13,Real Madrid,Mallorca,4,1,H,2011-12_SP1.csv,Real Madrid CF,RCD Mallorca,H,True
2011-12,2012-05-13,Santander,Osasuna,2,4,A,2011-12_SP1.csv,Racing Santander,CA Osasuna,A,True
2011-12,2012-05-13,Vallecano,Granada,1,0,H,2011-12_SP1.csv,Rayo Vallecano,Granada CF,H,True
2011-12,2012-05-13,Villarreal,Ath Madrid,0,1,A,2011-12_SP1.csv,Villarreal CF,Club Atlético de Madrid,A,True
2012-13,2012-08-18,Celta,Malaga,0,1,A,2012-13_SP1.csv,RC Celta de Vigo,Málaga CF,A,True
2012-13,2012-08-18,Mallorca,Espanol,2,1,H,2012-13_SP1.csv,RCD Mallorca,RCD Espanyol,H,True
2012-13,2012-08-18,Sevilla,Getafe,2,1,H,2012-13_SP1.csv,Sevilla FC,Getafe CF,H,True
2012-13,2012-08-19,Ath Bilbao,Betis,3,5,A,2012-13_SP1.csv,Athletic Bilbao,Real Betis Balompié,A,True
2012-13,2012-08-19,Barcelona,Sociedad,5,1,H,2012-13_SP1.csv,FC Barcelona,Real Sociedad,H,True
2012-13,2012-08-19,Levante,Ath Madrid,1,1,D,2012-13_SP1.csv,Levante UD,Club Atlético de Madrid,D,True
2012-13,2012-08-19,Real Madrid,Valencia,1,1,D,2012-13_SP1.csv,Real Madrid CF,Valencia CF,D,True
2012-13,2012-08-20,La Coruna,Osasuna,2,0,H,2012-13_SP1.csv,Deportivo La Coruña,CA Osasuna,H,True
2012-13,2012-08-20,Vallecano,Granada,1,0,H,2012-13_SP1.csv,Rayo Vallecano,Granada CF,H,True
2012-13,2012-08-20,Zaragoza,Valladolid,0,1,A,2012-13_SP1.csv,Real Zaragoza,Real Valladolid CF,A,True
2012-13,2012-08-25,Betis,Vallecano,1,2,A,2012-13_SP1.csv,Real Betis Balompié,Rayo Vallecano,A,True
2012-13,2012-08-25,Espanol,Zaragoza,1,2,A,2012-13_SP1.csv,RCD Espanyol,Real Zaragoza,A,True
2012-13,2012-08-25,Malaga,Mallorca,1,1,D,2012-13_SP1.csv,Málaga CF,RCD Mallorca,D,True
2012-13,2012-08-25,Sociedad,Celta,2,1,H,2012-13_SP1.csv,Real Sociedad,RC Celta de Vigo,H,True
2012-13,2012-08-26,Getafe,Real Madrid,2,1,H,2012-13_SP1.csv,Getafe CF,Real Madrid CF,H,True
2012-13,2012-08-26,Granada,Sevilla,1,1,D,2012-13_SP1.csv,Granada CF,Sevilla FC,D,True
2012-13,2012-08-26,Osasuna,Barcelona,1,2,A,2012-13_SP1.csv,CA Osasuna,FC Barcelona,A,True
2012-13,2012-08-26,Valencia,La Coruna,3,3,D,2012-13_SP1.csv,Valencia CF,Deportivo La Coruña,D,True
2012-13,2012-08-27,Ath Madrid,Ath Bilbao,4,0,H,2012-13_SP1.csv,Club Atlético de Madrid,Athletic Bilbao,H,True
2012-13,2012-08-27,Valladolid,Levante,2,0,H,2012-13_SP1.csv,Real Valladolid CF,Levante UD,H,True
2012-13,2012-09-01,Celta,Osasuna,2,0,H,2012-13_SP1.csv,RC Celta de Vigo,CA Osasuna,H,True
2012-13,2012-09-01,La Coruna,Getafe,1,1,D,2012-13_SP1.csv,Deportivo La Coruña,Getafe CF,D,True
2012-13,2012-09-01,Mallorca,Sociedad,1,0,H,2012-13_SP1.csv,RCD Mallorca,Real Sociedad,H,True
2012-13,2012-09-01,Zaragoza,Malaga,0,1,A,2012-13_SP1.csv,Real Zaragoza,Málaga CF,A,True
2012-13,2012-09-02,Ath Bilbao,Valladolid,2,0,H,2012-13_SP1.csv,Athletic Bilbao,Real Valladolid CF,H,True
2012-13,2012-09-02,Barcelona,Valencia,1,0,H,2012-13_SP1.csv,FC Barcelona,Valencia CF,H,True
2012-13,2012-09-02,Levante,Espanol,3,2,H,2012-13_SP1.csv,Levante UD,RCD Espanyol,H,True
2012-13,2012-09-02,Real Madrid,Granada,3,0,H,2012-13_SP1.csv,Real Madrid CF,Granada CF,H,True
2012-13,2012-09-02,Vallecano,Sevilla,0,0,D,2012-13_SP1.csv,Rayo Vallecano,Sevilla FC,D,True
2012-13,2012-09-15,Getafe,Barcelona,1,4,A,2012-13_SP1.csv,Getafe CF,FC Barcelona,A,True
2012-13,2012-09-15,Malaga,Levante,3,1,H,2012-13_SP1.csv,Málaga CF,Levante UD,H,True
2012-13,2012-09-15,Sevilla,Real Madrid,1,0,H,2012-13_SP1.csv,Sevilla FC,Real Madrid CF,H,True
2012-13,2012-09-15,Valencia,Celta,2,1,H,2012-13_SP1.csv,Valencia CF,RC Celta de Vigo,H,True
2012-13,2012-09-16,Ath Madrid,Vallecano,4,3,H,2012-13_SP1.csv,Club Atlético de Madrid,Rayo Vallecano,H,True
2012-13,2012-09-16,Espanol,Ath Bilbao,3,3,D,2012-13_SP1.csv,RCD Espanyol,Athletic Bilbao,D,True
2012-13,2012-09-16,Granada,La Coruna,1,1,D,2012-13_SP1.csv,Granada CF,Deportivo La Coruña,D,True
2012-13,2012-09-16,Osasuna,Mallorca,1,1,D,2012-13_SP1.csv,CA Osasuna,RCD Mallorca,D,True
2012-13,2012-09-16,Sociedad,Zaragoza,2,0,H,2012-13_SP1.csv,Real Sociedad,Real Zaragoza,H,True
2012-13,2012-09-17,Valladolid,Betis,0,1,A,2012-13_SP1.csv,Real Valladolid CF,Real Betis Balompié,A,True
2012-13,2012-09-22,Barcelona,Granada,2,0,H,2012-13_SP1.csv,FC Barcelona,Granada CF,H,True
2012-13,2012-09-22,Betis,Espanol,1,0,H,2012-13_SP1.csv,Real Betis Balompié,RCD Espanyol,H,True
2012-13,2012-09-22,Celta,Getafe,2,1,H,2012-13_SP1.csv,RC Celta de Vigo,Getafe CF,H,True
2012-13,2012-09-22,Zaragoza,Osasuna,3,1,H,2012-13_SP1.csv,Real Zaragoza,CA Osasuna,H,True
2012-13,2012-09-23,Ath Bilbao,Malaga,0,0,D,2012-13_SP1.csv,Athletic Bilbao,Málaga CF,D,True
2012-13,2012-09-23,Ath Madrid,Valladolid,2,1,H,2012-13_SP1.csv,Club Atlético de Madrid,Real Valladolid CF,H,True
2012-13,2012-09-23,Levante,Sociedad,2,1,H,2012-13_SP1.csv,Levante UD,Real Sociedad,H,True
2012-13,2012-09-23,Mallorca,Valencia,2,0,H,2012-13_SP1.csv,RCD Mallorca,Valencia CF,H,True
2012-13,2012-09-24,La Coruna,Sevilla,0,2,A,2012-13_SP1.csv,Deportivo La Coruña,Sevilla FC,A,True
2012-13,2012-09-24,Vallecano,Real Madrid,0,2,A,2012-13_SP1.csv,Rayo Vallecano,Real Madrid CF,A,True
2012-13,2012-09-26,Betis,Ath Madrid,2,4,A,2012-13_SP1.csv,Real Betis Balompié,Club Atlético de Madrid,A,True
2012-13,2012-09-29,Malaga,Betis,4,0,H,2012-13_SP1.csv,Málaga CF,Real Betis Balompié,H,True
2012-13,2012-09-29,Sevilla,Barcelona,2,3,A,2012-13_SP1.csv,Sevilla FC,FC Barcelona,A,True
2012-13,2012-09-29,Sociedad,Ath Bilbao,2,0,H,2012-13_SP1.csv,Real Sociedad,Athletic Bilbao,H,True
2012-13,2012-09-29,Valencia,Zaragoza,2,0,H,2012-13_SP1.csv,Valencia CF,Real Zaragoza,H,True
2012-13,2012-09-30,Espanol,Ath Madrid,0,1,A,2012-13_SP1.csv,RCD Espanyol,Club Atlético de Madrid,A,True
2012-13,2012-09-30,Granada,Celta,2,1,H,2012-13_SP1.csv,Granada CF,RC Celta de Vigo,H,True
2012-13,2012-09-30,Osasuna,Levante,4,0,H,2012-13_SP1.csv,CA Osasuna,Levante UD,H,True
2012-13,2012-09-30,Real Madrid,La Coruna,5,1,H,2012-13_SP1.csv,Real Madrid CF,Deportivo La Coruña,H,True
2012-13,2012-09-30,Valladolid,Vallecano,6,1,H,2012-13_SP1.csv,Real Valladolid CF,Rayo Vallecano,H,True
2012-13,2012-10-01,Getafe,Mallorca,1,0,H,2012-13_SP1.csv,Getafe CF,RCD Mallorca,H,True
2012-13,2012-10-05,Celta,Sevilla,2,0,H,2012-13_SP1.csv,RC Celta de Vigo,Sevilla FC,H,True
2012-13,2012-10-06,Betis,Sociedad,2,0,H,2012-13_SP1.csv,Real Betis Balompié,Real Sociedad,H,True
2012-13,2012-10-06,Valladolid,Espanol,1,1,D,2012-13_SP1.csv,Real Valladolid CF,RCD Espanyol,D,True
2012-13,2012-10-06,Vallecano,La Coruna,2,1,H,2012-13_SP1.csv,Rayo Vallecano,Deportivo La Coruña,H,True
2012-13,2012-10-06,Zaragoza,Getafe,0,1,A,2012-13_SP1.csv,Real Zaragoza,Getafe CF,A,True
2012-13,2012-10-07,Ath Bilbao,Osasuna,1,0,H,2012-13_SP1.csv,Athletic Bilbao,CA Osasuna,H,True
2012-13,2012-10-07,Ath Madrid,Malaga,2,1,H,2012-13_SP1.csv,Club Atlético de Madrid,Málaga CF,H,True
2012-13,2012-10-07,Barcelona,Real Madrid,2,2,D,2012-13_SP1.csv,FC Barcelona,Real Madrid CF,D,True
2012-13,2012-10-07,Levante,Valencia,1,0,H,2012-13_SP1.csv,Levante UD,Valencia CF,H,True
2012-13,2012-10-07,Mallorca,Granada,1,2,A,2012-13_SP1.csv,RCD Mallorca,Granada CF,A,True
2012-13,2012-10-20,La Coruna,Barcelona,4,5,A,2012-13_SP1.csv,Deportivo La Coruña,FC Barcelona,A,True
2012-13,2012-10-20,Malaga,Valladolid,2,1,H,2012-13_SP1.csv,Málaga CF,Real Valladolid CF,H,True
2012-13,2012-10-20,Real Madrid,Celta,2,0,H,2012-13_SP1.csv,Real Madrid CF,RC Celta de Vigo,H,True
2012-13,2012-10-20,Valencia,Ath Bilbao,3,2,H,2012-13_SP1.csv,Valencia CF,Athletic Bilbao,H,True
2012-13,2012-10-21,Espanol,Vallecano,3,2,H,2012-13_SP1.csv,RCD Espanyol,Rayo Vallecano,H,True
2012-13,2012-10-21,Getafe,Levante,0,1,A,2012-13_SP1.csv,Getafe CF,Levante UD,A,True
2012-13,2012-10-21,Granada,Zaragoza,1,2,A,2012-13_SP1.csv,Granada CF,Real Zaragoza,A,True
2012-13,2012-10-21,Osasuna,Betis,0,0,D,2012-13_SP1.csv,CA Osasuna,Real Betis Balompié,D,True
2012-13,2012-10-21,Sociedad,Ath Madrid,0,1,A,2012-13_SP1.csv,Real Sociedad,Club Atlético de Madrid,A,True
2012-13,2012-10-22,Sevilla,Mallorca,3,2,H,2012-13_SP1.csv,Sevilla FC,RCD Mallorca,H,True
2012-13,2012-10-27,Betis,Valencia,1,0,H,2012-13_SP1.csv,Real Betis Balompié,Valencia CF,H,True
2012-13,2012-10-27,Celta,La Coruna,1,1,D,2012-13_SP1.csv,RC Celta de Vigo,Deportivo La Coruña,D,True
2012-13,2012-10-27,Espanol,Malaga,0,0,D,2012-13_SP1.csv,RCD Espanyol,Málaga CF,D,True
2012-13,2012-10-27,Vallecano,Barcelona,0,5,A,2012-13_SP1.csv,Rayo Vallecano,FC Barcelona,A,True
2012-13,2012-10-28,Ath Bilbao,Getafe,1,2,A,2012-13_SP1.csv,Athletic Bilbao,Getafe CF,A,True
2012-13,2012-10-28,Ath Madrid,Osasuna,3,1,H,2012-13_SP1.csv,Club Atlético de Madrid,CA Osasuna,H,True
2012-13,2012-10-28,Levante,Granada,3,1,H,2012-13_SP1.csv,Levante UD,Granada CF,H,True
2012-13,2012-10-28,Mallorca,Real Madrid,0,5,A,2012-13_SP1.csv,RCD Mallorca,Real Madrid CF,A,True
2012-13,2012-10-28,Zaragoza,Sevilla,2,1,H,2012-13_SP1.csv,Real Zaragoza,Sevilla FC,H,True
2012-13,2012-10-29,Valladolid,Sociedad,2,2,D,2012-13_SP1.csv,Real Valladolid CF,Real Sociedad,D,True
2012-13,2012-11-03,Barcelona,Celta,3,1,H,2012-13_SP1.csv,FC Barcelona,RC Celta de Vigo,H,True
2012-13,2012-11-03,Malaga,Vallecano,1,2,A,2012-13_SP1.csv,Málaga CF,Rayo Vallecano,A,True
2012-13,2012-11-03,Real Madrid,Zaragoza,4,0,H,2012-13_SP1.csv,Real Madrid CF,Real Zaragoza,H,True
2012-13,2012-11-03,Valencia,Ath Madrid,2,0,H,2012-13_SP1.csv,Valencia CF,Club Atlético de Madrid,H,True
2012-13,2012-11-04,Granada,Ath Bilbao,1,2,A,2012-13_SP1.csv,Granada CF,Athletic Bilbao,A,True
2012-13,2012-11-04,La Coruna,Mallorca,1,0,H,2012-13_SP1.csv,Deportivo La Coruña,RCD Mallorca,H,True
2012-13,2012-11-04,Osasuna,Valladolid,0,1,A,2012-13_SP1.csv,CA Osasuna,Real Valladolid CF,A,True
2012-13,2012-11-04,Sevilla,Levante,0,0,D,2012-13_SP1.csv,Sevilla FC,Levante UD,D,True
2012-13,2012-11-04,Sociedad,Espanol,0,1,A,2012-13_SP1.csv,Real Sociedad,RCD Espanyol,A,True
2012-13,2012-11-05,Getafe,Betis,2,4,A,2012-13_SP1.csv,Getafe CF,Real Betis Balompié,A,True
2012-13,2012-11-09,Betis,Granada,1,2,A,2012-13_SP1.csv,Real Betis Balompié,Granada CF,A,True
2012-13,2012-11-10,Espanol,Osasuna,0,3,A,2012-13_SP1.csv,RCD Espanyol,CA Osasuna,A,True
2012-13,2012-11-10,Malaga,Sociedad,1,2,A,2012-13_SP1.csv,Málaga CF,Real Sociedad,A,True
2012-13,2012-11-10,Vallecano,Celta,3,2,H,2012-13_SP1.csv,Rayo Vallecano,RC Celta de Vigo,H,True
2012-13,2012-11-10,Zaragoza,La Coruna,5,3,H,2012-13_SP1.csv,Real Zaragoza,Deportivo La Coruña,H,True
2012-13,2012-11-11,Ath Bilbao,Sevilla,2,1,H,2012-13_SP1.csv,Athletic Bilbao,Sevilla FC,H,True
2012-13,2012-11-11,Ath Madrid,Getafe,2,0,H,2012-13_SP1.csv,Club Atlético de Madrid,Getafe CF,H,True
2012-13,2012-11-11,Levante,Real Madrid,1,2,A,2012-13_SP1.csv,Levante UD,Real Madrid CF,A,True
2012-13,2012-11-11,Mallorca,Barcelona,2,4,A,2012-13_SP1.csv,RCD Mallorca,FC Barcelona,A,True
2012-13,2012-11-11,Valladolid,Valencia,1,1,D,2012-13_SP1.csv,Real Valladolid CF,Valencia CF,D,True
2012-13,2012-11-17,Barcelona,Zaragoza,3,1,H,2012-13_SP1.csv,FC Barcelona,Real Zaragoza,H,True
2012-13,2012-11-17,Osasuna,Malaga,0,0,D,2012-13_SP1.csv,CA Osasuna,Málaga CF,D,True
2012-13,2012-11-17,Real Madrid,Ath Bilbao,5,1,H,2012-13_SP1.csv,Real Madrid CF,Athletic Bilbao,H,True
2012-13,2012-11-17,Valencia,Espanol,2,1,H,2012-13_SP1.csv,Valencia CF,RCD Espanyol,H,True
2012-13,2012-11-18,Celta,Mallorca,1,1,D,2012-13_SP1.csv,RC Celta de Vigo,RCD Mallorca,D,True
2012-13,2012-11-18,Getafe,Valladolid,2,1,H,2012-13_SP1.csv,Getafe CF,Real Valladolid CF,H,True
2012-13,2012-11-18,Granada,Ath Madrid,0,1,A,2012-13_SP1.csv,Granada CF,Club Atlético de Madrid,A,True
2012-13,2012-11-18,La Coruna,Levante,0,2,A,2012-13_SP1.csv,Deportivo La Coruña,Levante UD,A,True
2012-13,2012-11-18,Sevilla,Betis,5,1,H,2012-13_SP1.csv,Sevilla FC,Real Betis Balompié,H,True
2012-13,2012-11-19,Sociedad,Vallecano,4,0,H,2012-13_SP1.csv,Real Sociedad,Rayo Vallecano,H,True
2012-13,2012-11-23,Sociedad,Osasuna,0,0,D,2012-13_SP1.csv,Real Sociedad,CA Osasuna,D,True
2012-13,2012-11-24,Betis,Real Madrid,1,0,H,2012-13_SP1.csv,Real Betis Balompié,Real Madrid CF,H,True
2012-13,2012-11-24,Malaga,Valencia,4,0,H,2012-13_SP1.csv,Málaga CF,Valencia CF,H,True
2012-13,2012-11-24,Valladolid,Granada,1,0,H,2012-13_SP1.csv,Real Valladolid CF,Granada CF,H,True
2012-13,2012-11-24,Vallecano,Mallorca,2,0,H,2012-13_SP1.csv,Rayo Vallecano,RCD Mallorca,H,True
2012-13,2012-11-25,Ath Bilbao,La Coruna,1,1,D,2012-13_SP1.csv,Athletic Bilbao,Deportivo La Coruña,D,True
2012-13,2012-11-25,Ath Madrid,Sevilla,4,0,H,2012-13_SP1.csv,Club Atlético de Madrid,Sevilla FC,H,True
2012-13,2012-11-25,Espanol,Getafe,0,2,A,2012-13_SP1.csv,RCD Espanyol,Getafe CF,A,True
2012-13,2012-11-25,Levante,Barcelona,0,4,A,2012-13_SP1.csv,Levante UD,FC Barcelona,A,True
2012-13,2012-11-26,Zaragoza,Celta,0,1,A,2012-13_SP1.csv,Real Zaragoza,RC Celta de Vigo,A,True
2012-13,2012-11-30,Osasuna,Vallecano,1,0,H,2012-13_SP1.csv,CA Osasuna,Rayo Vallecano,H,True
2012-13,2012-12-01,Barcelona,Ath Bilbao,5,1,H,2012-13_SP1.csv,FC Barcelona,Athletic Bilbao,H,True
2012-13,2012-12-01,Getafe,Malaga,1,0,H,2012-13_SP1.csv,Getafe CF,Málaga CF,H,True
2012-13,2012-12-01,Real Madrid,Ath Madrid,2,0,H,2012-13_SP1.csv,Real Madrid CF,Club Atlético de Madrid,H,True
2012-13,2012-12-01,Valencia,Sociedad,2,5,A,2012-13_SP1.csv,Valencia CF,Real Sociedad,A,True
2012-13,2012-12-02,Celta,Levante,1,1,D,2012-13_SP1.csv,RC Celta de Vigo,Levante UD,D,True
2012-13,2012-12-02,Granada,Espanol,0,0,D,2012-13_SP1.csv,Granada CF,RCD Espanyol,D,True
2012-13,2012-12-02,La Coruna,Betis,2,3,A,2012-13_SP1.csv,Deportivo La Coruña,Real Betis Balompié,A,True
2012-13,2012-12-02,Mallorca,Zaragoza,1,1,D,2012-13_SP1.csv,RCD Mallorca,Real Zaragoza,D,True
2012-13,2012-12-03,Sevilla,Valladolid,1,2,A,2012-13_SP1.csv,Sevilla FC,Real Valladolid CF,A,True
2012-13,2012-12-07,Espanol,Sevilla,2,2,D,2012-13_SP1.csv,RCD Espanyol,Sevilla FC,D,True
2012-13,2012-12-08,Malaga,Granada,4,0,H,2012-13_SP1.csv,Málaga CF,Granada CF,H,True
2012-13,2012-12-08,Osasuna,Valencia,0,1,A,2012-13_SP1.csv,CA Osasuna,Valencia CF,A,True
2012-13,2012-12-08,Sociedad,Getafe,1,1,D,2012-13_SP1.csv,Real Sociedad,Getafe CF,D,True
2012-13,2012-12-08,Valladolid,Real Madrid,2,3,A,2012-13_SP1.csv,Real Valladolid CF,Real Madrid CF,A,True
2012-13,2012-12-09,Ath Bilbao,Celta,1,0,H,2012-13_SP1.csv,Athletic Bilbao,RC Celta de Vigo,H,True
2012-13,2012-12-09,Ath Madrid,La Coruna,6,0,H,2012-13_SP1.csv,Club Atlético de Madrid,Deportivo La Coruña,H,True
2012-13,2012-12-09,Betis,Barcelona,1,2,A,2012-13_SP1.csv,Real Betis Balompié,FC Barcelona,A,True
2012-13,2012-12-09,Levante,Mallorca,4,0,H,2012-13_SP1.csv,Levante UD,RCD Mallorca,H,True
2012-13,2012-12-10,Vallecano,Zaragoza,0,2,A,2012-13_SP1.csv,Rayo Vallecano,Real Zaragoza,A,True
2012-13,2012-12-15,Getafe,Osasuna,1,1,D,2012-13_SP1.csv,Getafe CF,CA Osasuna,D,True
2012-13,2012-12-15,Granada,Sociedad,0,0,D,2012-13_SP1.csv,Granada CF,Real Sociedad,D,True
2012-13,2012-12-15,Mallorca,Ath Bilbao,0,1,A,2012-13_SP1.csv,RCD Mallorca,Athletic Bilbao,A,True
2012-13,2012-12-15,Sevilla,Malaga,0,2,A,2012-13_SP1.csv,Sevilla FC,Málaga CF,A,True
2012-13,2012-12-16,Barcelona,Ath Madrid,4,1,H,2012-13_SP1.csv,FC Barcelona,Club Atlético de Madrid,H,True
2012-13,2012-12-16,Real Madrid,Espanol,2,2,D,2012-13_SP1.csv,Real Madrid CF,RCD Espanyol,D,True
2012-13,2012-12-16,Valencia,Vallecano,0,1,A,2012-13_SP1.csv,Valencia CF,Rayo Vallecano,A,True
2012-13,2012-12-16,Zaragoza,Levante,0,1,A,2012-13_SP1.csv,Real Zaragoza,Levante UD,A,True
2012-13,2012-12-17,Celta,Betis,0,1,A,2012-13_SP1.csv,RC Celta de Vigo,Real Betis Balompié,A,True
2012-13,2012-12-17,La Coruna,Valladolid,0,0,D,2012-13_SP1.csv,Deportivo La Coruña,Real Valladolid CF,D,True
2012-13,2012-12-20,Espanol,La Coruna,2,0,H,2012-13_SP1.csv,RCD Espanyol,Deportivo La Coruña,H,True
2012-13,2012-12-20,Sociedad,Sevilla,2,1,H,2012-13_SP1.csv,Real Sociedad,Sevilla FC,H,True
2012-13,2012-12-20,Vallecano,Levante,3,0,H,2012-13_SP1.csv,Rayo Vallecano,Levante UD,H,True
2012-13,2012-12-21,Ath Madrid,Celta,1,0,H,2012-13_SP1.csv,Club Atlético de Madrid,RC Celta de Vigo,H,True
2012-13,2012-12-21,Valencia,Getafe,4,2,H,2012-13_SP1.csv,Valencia CF,Getafe CF,H,True
2012-13,2012-12-22,Ath Bilbao,Zaragoza,0,2,A,2012-13_SP1.csv,Athletic Bilbao,Real Zaragoza,A,True
2012-13,2012-12-22,Betis,Mallorca,1,2,A,2012-13_SP1.csv,Real Betis Balompié,RCD Mallorca,A,True
2012-13,2012-12-22,Malaga,Real Madrid,3,2,H,2012-13_SP1.csv,Málaga CF,Real Madrid CF,H,True
2012-13,2012-12-22,Osasuna,Granada,1,2,A,2012-13_SP1.csv,CA Osasuna,Granada CF,A,True
2012-13,2012-12-22,Valladolid,Barcelona,1,3,A,2012-13_SP1.csv,Real Valladolid CF,FC Barcelona,A,True
2012-13,2013-01-04,Zaragoza,Betis,1,2,A,2012-13_SP1.csv,Real Zaragoza,Real Betis Balompié,A,True
2012-13,2013-01-05,Granada,Valencia,1,2,A,2012-13_SP1.csv,Granada CF,Valencia CF,A,True
2012-13,2013-01-05,La Coruna,Malaga,1,0,H,2012-13_SP1.csv,Deportivo La Coruña,Málaga CF,H,True
2012-13,2013-01-05,Levante,Ath Bilbao,3,1,H,2012-13_SP1.csv,Levante UD,Athletic Bilbao,H,True
2012-13,2013-01-05,Sevilla,Osasuna,1,0,H,2012-13_SP1.csv,Sevilla FC,CA Osasuna,H,True
2012-13,2013-01-06,Barcelona,Espanol,4,0,H,2012-13_SP1.csv,FC Barcelona,RCD Espanyol,H,True
2012-13,2013-01-06,Celta,Valladolid,3,1,H,2012-13_SP1.csv,RC Celta de Vigo,Real Valladolid CF,H,True
2012-13,2013-01-06,Mallorca,Ath Madrid,1,1,D,2012-13_SP1.csv,RCD Mallorca,Club Atlético de Madrid,D,True
2012-13,2013-01-06,Real Madrid,Sociedad,4,3,H,2012-13_SP1.csv,Real Madrid CF,Real Sociedad,H,True
2012-13,2013-01-07,Vallecano,Getafe,3,1,H,2012-13_SP1.csv,Rayo Vallecano,Getafe CF,H,True
2012-13,2013-01-11,Ath Bilbao,Vallecano,1,2,A,2012-13_SP1.csv,Athletic Bilbao,Rayo Vallecano,A,True
2012-13,2013-01-12,Espanol,Celta,1,0,H,2012-13_SP1.csv,RCD Espanyol,RC Celta de Vigo,H,True
2012-13,2013-01-12,Osasuna,Real Madrid,0,0,D,2012-13_SP1.csv,CA Osasuna,Real Madrid CF,D,True
2012-13,2013-01-12,Valencia,Sevilla,2,0,H,2012-13_SP1.csv,Valencia CF,Sevilla FC,H,True
2012-13,2013-01-12,Valladolid,Mallorca,3,1,H,2012-13_SP1.csv,Real Valladolid CF,RCD Mallorca,H,True
2012-13,2013-01-13,Ath Madrid,Zaragoza,2,0,H,2012-13_SP1.csv,Club Atlético de Madrid,Real Zaragoza,H,True
2012-13,2013-01-13,Betis,Levante,2,0,H,2012-13_SP1.csv,Real Betis Balompié,Levante UD,H,True
2012-13,2013-01-13,Malaga,Barcelona,1,3,A,2012-13_SP1.csv,Málaga CF,FC Barcelona,A,True
2012-13,2013-01-13,Sociedad,La Coruna,1,1,D,2012-13_SP1.csv,Real Sociedad,Deportivo La Coruña,D,True
2012-13,2013-01-14,Getafe,Granada,2,2,D,2012-13_SP1.csv,Getafe CF,Granada CF,D,True
2012-13,2013-01-18,Espanol,Mallorca,3,2,H,2012-13_SP1.csv,RCD Espanyol,RCD Mallorca,H,True
2012-13,2013-01-19,Getafe,Sevilla,1,1,D,2012-13_SP1.csv,Getafe CF,Sevilla FC,D,True
2012-13,2013-01-19,Granada,Vallecano,2,0,H,2012-13_SP1.csv,Granada CF,Rayo Vallecano,H,True
2012-13,2013-01-19,Malaga,Celta,1,1,D,2012-13_SP1.csv,Málaga CF,RC Celta de Vigo,D,True
2012-13,2013-01-19,Sociedad,Barcelona,3,2,H,2012-13_SP1.csv,Real Sociedad,FC Barcelona,H,True
2012-13,2013-01-20,Ath Madrid,Levante,2,0,H,2012-13_SP1.csv,Club Atlético de Madrid,Levante UD,H,True
2012-13,2013-01-20,Osasuna,La Coruna,2,1,H,2012-13_SP1.csv,CA Osasuna,Deportivo La Coruña,H,True
2012-13,2013-01-20,Valencia,Real Madrid,0,5,A,2012-13_SP1.csv,Valencia CF,Real Madrid CF,A,True
2012-13,2013-01-20,Valladolid,Zaragoza,2,0,H,2012-13_SP1.csv,Real Valladolid CF,Real Zaragoza,H,True
2012-13,2013-01-21,Betis,Ath Bilbao,1,1,D,2012-13_SP1.csv,Real Betis Balompié,Athletic Bilbao,D,True
2012-13,2013-01-26,Celta,Sociedad,1,1,D,2012-13_SP1.csv,RC Celta de Vigo,Real Sociedad,D,True
2012-13,2013-01-26,La Coruna,Valencia,2,3,A,2012-13_SP1.csv,Deportivo La Coruña,Valencia CF,A,True
2012-13,2013-01-26,Levante,Valladolid,2,1,H,2012-13_SP1.csv,Levante UD,Real Valladolid CF,H,True
2012-13,2013-01-26,Zaragoza,Espanol,0,0,D,2012-13_SP1.csv,Real Zaragoza,RCD Espanyol,D,True
2012-13,2013-01-27,Ath Bilbao,Ath Madrid,3,0,H,2012-13_SP1.csv,Athletic Bilbao,Club Atlético de Madrid,H,True
2012-13,2013-01-27,Barcelona,Osasuna,5,1,H,2012-13_SP1.csv,FC Barcelona,CA Osasuna,H,True
2012-13,2013-01-27,Mallorca,Malaga,2,3,A,2012-13_SP1.csv,RCD Mallorca,Málaga CF,A,True
2012-13,2013-01-27,Real Madrid,Getafe,4,0,H,2012-13_SP1.csv,Real Madrid CF,Getafe CF,H,True
2012-13,2013-01-27,Vallecano,Betis,3,0,H,2012-13_SP1.csv,Rayo Vallecano,Real Betis Balompié,H,True
2012-13,2013-01-28,Sevilla,Granada,3,0,H,2012-13_SP1.csv,Sevilla FC,Granada CF,H,True
2012-13,2013-02-01,Valladolid,Ath Bilbao,2,2,D,2012-13_SP1.csv,Real Valladolid CF,Athletic Bilbao,D,True
2012-13,2013-02-02,Espanol,Levante,3,2,H,2012-13_SP1.csv,RCD Espanyol,Levante UD,H,True
2012-13,2013-02-02,Getafe,La Coruna,3,1,H,2012-13_SP1.csv,Getafe CF,Deportivo La Coruña,H,True
2012-13,2013-02-02,Granada,Real Madrid,1,0,H,2012-13_SP1.csv,Granada CF,Real Madrid CF,H,True
2012-13,2013-02-02,Osasuna,Celta,1,0,H,2012-13_SP1.csv,CA Osasuna,RC Celta de Vigo,H,True
2012-13,2013-02-03,Ath Madrid,Betis,1,0,H,2012-13_SP1.csv,Club Atlético de Madrid,Real Betis Balompié,H,True
2012-13,2013-02-03,Malaga,Zaragoza,1,1,D,2012-13_SP1.csv,Málaga CF,Real Zaragoza,D,True
2012-13,2013-02-03,Sevilla,Vallecano,2,1,H,2012-13_SP1.csv,Sevilla FC,Rayo Vallecano,H,True
2012-13,2013-02-03,Sociedad,Mallorca,3,0,H,2012-13_SP1.csv,Real Sociedad,RCD Mallorca,H,True
2012-13,2013-02-03,Valencia,Barcelona,1,1,D,2012-13_SP1.csv,Valencia CF,FC Barcelona,D,True
2012-13,2013-02-09,Celta,Valencia,0,1,A,2012-13_SP1.csv,RC Celta de Vigo,Valencia CF,A,True
2012-13,2013-02-09,La Coruna,Granada,0,3,A,2012-13_SP1.csv,Deportivo La Coruña,Granada CF,A,True
2012-13,2013-02-09,Levante,Malaga,1,2,A,2012-13_SP1.csv,Levante UD,Málaga CF,A,True
2012-13,2013-02-09,Mallorca,Osasuna,1,1,D,2012-13_SP1.csv,RCD Mallorca,CA Osasuna,D,True
2012-13,2013-02-09,Real Madrid,Sevilla,4,1,H,2012-13_SP1.csv,Real Madrid CF,Sevilla FC,H,True
2012-13,2013-02-10,Ath Bilbao,Espanol,0,4,A,2012-13_SP1.csv,Athletic Bilbao,RCD Espanyol,A,True
2012-13,2013-02-10,Barcelona,Getafe,6,1,H,2012-13_SP1.csv,FC Barcelona,Getafe CF,H,True
2012-13,2013-02-10,Vallecano,Ath Madrid,2,1,H,2012-13_SP1.csv,Rayo Vallecano,Club Atlético de Madrid,H,True
2012-13,2013-02-10,Zaragoza,Sociedad,1,2,A,2012-13_SP1.csv,Real Zaragoza,Real Sociedad,A,True
2012-13,2013-02-11,Betis,Valladolid,0,0,D,2012-13_SP1.csv,Real Betis Balompié,Real Valladolid CF,D,True
2012-13,2013-02-15,Sevilla,La Coruna,3,1,H,2012-13_SP1.csv,Sevilla FC,Deportivo La Coruña,H,True
2012-13,2013-02-16,Getafe,Celta,3,1,H,2012-13_SP1.csv,Getafe CF,RC Celta de Vigo,H,True
2012-13,2013-02-16,Granada,Barcelona,1,2,A,2012-13_SP1.csv,Granada CF,FC Barcelona,A,True
2012-13,2013-02-16,Malaga,Ath Bilbao,1,0,H,2012-13_SP1.csv,Málaga CF,Athletic Bilbao,H,True
2012-13,2013-02-16,Osasuna,Zaragoza,1,0,H,2012-13_SP1.csv,CA Osasuna,Real Zaragoza,H,True
2012-13,2013-02-17,Espanol,Betis,1,0,H,2012-13_SP1.csv,RCD Espanyol,Real Betis Balompié,H,True
2012-13,2013-02-17,Real Madrid,Vallecano,2,0,H,2012-13_SP1.csv,Real Madrid CF,Rayo Vallecano,H,True
2012-13,2013-02-17,Sociedad,Levante,1,1,D,2012-13_SP1.csv,Real Sociedad,Levante UD,D,True
2012-13,2013-02-17,Valencia,Mallorca,2,0,H,2012-13_SP1.csv,Valencia CF,RCD Mallorca,H,True
2012-13,2013-02-17,Valladolid,Ath Madrid,0,3,A,2012-13_SP1.csv,Real Valladolid CF,Club Atlético de Madrid,A,True
2012-13,2013-02-22,Ath Bilbao,Sociedad,1,3,A,2012-13_SP1.csv,Athletic Bilbao,Real Sociedad,A,True
2012-13,2013-02-23,Barcelona,Sevilla,2,1,H,2012-13_SP1.csv,FC Barcelona,Sevilla FC,H,True
2012-13,2013-02-23,La Coruna,Real Madrid,1,2,A,2012-13_SP1.csv,Deportivo La Coruña,Real Madrid CF,A,True
2012-13,2013-02-23,Mallorca,Getafe,1,3,A,2012-13_SP1.csv,RCD Mallorca,Getafe CF,A,True
2012-13,2013-02-23,Zaragoza,Valencia,2,2,D,2012-13_SP1.csv,Real Zaragoza,Valencia CF,D,True
2012-13,2013-02-24,Ath Madrid,Espanol,1,0,H,2012-13_SP1.csv,Club Atlético de Madrid,RCD Espanyol,H,True
2012-13,2013-02-24,Betis,Malaga,3,0,H,2012-13_SP1.csv,Real Betis Balompié,Málaga CF,H,True
2012-13,2013-02-24,Celta,Granada,2,1,H,2012-13_SP1.csv,RC Celta de Vigo,Granada CF,H,True
2012-13,2013-02-24,Vallecano,Valladolid,1,2,A,2012-13_SP1.csv,Rayo Vallecano,Real Valladolid CF,A,True
2012-13,2013-02-25,Levante,Osasuna,0,2,A,2012-13_SP1.csv,Levante UD,CA Osasuna,A,True
2012-13,2013-03-01,Getafe,Zaragoza,2,0,H,2012-13_SP1.csv,Getafe CF,Real Zaragoza,H,True
2012-13,2013-03-02,La Coruna,Vallecano,0,0,D,2012-13_SP1.csv,Deportivo La Coruña,Rayo Vallecano,D,True
2012-13,2013-03-02,Osasuna,Ath Bilbao,0,1,A,2012-13_SP1.csv,CA Osasuna,Athletic Bilbao,A,True
2012-13,2013-03-02,Real Madrid,Barcelona,2,1,H,2012-13_SP1.csv,Real Madrid CF,FC Barcelona,H,True
2012-13,2013-03-02,Valencia,Levante,2,2,D,2012-13_SP1.csv,Valencia CF,Levante UD,D,True
2012-13,2013-03-03,Espanol,Valladolid,0,0,D,2012-13_SP1.csv,RCD Espanyol,Real Valladolid CF,D,True
2012-13,2013-03-03,Granada,Mallorca,1,2,A,2012-13_SP1.csv,Granada CF,RCD Mallorca,A,True
2012-13,2013-03-03,Malaga,Ath Madrid,0,0,D,2012-13_SP1.csv,Málaga CF,Club Atlético de Madrid,D,True
2012-13,2013-03-03,Sociedad,Betis,3,3,D,2012-13_SP1.csv,Real Sociedad,Real Betis Balompié,D,True
2012-13,2013-03-04,Sevilla,Celta,4,1,H,2012-13_SP1.csv,Sevilla FC,RC Celta de Vigo,H,True
2012-13,2013-03-08,Betis,Osasuna,2,1,H,2012-13_SP1.csv,Real Betis Balompié,CA Osasuna,H,True
2012-13,2013-03-09,Barcelona,La Coruna,2,0,H,2012-13_SP1.csv,FC Barcelona,Deportivo La Coruña,H,True
2012-13,2013-03-09,Mallorca,Sevilla,2,1,H,2012-13_SP1.csv,RCD Mallorca,Sevilla FC,H,True
2012-13,2013-03-09,Valladolid,Malaga,1,1,D,2012-13_SP1.csv,Real Valladolid CF,Málaga CF,D,True
2012-13,2013-03-09,Vallecano,Espanol,2,0,H,2012-13_SP1.csv,Rayo Vallecano,RCD Espanyol,H,True
2012-13,2013-03-10,Ath Bilbao,Valencia,1,0,H,2012-13_SP1.csv,Athletic Bilbao,Valencia CF,H,True
2012-13,2013-03-10,Ath Madrid,Sociedad,0,1,A,2012-13_SP1.csv,Club Atlético de Madrid,Real Sociedad,A,True
2012-13,2013-03-10,Celta,Real Madrid,1,2,A,2012-13_SP1.csv,RC Celta de Vigo,Real Madrid CF,A,True
2012-13,2013-03-10,Levante,Getafe,0,0,D,2012-13_SP1.csv,Levante UD,Getafe CF,D,True
2012-13,2013-03-11,Zaragoza,Granada,0,0,D,2012-13_SP1.csv,Real Zaragoza,Granada CF,D,True
2012-13,2013-03-15,La Coruna,Celta,3,1,H,2012-13_SP1.csv,Deportivo La Coruña,RC Celta de Vigo,H,True
2012-13,2013-03-16,Getafe,Ath Bilbao,1,0,H,2012-13_SP1.csv,Getafe CF,Athletic Bilbao,H,True
2012-13,2013-03-16,Real Madrid,Mallorca,5,2,H,2012-13_SP1.csv,Real Madrid CF,RCD Mallorca,H,True
2012-13,2013-03-16,Sociedad,Valladolid,4,1,H,2012-13_SP1.csv,Real Sociedad,Real Valladolid CF,H,True
2012-13,2013-03-16,Valencia,Betis,3,0,H,2012-13_SP1.csv,Valencia CF,Real Betis Balompié,H,True
2012-13,2013-03-17,Barcelona,Vallecano,3,1,H,2012-13_SP1.csv,FC Barcelona,Rayo Vallecano,H,True
2012-13,2013-03-17,Granada,Levante,1,1,D,2012-13_SP1.csv,Granada CF,Levante UD,D,True
2012-13,2013-03-17,Malaga,Espanol,0,2,A,2012-13_SP1.csv,Málaga CF,RCD Espanyol,A,True
2012-13,2013-03-17,Osasuna,Ath Madrid,0,2,A,2012-13_SP1.csv,CA Osasuna,Club Atlético de Madrid,A,True
2012-13,2013-03-17,Sevilla,Zaragoza,4,0,H,2012-13_SP1.csv,Sevilla FC,Real Zaragoza,H,True
2012-13,2013-03-30,Celta,Barcelona,2,2,D,2012-13_SP1.csv,RC Celta de Vigo,FC Barcelona,D,True
2012-13,2013-03-30,Levante,Sevilla,1,0,H,2012-13_SP1.csv,Levante UD,Sevilla FC,H,True
2012-13,2013-03-30,Vallecano,Malaga,1,3,A,2012-13_SP1.csv,Rayo Vallecano,Málaga CF,A,True
2012-13,2013-03-30,Zaragoza,Real Madrid,1,1,D,2012-13_SP1.csv,Real Zaragoza,Real Madrid CF,D,True
2012-13,2013-03-31,Ath Madrid,Valencia,1,1,D,2012-13_SP1.csv,Club Atlético de Madrid,Valencia CF,D,True
2012-13,2013-03-31,Espanol,Sociedad,2,2,D,2012-13_SP1.csv,RCD Espanyol,Real Sociedad,D,True
2012-13,2013-03-31,Mallorca,La Coruna,2,3,A,2012-13_SP1.csv,RCD Mallorca,Deportivo La Coruña,A,True
2012-13,2013-03-31,Valladolid,Osasuna,1,3,A,2012-13_SP1.csv,Real Valladolid CF,CA Osasuna,A,True
2012-13,2013-04-01,Ath Bilbao,Granada,1,0,H,2012-13_SP1.csv,Athletic Bilbao,Granada CF,H,True
2012-13,2013-04-01,Betis,Getafe,0,0,D,2012-13_SP1.csv,Real Betis Balompié,Getafe CF,D,True
2012-13,2013-04-05,Granada,Betis,1,5,A,2012-13_SP1.csv,Granada CF,Real Betis Balompié,A,True
2012-13,2013-04-06,Barcelona,Mallorca,5,0,H,2012-13_SP1.csv,FC Barcelona,RCD Mallorca,H,True
2012-13,2013-04-06,La Coruna,Zaragoza,3,2,H,2012-13_SP1.csv,Deportivo La Coruña,Real Zaragoza,H,True
2012-13,2013-04-06,Real Madrid,Levante,5,1,H,2012-13_SP1.csv,Real Madrid CF,Levante UD,H,True
2012-13,2013-04-06,Sociedad,Malaga,4,2,H,2012-13_SP1.csv,Real Sociedad,Málaga CF,H,True
2012-13,2013-04-07,Celta,Vallecano,0,2,A,2012-13_SP1.csv,RC Celta de Vigo,Rayo Vallecano,A,True
2012-13,2013-04-07,Getafe,Ath Madrid,0,0,D,2012-13_SP1.csv,Getafe CF,Club Atlético de Madrid,D,True
2012-13,2013-04-07,Osasuna,Espanol,0,2,A,2012-13_SP1.csv,CA Osasuna,RCD Espanyol,A,True
2012-13,2013-04-07,Valencia,Valladolid,2,1,H,2012-13_SP1.csv,Valencia CF,Real Valladolid CF,H,True
2012-13,2013-04-08,Sevilla,Ath Bilbao,2,1,H,2012-13_SP1.csv,Sevilla FC,Athletic Bilbao,H,True
2012-13,2013-04-12,Betis,Sevilla,3,3,D,2012-13_SP1.csv,Real Betis Balompié,Sevilla FC,D,True
2012-13,2013-04-13,Espanol,Valencia,3,3,D,2012-13_SP1.csv,RCD Espanyol,Valencia CF,D,True
2012-13,2013-04-13,Levante,La Coruna,0,4,A,2012-13_SP1.csv,Levante UD,Deportivo La Coruña,A,True
2012-13,2013-04-13,Malaga,Osasuna,1,0,H,2012-13_SP1.csv,Málaga CF,CA Osasuna,H,True
2012-13,2013-04-13,Valladolid,Getafe,2,1,H,2012-13_SP1.csv,Real Valladolid CF,Getafe CF,H,True
2012-13,2013-04-14,Ath Bilbao,Real Madrid,0,3,A,2012-13_SP1.csv,Athletic Bilbao,Real Madrid CF,A,True
2012-13,2013-04-14,Ath Madrid,Granada,5,0,H,2012-13_SP1.csv,Club Atlético de Madrid,Granada CF,H,True
2012-13,2013-04-14,Vallecano,Sociedad,0,2,A,2012-13_SP1.csv,Rayo Vallecano,Real Sociedad,A,True
2012-13,2013-04-14,Zaragoza,Barcelona,0,3,A,2012-13_SP1.csv,Real Zaragoza,FC Barcelona,A,True
2012-13,2013-04-15,Mallorca,Celta,1,0,H,2012-13_SP1.csv,RCD Mallorca,RC Celta de Vigo,H,True
2012-13,2013-04-19,Mallorca,Vallecano,1,1,D,2012-13_SP1.csv,RCD Mallorca,Rayo Vallecano,D,True
2012-13,2013-04-20,Barcelona,Levante,1,0,H,2012-13_SP1.csv,FC Barcelona,Levante UD,H,True
2012-13,2013-04-20,Granada,Valladolid,1,1,D,2012-13_SP1.csv,Granada CF,Real Valladolid CF,D,True
2012-13,2013-04-20,Real Madrid,Betis,3,1,H,2012-13_SP1.csv,Real Madrid CF,Real Betis Balompié,H,True
2012-13,2013-04-20,Valencia,Malaga,5,1,H,2012-13_SP1.csv,Valencia CF,Málaga CF,H,True
2012-13,2013-04-21,Getafe,Espanol,0,2,A,2012-13_SP1.csv,Getafe CF,RCD Espanyol,A,True
2012-13,2013-04-21,La Coruna,Ath Bilbao,1,1,D,2012-13_SP1.csv,Deportivo La Coruña,Athletic Bilbao,D,True
2012-13,2013-04-21,Osasuna,Sociedad,0,0,D,2012-13_SP1.csv,CA Osasuna,Real Sociedad,D,True
2012-13,2013-04-21,Sevilla,Ath Madrid,0,1,A,2012-13_SP1.csv,Sevilla FC,Club Atlético de Madrid,A,True
2012-13,2013-04-22,Celta,Zaragoza,2,1,H,2012-13_SP1.csv,RC Celta de Vigo,Real Zaragoza,H,True
2012-13,2013-04-26,Vallecano,Osasuna,2,2,D,2012-13_SP1.csv,Rayo Vallecano,CA Osasuna,D,True
2012-13,2013-04-27,Ath Bilbao,Barcelona,2,2,D,2012-13_SP1.csv,Athletic Bilbao,FC Barcelona,D,True
2012-13,2013-04-27,Ath Madrid,Real Madrid,1,2,A,2012-13_SP1.csv,Club Atlético de Madrid,Real Madrid CF,A,True
2012-13,2013-04-27,Levante,Celta,0,1,A,2012-13_SP1.csv,Levante UD,RC Celta de Vigo,A,True
2012-13,2013-04-27,Zaragoza,Mallorca,3,2,H,2012-13_SP1.csv,Real Zaragoza,RCD Mallorca,H,True
2012-13,2013-04-28,Espanol,Granada,0,1,A,2012-13_SP1.csv,RCD Espanyol,Granada CF,A,True
2012-13,2013-04-28,Malaga,Getafe,2,1,H,2012-13_SP1.csv,Málaga CF,Getafe CF,H,True
2012-13,2013-04-28,Sociedad,Valencia,4,2,H,2012-13_SP1.csv,Real Sociedad,Valencia CF,H,True
2012-13,2013-04-28,Valladolid,Sevilla,1,1,D,2012-13_SP1.csv,Real Valladolid CF,Sevilla FC,D,True
2012-13,2013-04-29,Betis,La Coruna,1,1,D,2012-13_SP1.csv,Real Betis Balompié,Deportivo La Coruña,D,True
2012-13,2013-05-03,Celta,Ath Bilbao,1,1,D,2012-13_SP1.csv,RC Celta de Vigo,Athletic Bilbao,D,True
2012-13,2013-05-04,Granada,Malaga,1,0,H,2012-13_SP1.csv,Granada CF,Málaga CF,H,True
2012-13,2013-05-04,La Coruna,Ath Madrid,0,0,D,2012-13_SP1.csv,Deportivo La Coruña,Club Atlético de Madrid,D,True
2012-13,2013-05-04,Real Madrid,Valladolid,4,3,H,2012-13_SP1.csv,Real Madrid CF,Real Valladolid CF,H,True
2012-13,2013-05-04,Valencia,Osasuna,4,0,H,2012-13_SP1.csv,Valencia CF,CA Osasuna,H,True
2012-13,2013-05-05,Barcelona,Betis,4,2,H,2012-13_SP1.csv,FC Barcelona,Real Betis Balompié,H,True
2012-13,2013-05-05,Mallorca,Levante,1,1,D,2012-13_SP1.csv,RCD Mallorca,Levante UD,D,True
2012-13,2013-05-05,Sevilla,Espanol,3,0,H,2012-13_SP1.csv,Sevilla FC,RCD Espanyol,H,True
2012-13,2013-05-05,Zaragoza,Vallecano,3,0,H,2012-13_SP1.csv,Real Zaragoza,Rayo Vallecano,H,True
2012-13,2013-05-06,Getafe,Sociedad,2,1,H,2012-13_SP1.csv,Getafe CF,Real Sociedad,H,True
2012-13,2013-05-08,Celta,Ath Madrid,1,3,A,2012-13_SP1.csv,RC Celta de Vigo,Club Atlético de Madrid,A,True
2012-13,2013-05-08,Real Madrid,Malaga,6,2,H,2012-13_SP1.csv,Real Madrid CF,Málaga CF,H,True
2012-13,2013-05-10,Levante,Zaragoza,0,0,D,2012-13_SP1.csv,Levante UD,Real Zaragoza,D,True
2012-13,2013-05-11,Ath Bilbao,Mallorca,2,1,H,2012-13_SP1.csv,Athletic Bilbao,RCD Mallorca,H,True
2012-13,2013-05-11,Espanol,Real Madrid,1,1,D,2012-13_SP1.csv,RCD Espanyol,Real Madrid CF,D,True
2012-13,2013-05-11,Osasuna,Getafe,1,0,H,2012-13_SP1.csv,CA Osasuna,Getafe CF,H,True
2012-13,2013-05-11,Valladolid,La Coruna,1,0,H,2012-13_SP1.csv,Real Valladolid CF,Deportivo La Coruña,H,True
2012-13,2013-05-12,Ath Madrid,Barcelona,1,2,A,2012-13_SP1.csv,Club Atlético de Madrid,FC Barcelona,A,True
2012-13,2013-05-12,Betis,Celta,1,0,H,2012-13_SP1.csv,Real Betis Balompié,RC Celta de Vigo,H,True
2012-13,2013-05-12,Malaga,Sevilla,0,0,D,2012-13_SP1.csv,Málaga CF,Sevilla FC,D,True
2012-13,2013-05-12,Vallecano,Valencia,0,4,A,2012-13_SP1.csv,Rayo Vallecano,Valencia CF,A,True
2012-13,2013-05-13,Sociedad,Granada,2,2,D,2012-13_SP1.csv,Real Sociedad,Granada CF,D,True
2012-13,2013-05-18,Getafe,Valencia,0,1,A,2012-13_SP1.csv,Getafe CF,Valencia CF,A,True
2012-13,2013-05-18,Granada,Osasuna,3,0,H,2012-13_SP1.csv,Granada CF,CA Osasuna,H,True
2012-13,2013-05-18,Sevilla,Sociedad,1,2,A,2012-13_SP1.csv,Sevilla FC,Real Sociedad,A,True
2012-13,2013-05-19,Barcelona,Valladolid,2,1,H,2012-13_SP1.csv,FC Barcelona,Real Valladolid CF,H,True
2012-13,2013-05-19,La Coruna,Espanol,2,0,H,2012-13_SP1.csv,Deportivo La Coruña,RCD Espanyol,H,True
2012-13,2013-05-19,Levante,Vallecano,2,3,A,2012-13_SP1.csv,Levante UD,Rayo Vallecano,A,True
2012-13,2013-05-19,Zaragoza,Ath Bilbao,1,2,A,2012-13_SP1.csv,Real Zaragoza,Athletic Bilbao,A,True
2012-13,2013-05-20,Mallorca,Betis,1,0,H,2012-13_SP1.csv,RCD Mallorca,Real Betis Balompié,H,True
2012-13,2013-05-26,Ath Bilbao,Levante,0,1,A,2012-13_SP1.csv,Athletic Bilbao,Levante UD,A,True
2012-13,2013-05-26,Ath Madrid,Mallorca,0,0,D,2012-13_SP1.csv,Club Atlético de Madrid,RCD Mallorca,D,True
2012-13,2013-05-26,Betis,Zaragoza,4,0,H,2012-13_SP1.csv,Real Betis Balompié,Real Zaragoza,H,True
2012-13,2013-05-26,Espanol,Barcelona,0,2,A,2012-13_SP1.csv,RCD Espanyol,FC Barcelona,A,True
2012-13,2013-05-26,Getafe,Vallecano,1,2,A,2012-13_SP1.csv,Getafe CF,Rayo Vallecano,A,True
2012-13,2013-05-26,Malaga,La Coruna,3,1,H,2012-13_SP1.csv,Málaga CF,Deportivo La Coruña,H,True
2012-13,2013-05-26,Osasuna,Sevilla,2,1,H,2012-13_SP1.csv,CA Osasuna,Sevilla FC,H,True
2012-13,2013-05-26,Sociedad,Real Madrid,3,3,D,2012-13_SP1.csv,Real Sociedad,Real Madrid CF,D,True
2012-13,2013-05-26,Valencia,Granada,1,0,H,2012-13_SP1.csv,Valencia CF,Granada CF,H,True
2012-13,2013-05-26,Valladolid,Celta,0,2,A,2012-13_SP1.csv,Real Valladolid CF,RC Celta de Vigo,A,True
2012-13,2013-06-01,Barcelona,Malaga,4,1,H,2012-13_SP1.csv,FC Barcelona,Málaga CF,H,True
2012-13,2013-06-01,Celta,Espanol,1,0,H,2012-13_SP1.csv,RC Celta de Vigo,RCD Espanyol,H,True
2012-13,2013-06-01,Granada,Getafe,2,0,H,2012-13_SP1.csv,Granada CF,Getafe CF,H,True
2012-13,2013-06-01,La Coruna,Sociedad,0,1,A,2012-13_SP1.csv,Deportivo La Coruña,Real Sociedad,A,True
2012-13,2013-06-01,Levante,Betis,1,1,D,2012-13_SP1.csv,Levante UD,Real Betis Balompié,D,True
2012-13,2013-06-01,Mallorca,Valladolid,4,2,H,2012-13_SP1.csv,RCD Mallorca,Real Valladolid CF,H,True
2012-13,2013-06-01,Real Madrid,Osasuna,4,2,H,2012-13_SP1.csv,Real Madrid CF,CA Osasuna,H,True
2012-13,2013-06-01,Sevilla,Valencia,4,3,H,2012-13_SP1.csv,Sevilla FC,Valencia CF,H,True
2012-13,2013-06-01,Vallecano,Ath Bilbao,2,2,D,2012-13_SP1.csv,Rayo Vallecano,Athletic Bilbao,D,True
2012-13,2013-06-01,Zaragoza,Ath Madrid,1,3,A,2012-13_SP1.csv,Real Zaragoza,Club Atlético de Madrid,A,True
2013-14,2013-08-17,Sociedad,Getafe,2,0,H,2013-14_SP1.csv,Real Sociedad,Getafe CF,H,True
2013-14,2013-08-17,Valencia,Malaga,1,0,H,2013-14_SP1.csv,Valencia CF,Málaga CF,H,True
2013-14,2013-08-17,Valladolid,Ath Bilbao,1,2,A,2013-14_SP1.csv,Real Valladolid CF,Athletic Bilbao,A,True
2013-14,2013-08-18,Barcelona,Levante,7,0,H,2013-14_SP1.csv,FC Barcelona,Levante UD,H,True
2013-14,2013-08-18,Osasuna,Granada,1,2,A,2013-14_SP1.csv,CA Osasuna,Granada CF,A,True
2013-14,2013-08-18,Real Madrid,Betis,2,1,H,2013-14_SP1.csv,Real Madrid CF,Real Betis Balompié,H,True
2013-14,2013-08-18,Sevilla,Ath Madrid,1,3,A,2013-14_SP1.csv,Sevilla FC,Club Atlético de Madrid,A,True
2013-14,2013-08-19,Almeria,Villarreal,2,3,A,2013-14_SP1.csv,UD Almería,Villarreal CF,A,True
2013-14,2013-08-19,Celta,Espanol,2,2,D,2013-14_SP1.csv,RC Celta de Vigo,RCD Espanyol,D,True
2013-14,2013-08-19,Vallecano,Elche,3,0,H,2013-14_SP1.csv,Rayo Vallecano,Elche CF,H,True
2013-14,2013-08-23,Ath Bilbao,Osasuna,2,0,H,2013-14_SP1.csv,Athletic Bilbao,CA Osasuna,H,True
2013-14,2013-08-23,Getafe,Almeria,2,2,D,2013-14_SP1.csv,Getafe CF,UD Almería,D,True
2013-14,2013-08-24,Elche,Sociedad,1,1,D,2013-14_SP1.csv,Elche CF,Real Sociedad,D,True
2013-14,2013-08-24,Espanol,Valencia,3,1,H,2013-14_SP1.csv,RCD Espanyol,Valencia CF,H,True
2013-14,2013-08-24,Villarreal,Valladolid,2,1,H,2013-14_SP1.csv,Villarreal CF,Real Valladolid CF,H,True
2013-14,2013-08-25,Ath Madrid,Vallecano,5,0,H,2013-14_SP1.csv,Club Atlético de Madrid,Rayo Vallecano,H,True
2013-14,2013-08-25,Betis,Celta,1,2,A,2013-14_SP1.csv,Real Betis Balompié,RC Celta de Vigo,A,True
2013-14,2013-08-25,Levante,Sevilla,0,0,D,2013-14_SP1.csv,Levante UD,Sevilla FC,D,True
2013-14,2013-08-25,Malaga,Barcelona,0,1,A,2013-14_SP1.csv,Málaga CF,FC Barcelona,A,True
2013-14,2013-08-26,Granada,Real Madrid,0,1,A,2013-14_SP1.csv,Granada CF,Real Madrid CF,A,True
2013-14,2013-08-30,Almeria,Elche,2,2,D,2013-14_SP1.csv,UD Almería,Elche CF,D,True
2013-14,2013-08-30,Vallecano,Levante,1,2,A,2013-14_SP1.csv,Rayo Vallecano,Levante UD,A,True
2013-14,2013-08-31,Celta,Granada,1,1,D,2013-14_SP1.csv,RC Celta de Vigo,Granada CF,D,True
2013-14,2013-08-31,Osasuna,Villarreal,0,3,A,2013-14_SP1.csv,CA Osasuna,Villarreal CF,A,True
2013-14,2013-08-31,Valladolid,Getafe,1,0,H,2013-14_SP1.csv,Real Valladolid CF,Getafe CF,H,True
2013-14,2013-09-01,Espanol,Betis,0,0,D,2013-14_SP1.csv,RCD Espanyol,Real Betis Balompié,D,True
2013-14,2013-09-01,Real Madrid,Ath Bilbao,3,1,H,2013-14_SP1.csv,Real Madrid CF,Athletic Bilbao,H,True
2013-14,2013-09-01,Sevilla,Malaga,2,2,D,2013-14_SP1.csv,Sevilla FC,Málaga CF,D,True
2013-14,2013-09-01,Sociedad,Ath Madrid,1,2,A,2013-14_SP1.csv,Real Sociedad,Club Atlético de Madrid,A,True
2013-14,2013-09-01,Valencia,Barcelona,2,3,A,2013-14_SP1.csv,Valencia CF,FC Barcelona,A,True
2013-14,2013-09-14,Ath Madrid,Almeria,4,2,H,2013-14_SP1.csv,Club Atlético de Madrid,UD Almería,H,True
2013-14,2013-09-14,Barcelona,Sevilla,3,2,H,2013-14_SP1.csv,FC Barcelona,Sevilla FC,H,True
2013-14,2013-09-14,Levante,Sociedad,0,0,D,2013-14_SP1.csv,Levante UD,Real Sociedad,D,True
2013-14,2013-09-14,Villarreal,Real Madrid,2,2,D,2013-14_SP1.csv,Villarreal CF,Real Madrid CF,D,True
2013-14,2013-09-15,Betis,Valencia,3,1,H,2013-14_SP1.csv,Real Betis Balompié,Valencia CF,H,True
2013-14,2013-09-15,Getafe,Osasuna,2,1,H,2013-14_SP1.csv,Getafe CF,CA Osasuna,H,True
2013-14,2013-09-15,Granada,Espanol,0,1,A,2013-14_SP1.csv,Granada CF,RCD Espanyol,A,True
2013-14,2013-09-15,Malaga,Vallecano,5,0,H,2013-14_SP1.csv,Málaga CF,Rayo Vallecano,H,True
2013-14,2013-09-16,Ath Bilbao,Celta,3,2,H,2013-14_SP1.csv,Athletic Bilbao,RC Celta de Vigo,H,True
2013-14,2013-09-16,Elche,Valladolid,0,0,D,2013-14_SP1.csv,Elche CF,Real Valladolid CF,D,True
2013-14,2013-09-20,Osasuna,Elche,2,1,H,2013-14_SP1.csv,CA Osasuna,Elche CF,H,True
2013-14,2013-09-21,Almeria,Levante,2,2,D,2013-14_SP1.csv,UD Almería,Levante UD,D,True
2013-14,2013-09-21,Sociedad,Malaga,0,0,D,2013-14_SP1.csv,Real Sociedad,Málaga CF,D,True
2013-14,2013-09-21,Valladolid,Ath Madrid,0,2,A,2013-14_SP1.csv,Real Valladolid CF,Club Atlético de Madrid,A,True
2013-14,2013-09-21,Vallecano,Barcelona,0,4,A,2013-14_SP1.csv,Rayo Vallecano,FC Barcelona,A,True
2013-14,2013-09-22,Betis,Granada,0,0,D,2013-14_SP1.csv,Real Betis Balompié,Granada CF,D,True
2013-14,2013-09-22,Celta,Villarreal,0,0,D,2013-14_SP1.csv,RC Celta de Vigo,Villarreal CF,D,True
2013-14,2013-09-22,Real Madrid,Getafe,4,1,H,2013-14_SP1.csv,Real Madrid CF,Getafe CF,H,True
2013-14,2013-09-22,Valencia,Sevilla,3,1,H,2013-14_SP1.csv,Valencia CF,Sevilla FC,H,True
2013-14,2013-09-23,Espanol,Ath Bilbao,3,2,H,2013-14_SP1.csv,RCD Espanyol,Athletic Bilbao,H,True
2013-14,2013-09-24,Ath Madrid,Osasuna,2,1,H,2013-14_SP1.csv,Club Atlético de Madrid,CA Osasuna,H,True
2013-14,2013-09-24,Barcelona,Sociedad,4,1,H,2013-14_SP1.csv,FC Barcelona,Real Sociedad,H,True
2013-14,2013-09-24,Levante,Valladolid,1,1,D,2013-14_SP1.csv,Levante UD,Real Valladolid CF,D,True
2013-14,2013-09-24,Malaga,Almeria,2,0,H,2013-14_SP1.csv,Málaga CF,UD Almería,H,True
2013-14,2013-09-25,Elche,Real Madrid,1,2,A,2013-14_SP1.csv,Elche CF,Real Madrid CF,A,True
2013-14,2013-09-25,Granada,Valencia,0,1,A,2013-14_SP1.csv,Granada CF,Valencia CF,A,True
2013-14,2013-09-25,Sevilla,Vallecano,4,1,H,2013-14_SP1.csv,Sevilla FC,Rayo Vallecano,H,True
2013-14,2013-09-26,Ath Bilbao,Betis,2,1,H,2013-14_SP1.csv,Athletic Bilbao,Real Betis Balompié,H,True
2013-14,2013-09-26,Getafe,Celta,2,0,H,2013-14_SP1.csv,Getafe CF,RC Celta de Vigo,H,True
2013-14,2013-09-26,Villarreal,Espanol,2,1,H,2013-14_SP1.csv,Villarreal CF,RCD Espanyol,H,True
2013-14,2013-09-27,Valladolid,Malaga,2,2,D,2013-14_SP1.csv,Real Valladolid CF,Málaga CF,D,True
2013-14,2013-09-28,Almeria,Barcelona,0,2,A,2013-14_SP1.csv,UD Almería,FC Barcelona,A,True
2013-14,2013-09-28,Real Madrid,Ath Madrid,0,1,A,2013-14_SP1.csv,Real Madrid CF,Club Atlético de Madrid,A,True
2013-14,2013-09-28,Sociedad,Sevilla,1,1,D,2013-14_SP1.csv,Real Sociedad,Sevilla FC,D,True
2013-14,2013-09-28,Valencia,Vallecano,1,0,H,2013-14_SP1.csv,Valencia CF,Rayo Vallecano,H,True
2013-14,2013-09-29,Betis,Villarreal,1,0,H,2013-14_SP1.csv,Real Betis Balompié,Villarreal CF,H,True
2013-14,2013-09-29,Celta,Elche,0,1,A,2013-14_SP1.csv,RC Celta de Vigo,Elche CF,A,True
2013-14,2013-09-29,Espanol,Getafe,0,2,A,2013-14_SP1.csv,RCD Espanyol,Getafe CF,A,True
2013-14,2013-09-29,Osasuna,Levante,0,1,A,2013-14_SP1.csv,CA Osasuna,Levante UD,A,True
2013-14,2013-09-30,Granada,Ath Bilbao,2,0,H,2013-14_SP1.csv,Granada CF,Athletic Bilbao,H,True
2013-14,2013-10-04,Malaga,Osasuna,0,1,A,2013-14_SP1.csv,Málaga CF,CA Osasuna,A,True
2013-14,2013-10-04,Villarreal,Granada,3,0,H,2013-14_SP1.csv,Villarreal CF,Granada CF,H,True
2013-14,2013-10-05,Barcelona,Valladolid,4,1,H,2013-14_SP1.csv,FC Barcelona,Real Valladolid CF,H,True
2013-14,2013-10-05,Elche,Espanol,2,1,H,2013-14_SP1.csv,Elche CF,RCD Espanyol,H,True
2013-14,2013-10-05,Levante,Real Madrid,2,3,A,2013-14_SP1.csv,Levante UD,Real Madrid CF,A,True
2013-14,2013-10-05,Vallecano,Sociedad,1,0,H,2013-14_SP1.csv,Rayo Vallecano,Real Sociedad,H,True
2013-14,2013-10-06,Ath Bilbao,Valencia,1,1,D,2013-14_SP1.csv,Athletic Bilbao,Valencia CF,D,True
2013-14,2013-10-06,Ath Madrid,Celta,2,1,H,2013-14_SP1.csv,Club Atlético de Madrid,RC Celta de Vigo,H,True
2013-14,2013-10-06,Getafe,Betis,3,1,H,2013-14_SP1.csv,Getafe CF,Real Betis Balompié,H,True
2013-14,2013-10-06,Sevilla,Almeria,2,1,H,2013-14_SP1.csv,Sevilla FC,UD Almería,H,True
2013-14,2013-10-19,Espanol,Ath Madrid,1,0,H,2013-14_SP1.csv,RCD Espanyol,Club Atlético de Madrid,H,True
2013-14,2013-10-19,Osasuna,Barcelona,0,0,D,2013-14_SP1.csv,CA Osasuna,FC Barcelona,D,True
2013-14,2013-10-19,Real Madrid,Malaga,2,0,H,2013-14_SP1.csv,Real Madrid CF,Málaga CF,H,True
2013-14,2013-10-19,Valencia,Sociedad,1,2,A,2013-14_SP1.csv,Valencia CF,Real Sociedad,A,True
2013-14,2013-10-20,Almeria,Vallecano,0,1,A,2013-14_SP1.csv,UD Almería,Rayo Vallecano,A,True
2013-14,2013-10-20,Betis,Elche,1,2,A,2013-14_SP1.csv,Real Betis Balompié,Elche CF,A,True
2013-14,2013-10-20,Granada,Getafe,0,2,A,2013-14_SP1.csv,Granada CF,Getafe CF,A,True
2013-14,2013-10-20,Valladolid,Sevilla,2,2,D,2013-14_SP1.csv,Real Valladolid CF,Sevilla FC,D,True
2013-14,2013-10-21,Ath Bilbao,Villarreal,2,0,H,2013-14_SP1.csv,Athletic Bilbao,Villarreal CF,H,True
2013-14,2013-10-21,Celta,Levante,0,1,A,2013-14_SP1.csv,RC Celta de Vigo,Levante UD,A,True
2013-14,2013-10-25,Vallecano,Valladolid,0,3,A,2013-14_SP1.csv,Rayo Vallecano,Real Valladolid CF,A,True
2013-14,2013-10-26,Barcelona,Real Madrid,2,1,H,2013-14_SP1.csv,FC Barcelona,Real Madrid CF,H,True
2013-14,2013-10-26,Elche,Granada,0,1,A,2013-14_SP1.csv,Elche CF,Granada CF,A,True
2013-14,2013-10-26,Levante,Espanol,3,0,H,2013-14_SP1.csv,Levante UD,RCD Espanyol,H,True
2013-14,2013-10-26,Malaga,Celta,0,5,A,2013-14_SP1.csv,Málaga CF,RC Celta de Vigo,A,True
2013-14,2013-10-27,Ath Madrid,Betis,5,0,H,2013-14_SP1.csv,Club Atlético de Madrid,Real Betis Balompié,H,True
2013-14,2013-10-27,Sevilla,Osasuna,2,1,H,2013-14_SP1.csv,Sevilla FC,CA Osasuna,H,True
2013-14,2013-10-27,Sociedad,Almeria,3,0,H,2013-14_SP1.csv,Real Sociedad,UD Almería,H,True
2013-14,2013-10-27,Villarreal,Valencia,4,1,H,2013-14_SP1.csv,Villarreal CF,Valencia CF,H,True
2013-14,2013-10-28,Getafe,Ath Bilbao,0,1,A,2013-14_SP1.csv,Getafe CF,Athletic Bilbao,A,True
2013-14,2013-10-29,Celta,Barcelona,0,3,A,2013-14_SP1.csv,RC Celta de Vigo,FC Barcelona,A,True
2013-14,2013-10-29,Espanol,Malaga,0,0,D,2013-14_SP1.csv,RCD Espanyol,Málaga CF,D,True
2013-14,2013-10-30,Osasuna,Vallecano,3,1,H,2013-14_SP1.csv,CA Osasuna,Rayo Vallecano,H,True
2013-14,2013-10-30,Real Madrid,Sevilla,7,3,H,2013-14_SP1.csv,Real Madrid CF,Sevilla FC,H,True
2013-14,2013-10-30,Valencia,Almeria,1,2,A,2013-14_SP1.csv,Valencia CF,UD Almería,A,True
2013-14,2013-10-30,Valladolid,Sociedad,2,2,D,2013-14_SP1.csv,Real Valladolid CF,Real Sociedad,D,True
2013-14,2013-10-31,Ath Bilbao,Elche,2,2,D,2013-14_SP1.csv,Athletic Bilbao,Elche CF,D,True
2013-14,2013-10-31,Betis,Levante,0,0,D,2013-14_SP1.csv,Real Betis Balompié,Levante UD,D,True
2013-14,2013-10-31,Granada,Ath Madrid,1,2,A,2013-14_SP1.csv,Granada CF,Club Atlético de Madrid,A,True
2013-14,2013-10-31,Villarreal,Getafe,0,2,A,2013-14_SP1.csv,Villarreal CF,Getafe CF,A,True
2013-14,2013-11-01,Barcelona,Espanol,1,0,H,2013-14_SP1.csv,FC Barcelona,RCD Espanyol,H,True
2013-14,2013-11-02,Almeria,Valladolid,1,0,H,2013-14_SP1.csv,UD Almería,Real Valladolid CF,H,True
2013-14,2013-11-02,Sevilla,Celta,0,1,A,2013-14_SP1.csv,Sevilla FC,RC Celta de Vigo,A,True
2013-14,2013-11-02,Sociedad,Osasuna,5,0,H,2013-14_SP1.csv,Real Sociedad,CA Osasuna,H,True
2013-14,2013-11-02,Vallecano,Real Madrid,2,3,A,2013-14_SP1.csv,Rayo Vallecano,Real Madrid CF,A,True
2013-14,2013-11-03,Ath Madrid,Ath Bilbao,2,0,H,2013-14_SP1.csv,Club Atlético de Madrid,Athletic Bilbao,H,True
2013-14,2013-11-03,Getafe,Valencia,0,1,A,2013-14_SP1.csv,Getafe CF,Valencia CF,A,True
2013-14,2013-11-03,Levante,Granada,0,1,A,2013-14_SP1.csv,Levante UD,Granada CF,A,True
2013-14,2013-11-03,Malaga,Betis,3,2,H,2013-14_SP1.csv,Málaga CF,Real Betis Balompié,H,True
2013-14,2013-11-04,Elche,Villarreal,0,1,A,2013-14_SP1.csv,Elche CF,Villarreal CF,A,True
2013-14,2013-11-08,Granada,Malaga,3,1,H,2013-14_SP1.csv,Granada CF,Málaga CF,H,True
2013-14,2013-11-08,Osasuna,Almeria,0,1,A,2013-14_SP1.csv,CA Osasuna,UD Almería,A,True
2013-14,2013-11-09,Ath Bilbao,Levante,2,1,H,2013-14_SP1.csv,Athletic Bilbao,Levante UD,H,True
2013-14,2013-11-09,Celta,Vallecano,0,2,A,2013-14_SP1.csv,RC Celta de Vigo,Rayo Vallecano,A,True
2013-14,2013-11-09,Getafe,Elche,1,1,D,2013-14_SP1.csv,Getafe CF,Elche CF,D,True
2013-14,2013-11-09,Real Madrid,Sociedad,5,1,H,2013-14_SP1.csv,Real Madrid CF,Real Sociedad,H,True
2013-14,2013-11-10,Betis,Barcelona,1,4,A,2013-14_SP1.csv,Real Betis Balompié,FC Barcelona,A,True
2013-14,2013-11-10,Espanol,Sevilla,1,3,A,2013-14_SP1.csv,RCD Espanyol,Sevilla FC,A,True
2013-14,2013-11-10,Valencia,Valladolid,2,2,D,2013-14_SP1.csv,Valencia CF,Real Valladolid CF,D,True
2013-14,2013-11-10,Villarreal,Ath Madrid,1,1,D,2013-14_SP1.csv,Villarreal CF,Club Atlético de Madrid,D,True
2013-14,2013-11-22,Valladolid,Osasuna,0,1,A,2013-14_SP1.csv,Real Valladolid CF,CA Osasuna,A,True
2013-14,2013-11-23,Almeria,Real Madrid,0,5,A,2013-14_SP1.csv,UD Almería,Real Madrid CF,A,True
2013-14,2013-11-23,Ath Madrid,Getafe,7,0,H,2013-14_SP1.csv,Club Atlético de Madrid,Getafe CF,H,True
2013-14,2013-11-23,Barcelona,Granada,4,0,H,2013-14_SP1.csv,FC Barcelona,Granada CF,H,True
2013-14,2013-11-23,Sociedad,Celta,4,3,H,2013-14_SP1.csv,Real Sociedad,RC Celta de Vigo,H,True
2013-14,2013-11-24,Elche,Valencia,2,1,H,2013-14_SP1.csv,Elche CF,Valencia CF,H,True
2013-14,2013-11-24,Levante,Villarreal,0,3,A,2013-14_SP1.csv,Levante UD,Villarreal CF,A,True
2013-14,2013-11-24,Sevilla,Betis,4,0,H,2013-14_SP1.csv,Sevilla FC,Real Betis Balompié,H,True
2013-14,2013-11-24,Vallecano,Espanol,1,4,A,2013-14_SP1.csv,Rayo Vallecano,RCD Espanyol,A,True
2013-14,2013-11-25,Malaga,Ath Bilbao,1,2,A,2013-14_SP1.csv,Málaga CF,Athletic Bilbao,A,True
2013-14,2013-11-29,Getafe,Levante,1,0,H,2013-14_SP1.csv,Getafe CF,Levante UD,H,True
2013-14,2013-11-29,Villarreal,Malaga,1,1,D,2013-14_SP1.csv,Villarreal CF,Málaga CF,D,True
2013-14,2013-11-30,Celta,Almeria,3,1,H,2013-14_SP1.csv,RC Celta de Vigo,UD Almería,H,True
2013-14,2013-11-30,Elche,Ath Madrid,0,2,A,2013-14_SP1.csv,Elche CF,Club Atlético de Madrid,A,True
2013-14,2013-11-30,Espanol,Sociedad,1,2,A,2013-14_SP1.csv,RCD Espanyol,Real Sociedad,A,True
2013-14,2013-11-30,Real Madrid,Valladolid,4,0,H,2013-14_SP1.csv,Real Madrid CF,Real Valladolid CF,H,True
2013-14,2013-12-01,Ath Bilbao,Barcelona,1,0,H,2013-14_SP1.csv,Athletic Bilbao,FC Barcelona,H,True
2013-14,2013-12-01,Betis,Vallecano,2,2,D,2013-14_SP1.csv,Real Betis Balompié,Rayo Vallecano,D,True
2013-14,2013-12-01,Granada,Sevilla,1,2,A,2013-14_SP1.csv,Granada CF,Sevilla FC,A,True
2013-14,2013-12-01,Valencia,Osasuna,3,0,H,2013-14_SP1.csv,Valencia CF,CA Osasuna,H,True
2013-14,2013-12-13,Levante,Elche,2,1,H,2013-14_SP1.csv,Levante UD,Elche CF,H,True
2013-14,2013-12-14,Barcelona,Villarreal,2,1,H,2013-14_SP1.csv,FC Barcelona,Villarreal CF,H,True
2013-14,2013-12-14,Malaga,Getafe,1,0,H,2013-14_SP1.csv,Málaga CF,Getafe CF,H,True
2013-14,2013-12-14,Osasuna,Real Madrid,2,2,D,2013-14_SP1.csv,CA Osasuna,Real Madrid CF,D,True
2013-14,2013-12-14,Vallecano,Granada,0,2,A,2013-14_SP1.csv,Rayo Vallecano,Granada CF,A,True
2013-14,2013-12-15,Almeria,Espanol,0,0,D,2013-14_SP1.csv,UD Almería,RCD Espanyol,D,True
2013-14,2013-12-15,Ath Madrid,Valencia,3,0,H,2013-14_SP1.csv,Club Atlético de Madrid,Valencia CF,H,True
2013-14,2013-12-15,Sevilla,Ath Bilbao,1,1,D,2013-14_SP1.csv,Sevilla FC,Athletic Bilbao,D,True
2013-14,2013-12-15,Sociedad,Betis,5,1,H,2013-14_SP1.csv,Real Sociedad,Real Betis Balompié,H,True
2013-14,2013-12-16,Valladolid,Celta,3,0,H,2013-14_SP1.csv,Real Valladolid CF,RC Celta de Vigo,H,True
2013-14,2013-12-20,Elche,Malaga,0,1,A,2013-14_SP1.csv,Elche CF,Málaga CF,A,True
2013-14,2013-12-21,Ath Madrid,Levante,3,2,H,2013-14_SP1.csv,Club Atlético de Madrid,Levante UD,H,True
2013-14,2013-12-21,Betis,Almeria,0,1,A,2013-14_SP1.csv,Real Betis Balompié,UD Almería,A,True
2013-14,2013-12-21,Granada,Sociedad,1,3,A,2013-14_SP1.csv,Granada CF,Real Sociedad,A,True
2013-14,2013-12-21,Villarreal,Sevilla,1,2,A,2013-14_SP1.csv,Villarreal CF,Sevilla FC,A,True
2013-14,2013-12-22,Ath Bilbao,Vallecano,2,1,H,2013-14_SP1.csv,Athletic Bilbao,Rayo Vallecano,H,True
2013-14,2013-12-22,Celta,Osasuna,1,1,D,2013-14_SP1.csv,RC Celta de Vigo,CA Osasuna,D,True
2013-14,2013-12-22,Espanol,Valladolid,4,2,H,2013-14_SP1.csv,RCD Espanyol,Real Valladolid CF,H,True
2013-14,2013-12-22,Getafe,Barcelona,2,5,A,2013-14_SP1.csv,Getafe CF,FC Barcelona,A,True
2013-14,2013-12-22,Valencia,Real Madrid,2,3,A,2013-14_SP1.csv,Valencia CF,Real Madrid CF,A,True
2013-14,2014-01-04,Almeria,Granada,3,0,H,2013-14_SP1.csv,UD Almería,Granada CF,H,True
2013-14,2014-01-04,Malaga,Ath Madrid,0,1,A,2013-14_SP1.csv,Málaga CF,Club Atlético de Madrid,A,True
2013-14,2014-01-04,Valencia,Levante,2,0,H,2013-14_SP1.csv,Valencia CF,Levante UD,H,True
2013-14,2014-01-04,Valladolid,Betis,0,0,D,2013-14_SP1.csv,Real Valladolid CF,Real Betis Balompié,D,True
2013-14,2014-01-05,Barcelona,Elche,4,0,H,2013-14_SP1.csv,FC Barcelona,Elche CF,H,True
2013-14,2014-01-05,Osasuna,Espanol,1,0,H,2013-14_SP1.csv,CA Osasuna,RCD Espanyol,H,True
2013-14,2014-01-05,Sevilla,Getafe,3,0,H,2013-14_SP1.csv,Sevilla FC,Getafe CF,H,True
2013-14,2014-01-05,Sociedad,Ath Bilbao,2,0,H,2013-14_SP1.csv,Real Sociedad,Athletic Bilbao,H,True
2013-14,2014-01-06,Real Madrid,Celta,3,0,H,2013-14_SP1.csv,Real Madrid CF,RC Celta de Vigo,H,True
2013-14,2014-01-06,Vallecano,Villarreal,2,5,A,2013-14_SP1.csv,Rayo Vallecano,Villarreal CF,A,True
2013-14,2014-01-10,Granada,Valladolid,4,0,H,2013-14_SP1.csv,Granada CF,Real Valladolid CF,H,True
2013-14,2014-01-11,Ath Bilbao,Almeria,6,1,H,2013-14_SP1.csv,Athletic Bilbao,UD Almería,H,True
2013-14,2014-01-11,Ath Madrid,Barcelona,0,0,D,2013-14_SP1.csv,Club Atlético de Madrid,FC Barcelona,D,True
2013-14,2014-01-11,Celta,Valencia,2,1,H,2013-14_SP1.csv,RC Celta de Vigo,Valencia CF,H,True
2013-14,2014-01-11,Elche,Sevilla,1,1,D,2013-14_SP1.csv,Elche CF,Sevilla FC,D,True
2013-14,2014-01-12,Betis,Osasuna,1,2,A,2013-14_SP1.csv,Real Betis Balompié,CA Osasuna,A,True
2013-14,2014-01-12,Espanol,Real Madrid,0,1,A,2013-14_SP1.csv,RCD Espanyol,Real Madrid CF,A,True
2013-14,2014-01-12,Getafe,Vallecano,0,1,A,2013-14_SP1.csv,Getafe CF,Rayo Vallecano,A,True
2013-14,2014-01-12,Levante,Malaga,1,0,H,2013-14_SP1.csv,Levante UD,Málaga CF,H,True
2013-14,2014-01-13,Villarreal,Sociedad,5,1,H,2013-14_SP1.csv,Villarreal CF,Real Sociedad,H,True
2013-14,2014-01-17,Malaga,Valencia,0,0,D,2013-14_SP1.csv,Málaga CF,Valencia CF,D,True
2013-14,2014-01-18,Betis,Real Madrid,0,5,A,2013-14_SP1.csv,Real Betis Balompié,Real Madrid CF,A,True
2013-14,2014-01-18,Elche,Vallecano,2,0,H,2013-14_SP1.csv,Elche CF,Rayo Vallecano,H,True
2013-14,2014-01-18,Espanol,Celta,1,0,H,2013-14_SP1.csv,RCD Espanyol,RC Celta de Vigo,H,True
2013-14,2014-01-18,Granada,Osasuna,0,0,D,2013-14_SP1.csv,Granada CF,CA Osasuna,D,True
2013-14,2014-01-19,Ath Madrid,Sevilla,1,1,D,2013-14_SP1.csv,Club Atlético de Madrid,Sevilla FC,D,True
2013-14,2014-01-19,Getafe,Sociedad,2,2,D,2013-14_SP1.csv,Getafe CF,Real Sociedad,D,True
2013-14,2014-01-19,Levante,Barcelona,1,1,D,2013-14_SP1.csv,Levante UD,FC Barcelona,D,True
2013-14,2014-01-19,Villarreal,Almeria,2,0,H,2013-14_SP1.csv,Villarreal CF,UD Almería,H,True
2013-14,2014-01-20,Ath Bilbao,Valladolid,4,2,H,2013-14_SP1.csv,Athletic Bilbao,Real Valladolid CF,H,True
2013-14,2014-01-24,Celta,Betis,4,2,H,2013-14_SP1.csv,RC Celta de Vigo,Real Betis Balompié,H,True
2013-14,2014-01-25,Real Madrid,Granada,2,0,H,2013-14_SP1.csv,Real Madrid CF,Granada CF,H,True
2013-14,2014-01-25,Sevilla,Levante,2,3,A,2013-14_SP1.csv,Sevilla FC,Levante UD,A,True
2013-14,2014-01-25,Valencia,Espanol,2,2,D,2013-14_SP1.csv,Valencia CF,RCD Espanyol,D,True
2013-14,2014-01-25,Valladolid,Villarreal,1,0,H,2013-14_SP1.csv,Real Valladolid CF,Villarreal CF,H,True
2013-14,2014-01-26,Almeria,Getafe,1,0,H,2013-14_SP1.csv,UD Almería,Getafe CF,H,True
2013-14,2014-01-26,Barcelona,Malaga,3,0,H,2013-14_SP1.csv,FC Barcelona,Málaga CF,H,True
2013-14,2014-01-26,Osasuna,Ath Bilbao,1,5,A,2013-14_SP1.csv,CA Osasuna,Athletic Bilbao,A,True
2013-14,2014-01-26,Vallecano,Ath Madrid,2,4,A,2013-14_SP1.csv,Rayo Vallecano,Club Atlético de Madrid,A,True
2013-14,2014-01-27,Sociedad,Elche,4,0,H,2013-14_SP1.csv,Real Sociedad,Elche CF,H,True
2013-14,2014-01-31,Granada,Celta,1,2,A,2013-14_SP1.csv,Granada CF,RC Celta de Vigo,A,True
2013-14,2014-02-01,Barcelona,Valencia,2,3,A,2013-14_SP1.csv,FC Barcelona,Valencia CF,A,True
2013-14,2014-02-01,Getafe,Valladolid,0,0,D,2013-14_SP1.csv,Getafe CF,Real Valladolid CF,D,True
2013-14,2014-02-01,Levante,Vallecano,0,0,D,2013-14_SP1.csv,Levante UD,Rayo Vallecano,D,True
2013-14,2014-02-01,Malaga,Sevilla,3,2,H,2013-14_SP1.csv,Málaga CF,Sevilla FC,H,True
2013-14,2014-02-02,Ath Bilbao,Real Madrid,1,1,D,2013-14_SP1.csv,Athletic Bilbao,Real Madrid CF,D,True
2013-14,2014-02-02,Ath Madrid,Sociedad,4,0,H,2013-14_SP1.csv,Club Atlético de Madrid,Real Sociedad,H,True
2013-14,2014-02-02,Betis,Espanol,2,0,H,2013-14_SP1.csv,Real Betis Balompié,RCD Espanyol,H,True
2013-14,2014-02-02,Elche,Almeria,1,0,H,2013-14_SP1.csv,Elche CF,UD Almería,H,True
2013-14,2014-02-03,Villarreal,Osasuna,3,1,H,2013-14_SP1.csv,Villarreal CF,CA Osasuna,H,True
2013-14,2014-02-07,Espanol,Granada,1,0,H,2013-14_SP1.csv,RCD Espanyol,Granada CF,H,True
2013-14,2014-02-08,Almeria,Ath Madrid,2,0,H,2013-14_SP1.csv,UD Almería,Club Atlético de Madrid,H,True
2013-14,2014-02-08,Real Madrid,Villarreal,4,2,H,2013-14_SP1.csv,Real Madrid CF,Villarreal CF,H,True
2013-14,2014-02-08,Valencia,Betis,5,0,H,2013-14_SP1.csv,Valencia CF,Real Betis Balompié,H,True
2013-14,2014-02-08,Vallecano,Malaga,4,1,H,2013-14_SP1.csv,Rayo Vallecano,Málaga CF,H,True
2013-14,2014-02-09,Osasuna,Getafe,2,0,H,2013-14_SP1.csv,CA Osasuna,Getafe CF,H,True
2013-14,2014-02-09,Sevilla,Barcelona,1,4,A,2013-14_SP1.csv,Sevilla FC,FC Barcelona,A,True
2013-14,2014-02-09,Sociedad,Levante,0,0,D,2013-14_SP1.csv,Real Sociedad,Levante UD,D,True
2013-14,2014-02-09,Valladolid,Elche,2,2,D,2013-14_SP1.csv,Real Valladolid CF,Elche CF,D,True
2013-14,2014-02-10,Celta,Ath Bilbao,0,0,D,2013-14_SP1.csv,RC Celta de Vigo,Athletic Bilbao,D,True
2013-14,2014-02-14,Elche,Osasuna,0,0,D,2013-14_SP1.csv,Elche CF,CA Osasuna,D,True
2013-14,2014-02-15,Ath Madrid,Valladolid,3,0,H,2013-14_SP1.csv,Club Atlético de Madrid,Real Valladolid CF,H,True
2013-14,2014-02-15,Barcelona,Vallecano,6,0,H,2013-14_SP1.csv,FC Barcelona,Rayo Vallecano,H,True
2013-14,2014-02-15,Levante,Almeria,1,0,H,2013-14_SP1.csv,Levante UD,UD Almería,H,True
2013-14,2014-02-15,Villarreal,Celta,0,2,A,2013-14_SP1.csv,Villarreal CF,RC Celta de Vigo,A,True
2013-14,2014-02-16,Ath Bilbao,Espanol,1,2,A,2013-14_SP1.csv,Athletic Bilbao,RCD Espanyol,A,True
2013-14,2014-02-16,Getafe,Real Madrid,0,3,A,2013-14_SP1.csv,Getafe CF,Real Madrid CF,A,True
2013-14,2014-02-16,Granada,Betis,1,0,H,2013-14_SP1.csv,Granada CF,Real Betis Balompié,H,True
2013-14,2014-02-16,Sevilla,Valencia,0,0,D,2013-14_SP1.csv,Sevilla FC,Valencia CF,D,True
2013-14,2014-02-17,Malaga,Sociedad,0,1,A,2013-14_SP1.csv,Málaga CF,Real Sociedad,A,True
2013-14,2014-02-21,Valladolid,Levante,1,1,D,2013-14_SP1.csv,Real Valladolid CF,Levante UD,D,True
2013-14,2014-02-22,Almeria,Malaga,0,0,D,2013-14_SP1.csv,UD Almería,Málaga CF,D,True
2013-14,2014-02-22,Celta,Getafe,1,1,D,2013-14_SP1.csv,RC Celta de Vigo,Getafe CF,D,True
2013-14,2014-02-22,Real Madrid,Elche,3,0,H,2013-14_SP1.csv,Real Madrid CF,Elche CF,H,True
2013-14,2014-02-22,Sociedad,Barcelona,3,1,H,2013-14_SP1.csv,Real Sociedad,FC Barcelona,H,True
2013-14,2014-02-23,Betis,Ath Bilbao,0,2,A,2013-14_SP1.csv,Real Betis Balompié,Athletic Bilbao,A,True
2013-14,2014-02-23,Osasuna,Ath Madrid,3,0,H,2013-14_SP1.csv,CA Osasuna,Club Atlético de Madrid,H,True
2013-14,2014-02-23,Valencia,Granada,2,1,H,2013-14_SP1.csv,Valencia CF,Granada CF,H,True
2013-14,2014-02-23,Vallecano,Sevilla,0,1,A,2013-14_SP1.csv,Rayo Vallecano,Sevilla FC,A,True
2013-14,2014-02-24,Espanol,Villarreal,1,2,A,2013-14_SP1.csv,RCD Espanyol,Villarreal CF,A,True
2013-14,2014-02-28,Ath Bilbao,Granada,4,0,H,2013-14_SP1.csv,Athletic Bilbao,Granada CF,H,True
2013-14,2014-03-01,Elche,Celta,1,0,H,2013-14_SP1.csv,Elche CF,RC Celta de Vigo,H,True
2013-14,2014-03-01,Getafe,Espanol,0,0,D,2013-14_SP1.csv,Getafe CF,RCD Espanyol,D,True
2013-14,2014-03-01,Levante,Osasuna,2,0,H,2013-14_SP1.csv,Levante UD,CA Osasuna,H,True
2013-14,2014-03-01,Malaga,Valladolid,1,1,D,2013-14_SP1.csv,Málaga CF,Real Valladolid CF,D,True
2013-14,2014-03-02,Ath Madrid,Real Madrid,2,2,D,2013-14_SP1.csv,Club Atlético de Madrid,Real Madrid CF,D,True
2013-14,2014-03-02,Barcelona,Almeria,4,1,H,2013-14_SP1.csv,FC Barcelona,UD Almería,H,True
2013-14,2014-03-02,Sevilla,Sociedad,1,0,H,2013-14_SP1.csv,Sevilla FC,Real Sociedad,H,True
2013-14,2014-03-02,Vallecano,Valencia,1,0,H,2013-14_SP1.csv,Rayo Vallecano,Valencia CF,H,True
2013-14,2014-03-02,Villarreal,Betis,1,1,D,2013-14_SP1.csv,Villarreal CF,Real Betis Balompié,D,True
2013-14,2014-03-08,Betis,Getafe,2,0,H,2013-14_SP1.csv,Real Betis Balompié,Getafe CF,H,True
2013-14,2014-03-08,Celta,Ath Madrid,0,2,A,2013-14_SP1.csv,RC Celta de Vigo,Club Atlético de Madrid,A,True
2013-14,2014-03-08,Granada,Villarreal,2,0,H,2013-14_SP1.csv,Granada CF,Villarreal CF,H,True
2013-14,2014-03-08,Valladolid,Barcelona,1,0,H,2013-14_SP1.csv,Real Valladolid CF,FC Barcelona,H,True
2013-14,2014-03-09,Almeria,Sevilla,1,3,A,2013-14_SP1.csv,UD Almería,Sevilla FC,A,True
2013-14,2014-03-09,Espanol,Elche,3,1,H,2013-14_SP1.csv,RCD Espanyol,Elche CF,H,True
2013-14,2014-03-09,Real Madrid,Levante,3,0,H,2013-14_SP1.csv,Real Madrid CF,Levante UD,H,True
2013-14,2014-03-09,Valencia,Ath Bilbao,1,1,D,2013-14_SP1.csv,Valencia CF,Athletic Bilbao,D,True
2013-14,2014-03-10,Osasuna,Malaga,0,2,A,2013-14_SP1.csv,CA Osasuna,Málaga CF,A,True
2013-14,2014-03-10,Sociedad,Vallecano,2,3,A,2013-14_SP1.csv,Real Sociedad,Rayo Vallecano,A,True
2013-14,2014-03-14,Getafe,Granada,3,3,D,2013-14_SP1.csv,Getafe CF,Granada CF,D,True
2013-14,2014-03-15,Ath Madrid,Espanol,1,0,H,2013-14_SP1.csv,Club Atlético de Madrid,RCD Espanyol,H,True
2013-14,2014-03-15,Levante,Celta,0,1,A,2013-14_SP1.csv,Levante UD,RC Celta de Vigo,A,True
2013-14,2014-03-15,Malaga,Real Madrid,0,1,A,2013-14_SP1.csv,Málaga CF,Real Madrid CF,A,True
2013-14,2014-03-15,Vallecano,Almeria,3,1,H,2013-14_SP1.csv,Rayo Vallecano,UD Almería,H,True
2013-14,2014-03-16,Barcelona,Osasuna,7,0,H,2013-14_SP1.csv,FC Barcelona,CA Osasuna,H,True
2013-14,2014-03-16,Elche,Betis,0,0,D,2013-14_SP1.csv,Elche CF,Real Betis Balompié,D,True
2013-14,2014-03-16,Sevilla,Valladolid,4,1,H,2013-14_SP1.csv,Sevilla FC,Real Valladolid CF,H,True
2013-14,2014-03-16,Sociedad,Valencia,1,0,H,2013-14_SP1.csv,Real Sociedad,Valencia CF,H,True
2013-14,2014-03-17,Villarreal,Ath Bilbao,1,1,D,2013-14_SP1.csv,Villarreal CF,Athletic Bilbao,D,True
2013-14,2014-03-21,Celta,Malaga,0,2,A,2013-14_SP1.csv,RC Celta de Vigo,Málaga CF,A,True
2013-14,2014-03-22,Ath Bilbao,Getafe,1,0,H,2013-14_SP1.csv,Athletic Bilbao,Getafe CF,H,True
2013-14,2014-03-22,Espanol,Levante,0,0,D,2013-14_SP1.csv,RCD Espanyol,Levante UD,D,True
2013-14,2014-03-22,Granada,Elche,1,0,H,2013-14_SP1.csv,Granada CF,Elche CF,H,True
2013-14,2014-03-22,Valladolid,Vallecano,1,1,D,2013-14_SP1.csv,Real Valladolid CF,Rayo Vallecano,D,True
2013-14,2014-03-23,Betis,Ath Madrid,0,2,A,2013-14_SP1.csv,Real Betis Balompié,Club Atlético de Madrid,A,True
2013-14,2014-03-23,Osasuna,Sevilla,1,2,A,2013-14_SP1.csv,CA Osasuna,Sevilla FC,A,True
2013-14,2014-03-23,Real Madrid,Barcelona,3,4,A,2013-14_SP1.csv,Real Madrid CF,FC Barcelona,A,True
2013-14,2014-03-23,Valencia,Villarreal,2,1,H,2013-14_SP1.csv,Valencia CF,Villarreal CF,H,True
2013-14,2014-03-24,Almeria,Sociedad,4,3,H,2013-14_SP1.csv,UD Almería,Real Sociedad,H,True
2013-14,2014-03-25,Elche,Ath Bilbao,0,0,D,2013-14_SP1.csv,Elche CF,Athletic Bilbao,D,True
2013-14,2014-03-25,Malaga,Espanol,1,2,A,2013-14_SP1.csv,Málaga CF,RCD Espanyol,A,True
2013-14,2014-03-26,Ath Madrid,Granada,1,0,H,2013-14_SP1.csv,Club Atlético de Madrid,Granada CF,H,True
2013-14,2014-03-26,Barcelona,Celta,3,0,H,2013-14_SP1.csv,FC Barcelona,RC Celta de Vigo,H,True
2013-14,2014-03-26,Sevilla,Real Madrid,2,1,H,2013-14_SP1.csv,Sevilla FC,Real Madrid CF,H,True
2013-14,2014-03-26,Vallecano,Osasuna,1,0,H,2013-14_SP1.csv,Rayo Vallecano,CA Osasuna,H,True
2013-14,2014-03-27,Almeria,Valencia,2,2,D,2013-14_SP1.csv,UD Almería,Valencia CF,D,True
2013-14,2014-03-27,Getafe,Villarreal,0,1,A,2013-14_SP1.csv,Getafe CF,Villarreal CF,A,True
2013-14,2014-03-27,Levante,Betis,1,3,A,2013-14_SP1.csv,Levante UD,Real Betis Balompié,A,True
2013-14,2014-03-27,Sociedad,Valladolid,1,0,H,2013-14_SP1.csv,Real Sociedad,Real Valladolid CF,H,True
2013-14,2014-03-29,Ath Bilbao,Ath Madrid,1,2,A,2013-14_SP1.csv,Athletic Bilbao,Club Atlético de Madrid,A,True
2013-14,2014-03-29,Celta,Sevilla,1,0,H,2013-14_SP1.csv,RC Celta de Vigo,Sevilla FC,H,True
2013-14,2014-03-29,Espanol,Barcelona,0,1,A,2013-14_SP1.csv,RCD Espanyol,FC Barcelona,A,True
2013-14,2014-03-29,Real Madrid,Vallecano,5,0,H,2013-14_SP1.csv,Real Madrid CF,Rayo Vallecano,H,True
2013-14,2014-03-30,Osasuna,Sociedad,1,1,D,2013-14_SP1.csv,CA Osasuna,Real Sociedad,D,True
2013-14,2014-03-30,Valencia,Getafe,1,3,A,2013-14_SP1.csv,Valencia CF,Getafe CF,A,True
2013-14,2014-03-30,Valladolid,Almeria,1,0,H,2013-14_SP1.csv,Real Valladolid CF,UD Almería,H,True
2013-14,2014-03-30,Villarreal,Elche,1,1,D,2013-14_SP1.csv,Villarreal CF,Elche CF,D,True
2013-14,2014-03-31,Betis,Malaga,1,2,A,2013-14_SP1.csv,Real Betis Balompié,Málaga CF,A,True
2013-14,2014-03-31,Granada,Levante,0,2,A,2013-14_SP1.csv,Granada CF,Levante UD,A,True
2013-14,2014-04-04,Almeria,Osasuna,1,2,A,2013-14_SP1.csv,UD Almería,CA Osasuna,A,True
2013-14,2014-04-05,Ath Madrid,Villarreal,1,0,H,2013-14_SP1.csv,Club Atlético de Madrid,Villarreal CF,H,True
2013-14,2014-04-05,Barcelona,Betis,3,1,H,2013-14_SP1.csv,FC Barcelona,Real Betis Balompié,H,True
2013-14,2014-04-05,Sociedad,Real Madrid,0,4,A,2013-14_SP1.csv,Real Sociedad,Real Madrid CF,A,True
2013-14,2014-04-05,Vallecano,Celta,3,0,H,2013-14_SP1.csv,Rayo Vallecano,RC Celta de Vigo,H,True
2013-14,2014-04-06,Elche,Getafe,1,0,H,2013-14_SP1.csv,Elche CF,Getafe CF,H,True
2013-14,2014-04-06,Malaga,Granada,4,1,H,2013-14_SP1.csv,Málaga CF,Granada CF,H,True
2013-14,2014-04-06,Sevilla,Espanol,4,1,H,2013-14_SP1.csv,Sevilla FC,RCD Espanyol,H,True
2013-14,2014-04-06,Valladolid,Valencia,0,0,D,2013-14_SP1.csv,Real Valladolid CF,Valencia CF,D,True
2013-14,2014-04-07,Levante,Ath Bilbao,1,2,A,2013-14_SP1.csv,Levante UD,Athletic Bilbao,A,True
2013-14,2014-04-11,Osasuna,Valladolid,0,0,D,2013-14_SP1.csv,CA Osasuna,Real Valladolid CF,D,True
2013-14,2014-04-12,Celta,Sociedad,2,2,D,2013-14_SP1.csv,RC Celta de Vigo,Real Sociedad,D,True
2013-14,2014-04-12,Granada,Barcelona,1,0,H,2013-14_SP1.csv,Granada CF,FC Barcelona,H,True
2013-14,2014-04-12,Real Madrid,Almeria,4,0,H,2013-14_SP1.csv,Real Madrid CF,UD Almería,H,True
2013-14,2014-04-12,Villarreal,Levante,1,0,H,2013-14_SP1.csv,Villarreal CF,Levante UD,H,True
2013-14,2014-04-13,Betis,Sevilla,0,2,A,2013-14_SP1.csv,Real Betis Balompié,Sevilla FC,A,True
2013-14,2014-04-13,Espanol,Vallecano,2,2,D,2013-14_SP1.csv,RCD Espanyol,Rayo Vallecano,D,True
2013-14,2014-04-13,Getafe,Ath Madrid,0,2,A,2013-14_SP1.csv,Getafe CF,Club Atlético de Madrid,A,True
2013-14,2014-04-13,Valencia,Elche,2,1,H,2013-14_SP1.csv,Valencia CF,Elche CF,H,True
2013-14,2014-04-14,Ath Bilbao,Malaga,3,0,H,2013-14_SP1.csv,Athletic Bilbao,Málaga CF,H,True
2013-14,2014-04-18,Ath Madrid,Elche,2,0,H,2013-14_SP1.csv,Club Atlético de Madrid,Elche CF,H,True
2013-14,2014-04-19,Levante,Getafe,0,0,D,2013-14_SP1.csv,Levante UD,Getafe CF,D,True
2013-14,2014-04-19,Osasuna,Valencia,1,1,D,2013-14_SP1.csv,CA Osasuna,Valencia CF,D,True
2013-14,2014-04-19,Sociedad,Espanol,2,1,H,2013-14_SP1.csv,Real Sociedad,RCD Espanyol,H,True
2013-14,2014-04-20,Almeria,Celta,2,4,A,2013-14_SP1.csv,UD Almería,RC Celta de Vigo,A,True
2013-14,2014-04-20,Barcelona,Ath Bilbao,2,1,H,2013-14_SP1.csv,FC Barcelona,Athletic Bilbao,H,True
2013-14,2014-04-20,Sevilla,Granada,4,0,H,2013-14_SP1.csv,Sevilla FC,Granada CF,H,True
2013-14,2014-04-20,Vallecano,Betis,3,1,H,2013-14_SP1.csv,Rayo Vallecano,Real Betis Balompié,H,True
2013-14,2014-04-21,Malaga,Villarreal,2,0,H,2013-14_SP1.csv,Málaga CF,Villarreal CF,H,True
2013-14,2014-04-25,Elche,Levante,1,1,D,2013-14_SP1.csv,Elche CF,Levante UD,D,True
2013-14,2014-04-26,Betis,Sociedad,0,1,A,2013-14_SP1.csv,Real Betis Balompié,Real Sociedad,A,True
2013-14,2014-04-26,Getafe,Malaga,1,0,H,2013-14_SP1.csv,Getafe CF,Málaga CF,H,True
2013-14,2014-04-26,Granada,Vallecano,0,3,A,2013-14_SP1.csv,Granada CF,Rayo Vallecano,A,True
2013-14,2014-04-26,Real Madrid,Osasuna,4,0,H,2013-14_SP1.csv,Real Madrid CF,CA Osasuna,H,True
2013-14,2014-04-27,Ath Bilbao,Sevilla,3,1,H,2013-14_SP1.csv,Athletic Bilbao,Sevilla FC,H,True
2013-14,2014-04-27,Espanol,Almeria,1,2,A,2013-14_SP1.csv,RCD Espanyol,UD Almería,A,True
2013-14,2014-04-27,Valencia,Ath Madrid,0,1,A,2013-14_SP1.csv,Valencia CF,Club Atlético de Madrid,A,True
2013-14,2014-04-27,Villarreal,Barcelona,2,3,A,2013-14_SP1.csv,Villarreal CF,FC Barcelona,A,True
2013-14,2014-04-28,Celta,Valladolid,4,1,H,2013-14_SP1.csv,RC Celta de Vigo,Real Valladolid CF,H,True
2013-14,2014-05-02,Vallecano,Ath Bilbao,0,3,A,2013-14_SP1.csv,Rayo Vallecano,Athletic Bilbao,A,True
2013-14,2014-05-03,Barcelona,Getafe,2,2,D,2013-14_SP1.csv,FC Barcelona,Getafe CF,D,True
2013-14,2014-05-03,Malaga,Elche,0,1,A,2013-14_SP1.csv,Málaga CF,Elche CF,A,True
2013-14,2014-05-03,Osasuna,Celta,0,2,A,2013-14_SP1.csv,CA Osasuna,RC Celta de Vigo,A,True
2013-14,2014-05-03,Valladolid,Espanol,1,0,H,2013-14_SP1.csv,Real Valladolid CF,RCD Espanyol,H,True
2013-14,2014-05-04,Almeria,Betis,3,2,H,2013-14_SP1.csv,UD Almería,Real Betis Balompié,H,True
2013-14,2014-05-04,Levante,Ath Madrid,2,0,H,2013-14_SP1.csv,Levante UD,Club Atlético de Madrid,H,True
2013-14,2014-05-04,Real Madrid,Valencia,2,2,D,2013-14_SP1.csv,Real Madrid CF,Valencia CF,D,True
2013-14,2014-05-04,Sevilla,Villarreal,0,0,D,2013-14_SP1.csv,Sevilla FC,Villarreal CF,D,True
2013-14,2014-05-05,Sociedad,Granada,1,1,D,2013-14_SP1.csv,Real Sociedad,Granada CF,D,True
2013-14,2014-05-07,Valladolid,Real Madrid,1,1,D,2013-14_SP1.csv,Real Valladolid CF,Real Madrid CF,D,True
2013-14,2014-05-10,Levante,Valencia,2,0,H,2013-14_SP1.csv,Levante UD,Valencia CF,H,True
2013-14,2014-05-10,Villarreal,Vallecano,4,0,H,2013-14_SP1.csv,Villarreal CF,Rayo Vallecano,H,True
2013-14,2014-05-11,Ath Bilbao,Sociedad,1,1,D,2013-14_SP1.csv,Athletic Bilbao,Real Sociedad,D,True
2013-14,2014-05-11,Ath Madrid,Malaga,1,1,D,2013-14_SP1.csv,Club Atlético de Madrid,Málaga CF,D,True
2013-14,2014-05-11,Betis,Valladolid,4,3,H,2013-14_SP1.csv,Real Betis Balompié,Real Valladolid CF,H,True
2013-14,2014-05-11,Celta,Real Madrid,2,0,H,2013-14_SP1.csv,RC Celta de Vigo,Real Madrid CF,H,True
2013-14,2014-05-11,Elche,Barcelona,0,0,D,2013-14_SP1.csv,Elche CF,FC Barcelona,D,True
2013-14,2014-05-11,Espanol,Osasuna,1,1,D,2013-14_SP1.csv,RCD Espanyol,CA Osasuna,D,True
2013-14,2014-05-11,Getafe,Sevilla,1,0,H,2013-14_SP1.csv,Getafe CF,Sevilla FC,H,True
2013-14,2014-05-11,Granada,Almeria,0,2,A,2013-14_SP1.csv,Granada CF,UD Almería,A,True
2013-14,2014-05-16,Malaga,Levante,1,0,H,2013-14_SP1.csv,Málaga CF,Levante UD,H,True
2013-14,2014-05-17,Barcelona,Ath Madrid,1,1,D,2013-14_SP1.csv,FC Barcelona,Club Atlético de Madrid,D,True
2013-14,2014-05-17,Real Madrid,Espanol,3,1,H,2013-14_SP1.csv,Real Madrid CF,RCD Espanyol,H,True
2013-14,2014-05-17,Valencia,Celta,2,1,H,2013-14_SP1.csv,Valencia CF,RC Celta de Vigo,H,True
2013-14,2014-05-18,Almeria,Ath Bilbao,0,0,D,2013-14_SP1.csv,UD Almería,Athletic Bilbao,D,True
2013-14,2014-05-18,Osasuna,Betis,2,1,H,2013-14_SP1.csv,CA Osasuna,Real Betis Balompié,H,True
2013-14,2014-05-18,Sevilla,Elche,3,1,H,2013-14_SP1.csv,Sevilla FC,Elche CF,H,True
2013-14,2014-05-18,Sociedad,Villarreal,1,2,A,2013-14_SP1.csv,Real Sociedad,Villarreal CF,A,True
2013-14,2014-05-18,Valladolid,Granada,0,1,A,2013-14_SP1.csv,Real Valladolid CF,Granada CF,A,True
2013-14,2014-05-18,Vallecano,Getafe,1,2,A,2013-14_SP1.csv,Rayo Vallecano,Getafe CF,A,True
2014-15,2014-08-23,Almeria,Espanol,1,1,D,2014-15_SP1.csv,UD Almería,RCD Espanyol,D,True
2014-15,2014-08-23,Granada,La Coruna,2,1,H,2014-15_SP1.csv,Granada CF,Deportivo La Coruña,H,True
2014-15,2014-08-23,Malaga,Ath Bilbao,1,0,H,2014-15_SP1.csv,Málaga CF,Athletic Bilbao,H,True
2014-15,2014-08-23,Sevilla,Valencia,1,1,D,2014-15_SP1.csv,Sevilla FC,Valencia CF,D,True
2014-15,2014-08-24,Barcelona,Elche,3,0,H,2014-15_SP1.csv,FC Barcelona,Elche CF,H,True
2014-15,2014-08-24,Celta,Getafe,3,1,H,2014-15_SP1.csv,RC Celta de Vigo,Getafe CF,H,True
2014-15,2014-08-24,Eibar,Sociedad,1,0,H,2014-15_SP1.csv,SD Eibar,Real Sociedad,H,True
2014-15,2014-08-24,Levante,Villarreal,0,2,A,2014-15_SP1.csv,Levante UD,Villarreal CF,A,True
2014-15,2014-08-25,Real Madrid,Cordoba,2,0,H,2014-15_SP1.csv,Real Madrid CF,Córdoba CF,H,True
2014-15,2014-08-25,Vallecano,Ath Madrid,0,0,D,2014-15_SP1.csv,Rayo Vallecano,Club Atlético de Madrid,D,True
2014-15,2014-08-29,Getafe,Almeria,1,0,H,2014-15_SP1.csv,Getafe CF,UD Almería,H,True
2014-15,2014-08-29,Valencia,Malaga,3,0,H,2014-15_SP1.csv,Valencia CF,Málaga CF,H,True
2014-15,2014-08-30,Ath Bilbao,Levante,3,0,H,2014-15_SP1.csv,Athletic Bilbao,Levante UD,H,True
2014-15,2014-08-30,Ath Madrid,Eibar,2,1,H,2014-15_SP1.csv,Club Atlético de Madrid,SD Eibar,H,True
2014-15,2014-08-30,Cordoba,Celta,1,1,D,2014-15_SP1.csv,Córdoba CF,RC Celta de Vigo,D,True
2014-15,2014-08-30,Espanol,Sevilla,1,2,A,2014-15_SP1.csv,RCD Espanyol,Sevilla FC,A,True
2014-15,2014-08-31,Elche,Granada,1,1,D,2014-15_SP1.csv,Elche CF,Granada CF,D,True
2014-15,2014-08-31,La Coruna,Vallecano,2,2,D,2014-15_SP1.csv,Deportivo La Coruña,Rayo Vallecano,D,True
2014-15,2014-08-31,Sociedad,Real Madrid,4,2,H,2014-15_SP1.csv,Real Sociedad,Real Madrid CF,H,True
2014-15,2014-08-31,Villarreal,Barcelona,0,1,A,2014-15_SP1.csv,Villarreal CF,FC Barcelona,A,True
2014-15,2014-09-12,Almeria,Cordoba,1,1,D,2014-15_SP1.csv,UD Almería,Córdoba CF,D,True
2014-15,2014-09-13,Barcelona,Ath Bilbao,2,0,H,2014-15_SP1.csv,FC Barcelona,Athletic Bilbao,H,True
2014-15,2014-09-13,Celta,Sociedad,2,2,D,2014-15_SP1.csv,RC Celta de Vigo,Real Sociedad,D,True
2014-15,2014-09-13,Malaga,Levante,0,0,D,2014-15_SP1.csv,Málaga CF,Levante UD,D,True
2014-15,2014-09-13,Real Madrid,Ath Madrid,1,2,A,2014-15_SP1.csv,Real Madrid CF,Club Atlético de Madrid,A,True
2014-15,2014-09-14,Granada,Villarreal,0,0,D,2014-15_SP1.csv,Granada CF,Villarreal CF,D,True
2014-15,2014-09-14,Sevilla,Getafe,2,0,H,2014-15_SP1.csv,Sevilla FC,Getafe CF,H,True
2014-15,2014-09-14,Valencia,Espanol,3,1,H,2014-15_SP1.csv,Valencia CF,RCD Espanyol,H,True
2014-15,2014-09-14,Vallecano,Elche,2,3,A,2014-15_SP1.csv,Rayo Vallecano,Elche CF,A,True
2014-15,2014-09-15,Eibar,La Coruna,0,1,A,2014-15_SP1.csv,SD Eibar,Deportivo La Coruña,A,True
2014-15,2014-09-19,Elche,Eibar,0,2,A,2014-15_SP1.csv,Elche CF,SD Eibar,A,True
2014-15,2014-09-20,Ath Bilbao,Granada,0,1,A,2014-15_SP1.csv,Athletic Bilbao,Granada CF,A,True
2014-15,2014-09-20,Ath Madrid,Celta,2,2,D,2014-15_SP1.csv,Club Atlético de Madrid,RC Celta de Vigo,D,True
2014-15,2014-09-20,Espanol,Malaga,2,2,D,2014-15_SP1.csv,RCD Espanyol,Málaga CF,D,True
2014-15,2014-09-20,La Coruna,Real Madrid,2,8,A,2014-15_SP1.csv,Deportivo La Coruña,Real Madrid CF,A,True
2014-15,2014-09-21,Cordoba,Sevilla,1,3,A,2014-15_SP1.csv,Córdoba CF,Sevilla FC,A,True
2014-15,2014-09-21,Levante,Barcelona,0,5,A,2014-15_SP1.csv,Levante UD,FC Barcelona,A,True
2014-15,2014-09-21,Sociedad,Almeria,1,2,A,2014-15_SP1.csv,Real Sociedad,UD Almería,A,True
2014-15,2014-09-21,Villarreal,Vallecano,4,2,H,2014-15_SP1.csv,Villarreal CF,Rayo Vallecano,H,True
2014-15,2014-09-22,Getafe,Valencia,0,3,A,2014-15_SP1.csv,Getafe CF,Valencia CF,A,True
2014-15,2014-09-23,Celta,La Coruna,2,1,H,2014-15_SP1.csv,RC Celta de Vigo,Deportivo La Coruña,H,True
2014-15,2014-09-23,Real Madrid,Elche,5,1,H,2014-15_SP1.csv,Real Madrid CF,Elche CF,H,True
2014-15,2014-09-24,Almeria,Ath Madrid,0,1,A,2014-15_SP1.csv,UD Almería,Club Atlético de Madrid,A,True
2014-15,2014-09-24,Eibar,Villarreal,1,1,D,2014-15_SP1.csv,SD Eibar,Villarreal CF,D,True
2014-15,2014-09-24,Granada,Levante,0,1,A,2014-15_SP1.csv,Granada CF,Levante UD,A,True
2014-15,2014-09-24,Malaga,Barcelona,0,0,D,2014-15_SP1.csv,Málaga CF,FC Barcelona,D,True
2014-15,2014-09-24,Sevilla,Sociedad,1,0,H,2014-15_SP1.csv,Sevilla FC,Real Sociedad,H,True
2014-15,2014-09-24,Vallecano,Ath Bilbao,2,1,H,2014-15_SP1.csv,Rayo Vallecano,Athletic Bilbao,H,True
2014-15,2014-09-25,Espanol,Getafe,2,0,H,2014-15_SP1.csv,RCD Espanyol,Getafe CF,H,True
2014-15,2014-09-25,Valencia,Cordoba,3,0,H,2014-15_SP1.csv,Valencia CF,Córdoba CF,H,True
2014-15,2014-09-26,Elche,Celta,0,1,A,2014-15_SP1.csv,Elche CF,RC Celta de Vigo,A,True
2014-15,2014-09-27,Ath Bilbao,Eibar,0,0,D,2014-15_SP1.csv,Athletic Bilbao,SD Eibar,D,True
2014-15,2014-09-27,Ath Madrid,Sevilla,4,0,H,2014-15_SP1.csv,Club Atlético de Madrid,Sevilla FC,H,True
2014-15,2014-09-27,Barcelona,Granada,6,0,H,2014-15_SP1.csv,FC Barcelona,Granada CF,H,True
2014-15,2014-09-27,Levante,Vallecano,0,2,A,2014-15_SP1.csv,Levante UD,Rayo Vallecano,A,True
2014-15,2014-09-27,Villarreal,Real Madrid,0,2,A,2014-15_SP1.csv,Villarreal CF,Real Madrid CF,A,True
2014-15,2014-09-28,Cordoba,Espanol,0,0,D,2014-15_SP1.csv,Córdoba CF,RCD Espanyol,D,True
2014-15,2014-09-28,Getafe,Malaga,1,0,H,2014-15_SP1.csv,Getafe CF,Málaga CF,H,True
2014-15,2014-09-28,La Coruna,Almeria,0,1,A,2014-15_SP1.csv,Deportivo La Coruña,UD Almería,A,True
2014-15,2014-09-28,Sociedad,Valencia,1,1,D,2014-15_SP1.csv,Real Sociedad,Valencia CF,D,True
2014-15,2014-10-03,Getafe,Cordoba,1,1,D,2014-15_SP1.csv,Getafe CF,Córdoba CF,D,True
2014-15,2014-10-04,Almeria,Elche,2,2,D,2014-15_SP1.csv,UD Almería,Elche CF,D,True
2014-15,2014-10-04,Eibar,Levante,3,3,D,2014-15_SP1.csv,SD Eibar,Levante UD,D,True
2014-15,2014-10-04,Malaga,Granada,2,1,H,2014-15_SP1.csv,Málaga CF,Granada CF,H,True
2014-15,2014-10-04,Valencia,Ath Madrid,3,1,H,2014-15_SP1.csv,Valencia CF,Club Atlético de Madrid,H,True
2014-15,2014-10-04,Vallecano,Barcelona,0,2,A,2014-15_SP1.csv,Rayo Vallecano,FC Barcelona,A,True
2014-15,2014-10-05,Celta,Villarreal,1,3,A,2014-15_SP1.csv,RC Celta de Vigo,Villarreal CF,A,True
2014-15,2014-10-05,Espanol,Sociedad,2,0,H,2014-15_SP1.csv,RCD Espanyol,Real Sociedad,H,True
2014-15,2014-10-05,Real Madrid,Ath Bilbao,5,0,H,2014-15_SP1.csv,Real Madrid CF,Athletic Bilbao,H,True
2014-15,2014-10-05,Sevilla,La Coruna,4,1,H,2014-15_SP1.csv,Sevilla FC,Deportivo La Coruña,H,True
2014-15,2014-10-17,Granada,Vallecano,0,1,A,2014-15_SP1.csv,Granada CF,Rayo Vallecano,A,True
2014-15,2014-10-18,Ath Bilbao,Celta,1,1,D,2014-15_SP1.csv,Athletic Bilbao,RC Celta de Vigo,D,True
2014-15,2014-10-18,Barcelona,Eibar,3,0,H,2014-15_SP1.csv,FC Barcelona,SD Eibar,H,True
2014-15,2014-10-18,Cordoba,Malaga,1,2,A,2014-15_SP1.csv,Córdoba CF,Málaga CF,A,True
2014-15,2014-10-18,Levante,Real Madrid,0,5,A,2014-15_SP1.csv,Levante UD,Real Madrid CF,A,True
2014-15,2014-10-19,Ath Madrid,Espanol,2,0,H,2014-15_SP1.csv,Club Atlético de Madrid,RCD Espanyol,H,True
2014-15,2014-10-19,Elche,Sevilla,0,2,A,2014-15_SP1.csv,Elche CF,Sevilla FC,A,True
2014-15,2014-10-19,La Coruna,Valencia,3,0,H,2014-15_SP1.csv,Deportivo La Coruña,Valencia CF,H,True
2014-15,2014-10-19,Villarreal,Almeria,2,0,H,2014-15_SP1.csv,Villarreal CF,UD Almería,H,True
2014-15,2014-10-20,Sociedad,Getafe,1,2,A,2014-15_SP1.csv,Real Sociedad,Getafe CF,A,True
2014-15,2014-10-24,Celta,Levante,3,0,H,2014-15_SP1.csv,RC Celta de Vigo,Levante UD,H,True
2014-15,2014-10-25,Almeria,Ath Bilbao,0,1,A,2014-15_SP1.csv,UD Almería,Athletic Bilbao,A,True
2014-15,2014-10-25,Cordoba,Sociedad,1,1,D,2014-15_SP1.csv,Córdoba CF,Real Sociedad,D,True
2014-15,2014-10-25,Eibar,Granada,1,1,D,2014-15_SP1.csv,SD Eibar,Granada CF,D,True
2014-15,2014-10-25,Real Madrid,Barcelona,3,1,H,2014-15_SP1.csv,Real Madrid CF,FC Barcelona,H,True
2014-15,2014-10-25,Valencia,Elche,3,1,H,2014-15_SP1.csv,Valencia CF,Elche CF,H,True
2014-15,2014-10-26,Espanol,La Coruna,0,0,D,2014-15_SP1.csv,RCD Espanyol,Deportivo La Coruña,D,True
2014-15,2014-10-26,Getafe,Ath Madrid,0,1,A,2014-15_SP1.csv,Getafe CF,Club Atlético de Madrid,A,True
2014-15,2014-10-26,Malaga,Vallecano,4,0,H,2014-15_SP1.csv,Málaga CF,Rayo Vallecano,H,True
2014-15,2014-10-26,Sevilla,Villarreal,2,1,H,2014-15_SP1.csv,Sevilla FC,Villarreal CF,H,True
2014-15,2014-10-31,La Coruna,Getafe,1,2,A,2014-15_SP1.csv,Deportivo La Coruña,Getafe CF,A,True
2014-15,2014-11-01,Ath Madrid,Cordoba,4,2,H,2014-15_SP1.csv,Club Atlético de Madrid,Córdoba CF,H,True
2014-15,2014-11-01,Barcelona,Celta,0,1,A,2014-15_SP1.csv,FC Barcelona,RC Celta de Vigo,A,True
2014-15,2014-11-01,Granada,Real Madrid,0,4,A,2014-15_SP1.csv,Granada CF,Real Madrid CF,A,True
2014-15,2014-11-01,Sociedad,Malaga,0,1,A,2014-15_SP1.csv,Real Sociedad,Málaga CF,A,True
2014-15,2014-11-02,Ath Bilbao,Sevilla,1,0,H,2014-15_SP1.csv,Athletic Bilbao,Sevilla FC,H,True
2014-15,2014-11-02,Elche,Espanol,2,1,H,2014-15_SP1.csv,Elche CF,RCD Espanyol,H,True
2014-15,2014-11-02,Levante,Almeria,2,1,H,2014-15_SP1.csv,Levante UD,UD Almería,H,True
2014-15,2014-11-02,Villarreal,Valencia,1,3,A,2014-15_SP1.csv,Villarreal CF,Valencia CF,A,True
2014-15,2014-11-03,Vallecano,Eibar,2,3,A,2014-15_SP1.csv,Rayo Vallecano,SD Eibar,A,True
2014-15,2014-11-07,Cordoba,La Coruna,0,0,D,2014-15_SP1.csv,Córdoba CF,Deportivo La Coruña,D,True
2014-15,2014-11-08,Almeria,Barcelona,1,2,A,2014-15_SP1.csv,UD Almería,FC Barcelona,A,True
2014-15,2014-11-08,Celta,Granada,0,0,D,2014-15_SP1.csv,RC Celta de Vigo,Granada CF,D,True
2014-15,2014-11-08,Getafe,Elche,0,0,D,2014-15_SP1.csv,Getafe CF,Elche CF,D,True
2014-15,2014-11-08,Malaga,Eibar,2,1,H,2014-15_SP1.csv,Málaga CF,SD Eibar,H,True
2014-15,2014-11-08,Real Madrid,Vallecano,5,1,H,2014-15_SP1.csv,Real Madrid CF,Rayo Vallecano,H,True
2014-15,2014-11-09,Espanol,Villarreal,1,1,D,2014-15_SP1.csv,RCD Espanyol,Villarreal CF,D,True
2014-15,2014-11-09,Sevilla,Levante,1,1,D,2014-15_SP1.csv,Sevilla FC,Levante UD,D,True
2014-15,2014-11-09,Sociedad,Ath Madrid,2,1,H,2014-15_SP1.csv,Real Sociedad,Club Atlético de Madrid,H,True
2014-15,2014-11-09,Valencia,Ath Bilbao,0,0,D,2014-15_SP1.csv,Valencia CF,Athletic Bilbao,D,True
2014-15,2014-11-21,Ath Bilbao,Espanol,3,1,H,2014-15_SP1.csv,Athletic Bilbao,RCD Espanyol,H,True
2014-15,2014-11-22,Ath Madrid,Malaga,3,1,H,2014-15_SP1.csv,Club Atlético de Madrid,Málaga CF,H,True
2014-15,2014-11-22,Barcelona,Sevilla,5,1,H,2014-15_SP1.csv,FC Barcelona,Sevilla FC,H,True
2014-15,2014-11-22,Eibar,Real Madrid,0,4,A,2014-15_SP1.csv,SD Eibar,Real Madrid CF,A,True
2014-15,2014-11-22,La Coruna,Sociedad,0,0,D,2014-15_SP1.csv,Deportivo La Coruña,Real Sociedad,D,True
2014-15,2014-11-23,Elche,Cordoba,2,2,D,2014-15_SP1.csv,Elche CF,Córdoba CF,D,True
2014-15,2014-11-23,Levante,Valencia,2,1,H,2014-15_SP1.csv,Levante UD,Valencia CF,H,True
2014-15,2014-11-23,Vallecano,Celta,1,0,H,2014-15_SP1.csv,Rayo Vallecano,RC Celta de Vigo,H,True
2014-15,2014-11-23,Villarreal,Getafe,2,1,H,2014-15_SP1.csv,Villarreal CF,Getafe CF,H,True
2014-15,2014-11-24,Granada,Almeria,0,0,D,2014-15_SP1.csv,Granada CF,UD Almería,D,True
2014-15,2014-11-28,Sociedad,Elche,3,0,H,2014-15_SP1.csv,Real Sociedad,Elche CF,H,True
2014-15,2014-11-29,Celta,Eibar,0,1,A,2014-15_SP1.csv,RC Celta de Vigo,SD Eibar,A,True
2014-15,2014-11-29,Espanol,Levante,2,1,H,2014-15_SP1.csv,RCD Espanyol,Levante UD,H,True
2014-15,2014-11-29,Getafe,Ath Bilbao,1,2,A,2014-15_SP1.csv,Getafe CF,Athletic Bilbao,A,True
2014-15,2014-11-29,Malaga,Real Madrid,1,2,A,2014-15_SP1.csv,Málaga CF,Real Madrid CF,A,True
2014-15,2014-11-30,Ath Madrid,La Coruna,2,0,H,2014-15_SP1.csv,Club Atlético de Madrid,Deportivo La Coruña,H,True
2014-15,2014-11-30,Cordoba,Villarreal,0,2,A,2014-15_SP1.csv,Córdoba CF,Villarreal CF,A,True
2014-15,2014-11-30,Sevilla,Granada,5,1,H,2014-15_SP1.csv,Sevilla FC,Granada CF,H,True
2014-15,2014-11-30,Valencia,Barcelona,0,1,A,2014-15_SP1.csv,Valencia CF,FC Barcelona,A,True
2014-15,2014-12-01,Almeria,Vallecano,0,1,A,2014-15_SP1.csv,UD Almería,Rayo Vallecano,A,True
2014-15,2014-12-06,Ath Bilbao,Cordoba,0,1,A,2014-15_SP1.csv,Athletic Bilbao,Córdoba CF,A,True
2014-15,2014-12-06,Elche,Ath Madrid,0,2,A,2014-15_SP1.csv,Elche CF,Club Atlético de Madrid,A,True
2014-15,2014-12-06,La Coruna,Malaga,0,1,A,2014-15_SP1.csv,Deportivo La Coruña,Málaga CF,A,True
2014-15,2014-12-06,Real Madrid,Celta,3,0,H,2014-15_SP1.csv,Real Madrid CF,RC Celta de Vigo,H,True
2014-15,2014-12-07,Barcelona,Espanol,5,1,H,2014-15_SP1.csv,FC Barcelona,RCD Espanyol,H,True
2014-15,2014-12-07,Granada,Valencia,1,1,D,2014-15_SP1.csv,Granada CF,Valencia CF,D,True
2014-15,2014-12-07,Vallecano,Sevilla,0,1,A,2014-15_SP1.csv,Rayo Vallecano,Sevilla FC,A,True
2014-15,2014-12-07,Villarreal,Sociedad,4,0,H,2014-15_SP1.csv,Villarreal CF,Real Sociedad,H,True
2014-15,2014-12-08,Eibar,Almeria,5,2,H,2014-15_SP1.csv,SD Eibar,UD Almería,H,True
2014-15,2014-12-08,Levante,Getafe,1,1,D,2014-15_SP1.csv,Levante UD,Getafe CF,D,True
2014-15,2014-12-12,Almeria,Real Madrid,1,4,A,2014-15_SP1.csv,UD Almería,Real Madrid CF,A,True
2014-15,2014-12-13,Cordoba,Levante,0,0,D,2014-15_SP1.csv,Córdoba CF,Levante UD,D,True
2014-15,2014-12-13,Getafe,Barcelona,0,0,D,2014-15_SP1.csv,Getafe CF,FC Barcelona,D,True
2014-15,2014-12-13,Malaga,Celta,1,0,H,2014-15_SP1.csv,Málaga CF,RC Celta de Vigo,H,True
2014-15,2014-12-13,Valencia,Vallecano,3,0,H,2014-15_SP1.csv,Valencia CF,Rayo Vallecano,H,True
2014-15,2014-12-14,Ath Madrid,Villarreal,0,1,A,2014-15_SP1.csv,Club Atlético de Madrid,Villarreal CF,A,True
2014-15,2014-12-14,Espanol,Granada,2,1,H,2014-15_SP1.csv,RCD Espanyol,Granada CF,H,True
2014-15,2014-12-14,Sevilla,Eibar,0,0,D,2014-15_SP1.csv,Sevilla FC,SD Eibar,D,True
2014-15,2014-12-14,Sociedad,Ath Bilbao,1,1,D,2014-15_SP1.csv,Real Sociedad,Athletic Bilbao,D,True
2014-15,2014-12-15,La Coruna,Elche,1,0,H,2014-15_SP1.csv,Deportivo La Coruña,Elche CF,H,True
2014-15,2014-12-19,Celta,Almeria,0,1,A,2014-15_SP1.csv,RC Celta de Vigo,UD Almería,A,True
2014-15,2014-12-20,Barcelona,Cordoba,5,0,H,2014-15_SP1.csv,FC Barcelona,Córdoba CF,H,True
2014-15,2014-12-20,Eibar,Valencia,0,1,A,2014-15_SP1.csv,SD Eibar,Valencia CF,A,True
2014-15,2014-12-20,Levante,Sociedad,1,1,D,2014-15_SP1.csv,Levante UD,Real Sociedad,D,True
2014-15,2014-12-20,Vallecano,Espanol,1,3,A,2014-15_SP1.csv,Rayo Vallecano,RCD Espanyol,A,True
2014-15,2014-12-21,Ath Bilbao,Ath Madrid,1,4,A,2014-15_SP1.csv,Athletic Bilbao,Club Atlético de Madrid,A,True
2014-15,2014-12-21,Elche,Malaga,1,2,A,2014-15_SP1.csv,Elche CF,Málaga CF,A,True
2014-15,2014-12-21,Granada,Getafe,1,1,D,2014-15_SP1.csv,Granada CF,Getafe CF,D,True
2014-15,2014-12-21,Villarreal,La Coruna,3,0,H,2014-15_SP1.csv,Villarreal CF,Deportivo La Coruña,H,True
2014-15,2015-01-03,Ath Madrid,Levante,3,1,H,2014-15_SP1.csv,Club Atlético de Madrid,Levante UD,H,True
2014-15,2015-01-03,Elche,Villarreal,2,2,D,2014-15_SP1.csv,Elche CF,Villarreal CF,D,True
2014-15,2015-01-03,La Coruna,Ath Bilbao,1,0,H,2014-15_SP1.csv,Deportivo La Coruña,Athletic Bilbao,H,True
2014-15,2015-01-03,Malaga,Almeria,1,2,A,2014-15_SP1.csv,Málaga CF,UD Almería,A,True
2014-15,2015-01-03,Sevilla,Celta,1,0,H,2014-15_SP1.csv,Sevilla FC,RC Celta de Vigo,H,True
2014-15,2015-01-04,Espanol,Eibar,1,2,A,2014-15_SP1.csv,RCD Espanyol,SD Eibar,A,True
2014-15,2015-01-04,Getafe,Vallecano,1,2,A,2014-15_SP1.csv,Getafe CF,Rayo Vallecano,A,True
2014-15,2015-01-04,Sociedad,Barcelona,1,0,H,2014-15_SP1.csv,Real Sociedad,FC Barcelona,H,True
2014-15,2015-01-04,Valencia,Real Madrid,2,1,H,2014-15_SP1.csv,Valencia CF,Real Madrid CF,H,True
2014-15,2015-01-05,Cordoba,Granada,2,0,H,2014-15_SP1.csv,Córdoba CF,Granada CF,H,True
2014-15,2015-01-09,Levante,La Coruna,0,0,D,2014-15_SP1.csv,Levante UD,Deportivo La Coruña,D,True
2014-15,2015-01-10,Celta,Valencia,1,1,D,2014-15_SP1.csv,RC Celta de Vigo,Valencia CF,D,True
2014-15,2015-01-10,Eibar,Getafe,2,1,H,2014-15_SP1.csv,SD Eibar,Getafe CF,H,True
2014-15,2015-01-10,Malaga,Villarreal,1,1,D,2014-15_SP1.csv,Málaga CF,Villarreal CF,D,True
2014-15,2015-01-10,Real Madrid,Espanol,3,0,H,2014-15_SP1.csv,Real Madrid CF,RCD Espanyol,H,True
2014-15,2015-01-11,Almeria,Sevilla,0,2,A,2014-15_SP1.csv,UD Almería,Sevilla FC,A,True
2014-15,2015-01-11,Ath Bilbao,Elche,1,2,A,2014-15_SP1.csv,Athletic Bilbao,Elche CF,A,True
2014-15,2015-01-11,Barcelona,Ath Madrid,3,1,H,2014-15_SP1.csv,FC Barcelona,Club Atlético de Madrid,H,True
2014-15,2015-01-11,Granada,Sociedad,1,1,D,2014-15_SP1.csv,Granada CF,Real Sociedad,D,True
2014-15,2015-01-12,Vallecano,Cordoba,0,1,A,2014-15_SP1.csv,Rayo Vallecano,Córdoba CF,A,True
2014-15,2015-01-16,Cordoba,Eibar,1,1,D,2014-15_SP1.csv,Córdoba CF,SD Eibar,D,True
2014-15,2015-01-17,Espanol,Celta,1,0,H,2014-15_SP1.csv,RCD Espanyol,RC Celta de Vigo,H,True
2014-15,2015-01-17,Sociedad,Vallecano,0,1,A,2014-15_SP1.csv,Real Sociedad,Rayo Vallecano,A,True
2014-15,2015-01-17,Valencia,Almeria,3,2,H,2014-15_SP1.csv,Valencia CF,UD Almería,H,True
2014-15,2015-01-17,Villarreal,Ath Bilbao,2,0,H,2014-15_SP1.csv,Villarreal CF,Athletic Bilbao,H,True
2014-15,2015-01-18,Ath Madrid,Granada,2,0,H,2014-15_SP1.csv,Club Atlético de Madrid,Granada CF,H,True
2014-15,2015-01-18,Elche,Levante,1,0,H,2014-15_SP1.csv,Elche CF,Levante UD,H,True
2014-15,2015-01-18,Getafe,Real Madrid,0,3,A,2014-15_SP1.csv,Getafe CF,Real Madrid CF,A,True
2014-15,2015-01-18,La Coruna,Barcelona,0,4,A,2014-15_SP1.csv,Deportivo La Coruña,FC Barcelona,A,True
2014-15,2015-01-18,Sevilla,Malaga,2,0,H,2014-15_SP1.csv,Sevilla FC,Málaga CF,H,True
2014-15,2015-01-24,Ath Madrid,Vallecano,3,1,H,2014-15_SP1.csv,Club Atlético de Madrid,Rayo Vallecano,H,True
2014-15,2015-01-24,Cordoba,Real Madrid,1,2,A,2014-15_SP1.csv,Córdoba CF,Real Madrid CF,A,True
2014-15,2015-01-24,Elche,Barcelona,0,6,A,2014-15_SP1.csv,Elche CF,FC Barcelona,A,True
2014-15,2015-01-24,Sociedad,Eibar,1,0,H,2014-15_SP1.csv,Real Sociedad,SD Eibar,H,True
2014-15,2015-01-24,Villarreal,Levante,1,0,H,2014-15_SP1.csv,Villarreal CF,Levante UD,H,True
2014-15,2015-01-25,Ath Bilbao,Malaga,1,1,D,2014-15_SP1.csv,Athletic Bilbao,Málaga CF,D,True
2014-15,2015-01-25,Espanol,Almeria,3,0,H,2014-15_SP1.csv,RCD Espanyol,UD Almería,H,True
2014-15,2015-01-25,La Coruna,Granada,2,2,D,2014-15_SP1.csv,Deportivo La Coruña,Granada CF,D,True
2014-15,2015-01-25,Valencia,Sevilla,3,1,H,2014-15_SP1.csv,Valencia CF,Sevilla FC,H,True
2014-15,2015-01-26,Getafe,Celta,2,1,H,2014-15_SP1.csv,Getafe CF,RC Celta de Vigo,H,True
2014-15,2015-01-30,Vallecano,La Coruna,1,2,A,2014-15_SP1.csv,Rayo Vallecano,Deportivo La Coruña,A,True
2014-15,2015-01-31,Celta,Cordoba,1,0,H,2014-15_SP1.csv,RC Celta de Vigo,Córdoba CF,H,True
2014-15,2015-01-31,Eibar,Ath Madrid,1,3,A,2014-15_SP1.csv,SD Eibar,Club Atlético de Madrid,A,True
2014-15,2015-01-31,Granada,Elche,1,0,H,2014-15_SP1.csv,Granada CF,Elche CF,H,True
2014-15,2015-01-31,Real Madrid,Sociedad,4,1,H,2014-15_SP1.csv,Real Madrid CF,Real Sociedad,H,True
2014-15,2015-02-01,Almeria,Getafe,1,0,H,2014-15_SP1.csv,UD Almería,Getafe CF,H,True
2014-15,2015-02-01,Barcelona,Villarreal,3,2,H,2014-15_SP1.csv,FC Barcelona,Villarreal CF,H,True
2014-15,2015-02-01,Levante,Ath Bilbao,0,2,A,2014-15_SP1.csv,Levante UD,Athletic Bilbao,A,True
2014-15,2015-02-01,Sevilla,Espanol,3,2,H,2014-15_SP1.csv,Sevilla FC,RCD Espanyol,H,True
2014-15,2015-02-02,Malaga,Valencia,1,0,H,2014-15_SP1.csv,Málaga CF,Valencia CF,H,True
2014-15,2015-02-04,Real Madrid,Sevilla,2,1,H,2014-15_SP1.csv,Real Madrid CF,Sevilla FC,H,True
2014-15,2015-02-06,La Coruna,Eibar,2,0,H,2014-15_SP1.csv,Deportivo La Coruña,SD Eibar,H,True
2014-15,2015-02-07,Ath Madrid,Real Madrid,4,0,H,2014-15_SP1.csv,Club Atlético de Madrid,Real Madrid CF,H,True
2014-15,2015-02-07,Levante,Malaga,4,1,H,2014-15_SP1.csv,Levante UD,Málaga CF,H,True
2014-15,2015-02-07,Sociedad,Celta,1,1,D,2014-15_SP1.csv,Real Sociedad,RC Celta de Vigo,D,True
2014-15,2015-02-07,Villarreal,Granada,2,0,H,2014-15_SP1.csv,Villarreal CF,Granada CF,H,True
2014-15,2015-02-08,Ath Bilbao,Barcelona,2,5,A,2014-15_SP1.csv,Athletic Bilbao,FC Barcelona,A,True
2014-15,2015-02-08,Cordoba,Almeria,1,2,A,2014-15_SP1.csv,Córdoba CF,UD Almería,A,True
2014-15,2015-02-08,Espanol,Valencia,1,2,A,2014-15_SP1.csv,RCD Espanyol,Valencia CF,A,True
2014-15,2015-02-08,Getafe,Sevilla,2,1,H,2014-15_SP1.csv,Getafe CF,Sevilla FC,H,True
2014-15,2015-02-09,Elche,Vallecano,2,0,H,2014-15_SP1.csv,Elche CF,Rayo Vallecano,H,True
2014-15,2015-02-13,Almeria,Sociedad,2,2,D,2014-15_SP1.csv,UD Almería,Real Sociedad,D,True
2014-15,2015-02-14,Granada,Ath Bilbao,0,0,D,2014-15_SP1.csv,Granada CF,Athletic Bilbao,D,True
2014-15,2015-02-14,Malaga,Espanol,0,2,A,2014-15_SP1.csv,Málaga CF,RCD Espanyol,A,True
2014-15,2015-02-14,Real Madrid,La Coruna,2,0,H,2014-15_SP1.csv,Real Madrid CF,Deportivo La Coruña,H,True
2014-15,2015-02-14,Sevilla,Cordoba,3,0,H,2014-15_SP1.csv,Sevilla FC,Córdoba CF,H,True
2014-15,2015-02-15,Barcelona,Levante,5,0,H,2014-15_SP1.csv,FC Barcelona,Levante UD,H,True
2014-15,2015-02-15,Celta,Ath Madrid,2,0,H,2014-15_SP1.csv,RC Celta de Vigo,Club Atlético de Madrid,H,True
2014-15,2015-02-15,Valencia,Getafe,1,0,H,2014-15_SP1.csv,Valencia CF,Getafe CF,H,True
2014-15,2015-02-15,Vallecano,Villarreal,2,0,H,2014-15_SP1.csv,Rayo Vallecano,Villarreal CF,H,True
2014-15,2015-02-16,Eibar,Elche,0,1,A,2014-15_SP1.csv,SD Eibar,Elche CF,A,True
2014-15,2015-02-20,Getafe,Espanol,2,1,H,2014-15_SP1.csv,Getafe CF,RCD Espanyol,H,True
2014-15,2015-02-21,Ath Madrid,Almeria,3,0,H,2014-15_SP1.csv,Club Atlético de Madrid,UD Almería,H,True
2014-15,2015-02-21,Barcelona,Malaga,0,1,A,2014-15_SP1.csv,FC Barcelona,Málaga CF,A,True
2014-15,2015-02-21,Cordoba,Valencia,1,2,A,2014-15_SP1.csv,Córdoba CF,Valencia CF,A,True
2014-15,2015-02-21,La Coruna,Celta,0,2,A,2014-15_SP1.csv,Deportivo La Coruña,RC Celta de Vigo,A,True
2014-15,2015-02-22,Ath Bilbao,Vallecano,1,0,H,2014-15_SP1.csv,Athletic Bilbao,Rayo Vallecano,H,True
2014-15,2015-02-22,Elche,Real Madrid,0,2,A,2014-15_SP1.csv,Elche CF,Real Madrid CF,A,True
2014-15,2015-02-22,Sociedad,Sevilla,4,3,H,2014-15_SP1.csv,Real Sociedad,Sevilla FC,H,True
2014-15,2015-02-22,Villarreal,Eibar,1,0,H,2014-15_SP1.csv,Villarreal CF,SD Eibar,H,True
2014-15,2015-02-23,Levante,Granada,2,1,H,2014-15_SP1.csv,Levante UD,Granada CF,H,True
2014-15,2015-02-27,Espanol,Cordoba,1,0,H,2014-15_SP1.csv,RCD Espanyol,Córdoba CF,H,True
2014-15,2015-02-28,Almeria,La Coruna,0,0,D,2014-15_SP1.csv,UD Almería,Deportivo La Coruña,D,True
2014-15,2015-02-28,Granada,Barcelona,1,3,A,2014-15_SP1.csv,Granada CF,FC Barcelona,A,True
2014-15,2015-02-28,Malaga,Getafe,3,2,H,2014-15_SP1.csv,Málaga CF,Getafe CF,H,True
2014-15,2015-02-28,Vallecano,Levante,4,2,H,2014-15_SP1.csv,Rayo Vallecano,Levante UD,H,True
2014-15,2015-03-01,Eibar,Ath Bilbao,0,1,A,2014-15_SP1.csv,SD Eibar,Athletic Bilbao,A,True
2014-15,2015-03-01,Real Madrid,Villarreal,1,1,D,2014-15_SP1.csv,Real Madrid CF,Villarreal CF,D,True
2014-15,2015-03-01,Sevilla,Ath Madrid,0,0,D,2014-15_SP1.csv,Sevilla FC,Club Atlético de Madrid,D,True
2014-15,2015-03-01,Valencia,Sociedad,2,0,H,2014-15_SP1.csv,Valencia CF,Real Sociedad,H,True
2014-15,2015-03-02,Celta,Elche,1,1,D,2014-15_SP1.csv,RC Celta de Vigo,Elche CF,D,True
2014-15,2015-03-06,Levante,Eibar,2,1,H,2014-15_SP1.csv,Levante UD,SD Eibar,H,True
2014-15,2015-03-07,Ath Bilbao,Real Madrid,1,0,H,2014-15_SP1.csv,Athletic Bilbao,Real Madrid CF,H,True
2014-15,2015-03-07,Elche,Almeria,1,0,H,2014-15_SP1.csv,Elche CF,UD Almería,H,True
2014-15,2015-03-07,Granada,Malaga,1,0,H,2014-15_SP1.csv,Granada CF,Málaga CF,H,True
2014-15,2015-03-07,La Coruna,Sevilla,3,4,A,2014-15_SP1.csv,Deportivo La Coruña,Sevilla FC,A,True
2014-15,2015-03-08,Ath Madrid,Valencia,1,1,D,2014-15_SP1.csv,Club Atlético de Madrid,Valencia CF,D,True
2014-15,2015-03-08,Barcelona,Vallecano,6,1,H,2014-15_SP1.csv,FC Barcelona,Rayo Vallecano,H,True
2014-15,2015-03-08,Sociedad,Espanol,1,0,H,2014-15_SP1.csv,Real Sociedad,RCD Espanyol,H,True
2014-15,2015-03-08,Villarreal,Celta,4,1,H,2014-15_SP1.csv,Villarreal CF,RC Celta de Vigo,H,True
2014-15,2015-03-09,Cordoba,Getafe,1,2,A,2014-15_SP1.csv,Córdoba CF,Getafe CF,A,True
2014-15,2015-03-13,Valencia,La Coruna,2,0,H,2014-15_SP1.csv,Valencia CF,Deportivo La Coruña,H,True
2014-15,2015-03-14,Celta,Ath Bilbao,1,2,A,2014-15_SP1.csv,RC Celta de Vigo,Athletic Bilbao,A,True
2014-15,2015-03-14,Eibar,Barcelona,0,2,A,2014-15_SP1.csv,SD Eibar,FC Barcelona,A,True
2014-15,2015-03-14,Espanol,Ath Madrid,0,0,D,2014-15_SP1.csv,RCD Espanyol,Club Atlético de Madrid,D,True
2014-15,2015-03-14,Vallecano,Granada,3,1,H,2014-15_SP1.csv,Rayo Vallecano,Granada CF,H,True
2014-15,2015-03-15,Almeria,Villarreal,0,0,D,2014-15_SP1.csv,UD Almería,Villarreal CF,D,True
2014-15,2015-03-15,Malaga,Cordoba,2,0,H,2014-15_SP1.csv,Málaga CF,Córdoba CF,H,True
2014-15,2015-03-15,Real Madrid,Levante,2,0,H,2014-15_SP1.csv,Real Madrid CF,Levante UD,H,True
2014-15,2015-03-15,Sevilla,Elche,3,0,H,2014-15_SP1.csv,Sevilla FC,Elche CF,H,True
2014-15,2015-03-16,Getafe,Sociedad,0,1,A,2014-15_SP1.csv,Getafe CF,Real Sociedad,A,True
2014-15,2015-03-20,Elche,Valencia,0,4,A,2014-15_SP1.csv,Elche CF,Valencia CF,A,True
2014-15,2015-03-21,Ath Bilbao,Almeria,2,1,H,2014-15_SP1.csv,Athletic Bilbao,UD Almería,H,True
2014-15,2015-03-21,Ath Madrid,Getafe,2,0,H,2014-15_SP1.csv,Club Atlético de Madrid,Getafe CF,H,True
2014-15,2015-03-21,Granada,Eibar,0,0,D,2014-15_SP1.csv,Granada CF,SD Eibar,D,True
2014-15,2015-03-21,Levante,Celta,0,1,A,2014-15_SP1.csv,Levante UD,RC Celta de Vigo,A,True
2014-15,2015-03-21,Vallecano,Malaga,1,0,H,2014-15_SP1.csv,Rayo Vallecano,Málaga CF,H,True
2014-15,2015-03-22,Barcelona,Real Madrid,2,1,H,2014-15_SP1.csv,FC Barcelona,Real Madrid CF,H,True
2014-15,2015-03-22,La Coruna,Espanol,0,0,D,2014-15_SP1.csv,Deportivo La Coruña,RCD Espanyol,D,True
2014-15,2015-03-22,Sociedad,Cordoba,3,1,H,2014-15_SP1.csv,Real Sociedad,Córdoba CF,H,True
2014-15,2015-03-22,Villarreal,Sevilla,0,2,A,2014-15_SP1.csv,Villarreal CF,Sevilla FC,A,True
2014-15,2015-04-03,Eibar,Vallecano,1,2,A,2014-15_SP1.csv,SD Eibar,Rayo Vallecano,A,True
2014-15,2015-04-04,Almeria,Levante,1,4,A,2014-15_SP1.csv,UD Almería,Levante UD,A,True
2014-15,2015-04-04,Cordoba,Ath Madrid,0,2,A,2014-15_SP1.csv,Córdoba CF,Club Atlético de Madrid,A,True
2014-15,2015-04-04,Malaga,Sociedad,1,1,D,2014-15_SP1.csv,Málaga CF,Real Sociedad,D,True
2014-15,2015-04-04,Sevilla,Ath Bilbao,2,0,H,2014-15_SP1.csv,Sevilla FC,Athletic Bilbao,H,True
2014-15,2015-04-05,Celta,Barcelona,0,1,A,2014-15_SP1.csv,RC Celta de Vigo,FC Barcelona,A,True
2014-15,2015-04-05,Getafe,La Coruna,2,1,H,2014-15_SP1.csv,Getafe CF,Deportivo La Coruña,H,True
2014-15,2015-04-05,Real Madrid,Granada,9,1,H,2014-15_SP1.csv,Real Madrid CF,Granada CF,H,True
2014-15,2015-04-05,Valencia,Villarreal,0,0,D,2014-15_SP1.csv,Valencia CF,Villarreal CF,D,True
2014-15,2015-04-06,Espanol,Elche,1,1,D,2014-15_SP1.csv,RCD Espanyol,Elche CF,D,True
2014-15,2015-04-07,Ath Madrid,Sociedad,2,0,H,2014-15_SP1.csv,Club Atlético de Madrid,Real Sociedad,H,True
2014-15,2015-04-07,Eibar,Malaga,1,0,H,2014-15_SP1.csv,SD Eibar,Málaga CF,H,True
2014-15,2015-04-07,Levante,Sevilla,1,2,A,2014-15_SP1.csv,Levante UD,Sevilla FC,A,True
2014-15,2015-04-08,Barcelona,Almeria,4,0,H,2014-15_SP1.csv,FC Barcelona,UD Almería,H,True
2014-15,2015-04-08,Granada,Celta,1,1,D,2014-15_SP1.csv,Granada CF,RC Celta de Vigo,D,True
2014-15,2015-04-08,La Coruna,Cordoba,1,1,D,2014-15_SP1.csv,Deportivo La Coruña,Córdoba CF,D,True
2014-15,2015-04-08,Vallecano,Real Madrid,0,2,A,2014-15_SP1.csv,Rayo Vallecano,Real Madrid CF,A,True
2014-15,2015-04-09,Ath Bilbao,Valencia,1,1,D,2014-15_SP1.csv,Athletic Bilbao,Valencia CF,D,True
2014-15,2015-04-09,Elche,Getafe,0,1,A,2014-15_SP1.csv,Elche CF,Getafe CF,A,True
2014-15,2015-04-09,Villarreal,Espanol,0,3,A,2014-15_SP1.csv,Villarreal CF,RCD Espanyol,A,True
2014-15,2015-04-11,Almeria,Granada,3,0,H,2014-15_SP1.csv,UD Almería,Granada CF,H,True
2014-15,2015-04-11,Celta,Vallecano,6,1,H,2014-15_SP1.csv,RC Celta de Vigo,Rayo Vallecano,H,True
2014-15,2015-04-11,Malaga,Ath Madrid,2,2,D,2014-15_SP1.csv,Málaga CF,Club Atlético de Madrid,D,True
2014-15,2015-04-11,Real Madrid,Eibar,3,0,H,2014-15_SP1.csv,Real Madrid CF,SD Eibar,H,True
2014-15,2015-04-11,Sevilla,Barcelona,2,2,D,2014-15_SP1.csv,Sevilla FC,FC Barcelona,D,True
2014-15,2015-04-12,Cordoba,Elche,0,2,A,2014-15_SP1.csv,Córdoba CF,Elche CF,A,True
2014-15,2015-04-12,Espanol,Ath Bilbao,1,0,H,2014-15_SP1.csv,RCD Espanyol,Athletic Bilbao,H,True
2014-15,2015-04-12,Getafe,Villarreal,1,1,D,2014-15_SP1.csv,Getafe CF,Villarreal CF,D,True
2014-15,2015-04-12,Sociedad,La Coruna,2,2,D,2014-15_SP1.csv,Real Sociedad,Deportivo La Coruña,D,True
2014-15,2015-04-13,Valencia,Levante,3,0,H,2014-15_SP1.csv,Valencia CF,Levante UD,H,True
2014-15,2015-04-17,Levante,Espanol,2,2,D,2014-15_SP1.csv,Levante UD,RCD Espanyol,D,True
2014-15,2015-04-18,Ath Bilbao,Getafe,4,0,H,2014-15_SP1.csv,Athletic Bilbao,Getafe CF,H,True
2014-15,2015-04-18,Barcelona,Valencia,2,0,H,2014-15_SP1.csv,FC Barcelona,Valencia CF,H,True
2014-15,2015-04-18,La Coruna,Ath Madrid,1,2,A,2014-15_SP1.csv,Deportivo La Coruña,Club Atlético de Madrid,A,True
2014-15,2015-04-18,Real Madrid,Malaga,3,1,H,2014-15_SP1.csv,Real Madrid CF,Málaga CF,H,True
2014-15,2015-04-19,Eibar,Celta,0,1,A,2014-15_SP1.csv,SD Eibar,RC Celta de Vigo,A,True
2014-15,2015-04-19,Granada,Sevilla,1,1,D,2014-15_SP1.csv,Granada CF,Sevilla FC,D,True
2014-15,2015-04-19,Vallecano,Almeria,2,0,H,2014-15_SP1.csv,Rayo Vallecano,UD Almería,H,True
2014-15,2015-04-19,Villarreal,Cordoba,0,0,D,2014-15_SP1.csv,Villarreal CF,Córdoba CF,D,True
2014-15,2015-04-20,Elche,Sociedad,1,0,H,2014-15_SP1.csv,Elche CF,Real Sociedad,H,True
2014-15,2015-04-24,Cordoba,Ath Bilbao,0,1,A,2014-15_SP1.csv,Córdoba CF,Athletic Bilbao,A,True
2014-15,2015-04-25,Ath Madrid,Elche,3,0,H,2014-15_SP1.csv,Club Atlético de Madrid,Elche CF,H,True
2014-15,2015-04-25,Espanol,Barcelona,0,2,A,2014-15_SP1.csv,RCD Espanyol,FC Barcelona,A,True
2014-15,2015-04-25,Getafe,Levante,0,1,A,2014-15_SP1.csv,Getafe CF,Levante UD,A,True
2014-15,2015-04-25,Sociedad,Villarreal,0,0,D,2014-15_SP1.csv,Real Sociedad,Villarreal CF,D,True
2014-15,2015-04-26,Almeria,Eibar,2,0,H,2014-15_SP1.csv,UD Almería,SD Eibar,H,True
2014-15,2015-04-26,Celta,Real Madrid,2,4,A,2014-15_SP1.csv,RC Celta de Vigo,Real Madrid CF,A,True
2014-15,2015-04-26,Malaga,La Coruna,1,1,D,2014-15_SP1.csv,Málaga CF,Deportivo La Coruña,D,True
2014-15,2015-04-26,Sevilla,Vallecano,2,0,H,2014-15_SP1.csv,Sevilla FC,Rayo Vallecano,H,True
2014-15,2015-04-27,Valencia,Granada,4,0,H,2014-15_SP1.csv,Valencia CF,Granada CF,H,True
2014-15,2015-04-28,Ath Bilbao,Sociedad,1,1,D,2014-15_SP1.csv,Athletic Bilbao,Real Sociedad,D,True
2014-15,2015-04-28,Barcelona,Getafe,6,0,H,2014-15_SP1.csv,FC Barcelona,Getafe CF,H,True
2014-15,2015-04-28,Levante,Cordoba,1,0,H,2014-15_SP1.csv,Levante UD,Córdoba CF,H,True
2014-15,2015-04-29,Celta,Malaga,1,0,H,2014-15_SP1.csv,RC Celta de Vigo,Málaga CF,H,True
2014-15,2015-04-29,Eibar,Sevilla,1,3,A,2014-15_SP1.csv,SD Eibar,Sevilla FC,A,True
2014-15,2015-04-29,Elche,La Coruna,4,0,H,2014-15_SP1.csv,Elche CF,Deportivo La Coruña,H,True
2014-15,2015-04-29,Real Madrid,Almeria,3,0,H,2014-15_SP1.csv,Real Madrid CF,UD Almería,H,True
2014-15,2015-04-29,Villarreal,Ath Madrid,0,1,A,2014-15_SP1.csv,Villarreal CF,Club Atlético de Madrid,A,True
2014-15,2015-04-30,Granada,Espanol,1,2,A,2014-15_SP1.csv,Granada CF,RCD Espanyol,A,True
2014-15,2015-04-30,Vallecano,Valencia,1,1,D,2014-15_SP1.csv,Rayo Vallecano,Valencia CF,D,True
2014-15,2015-05-01,Sociedad,Levante,3,0,H,2014-15_SP1.csv,Real Sociedad,Levante UD,H,True
2014-15,2015-05-02,Ath Madrid,Ath Bilbao,0,0,D,2014-15_SP1.csv,Club Atlético de Madrid,Athletic Bilbao,D,True
2014-15,2015-05-02,Cordoba,Barcelona,0,8,A,2014-15_SP1.csv,Córdoba CF,FC Barcelona,A,True
2014-15,2015-05-02,La Coruna,Villarreal,1,1,D,2014-15_SP1.csv,Deportivo La Coruña,Villarreal CF,D,True
2014-15,2015-05-02,Sevilla,Real Madrid,2,3,A,2014-15_SP1.csv,Sevilla FC,Real Madrid CF,A,True
2014-15,2015-05-03,Espanol,Vallecano,1,1,D,2014-15_SP1.csv,RCD Espanyol,Rayo Vallecano,D,True
2014-15,2015-05-03,Getafe,Granada,1,2,A,2014-15_SP1.csv,Getafe CF,Granada CF,A,True
2014-15,2015-05-03,Malaga,Elche,1,2,A,2014-15_SP1.csv,Málaga CF,Elche CF,A,True
2014-15,2015-05-03,Valencia,Eibar,3,1,H,2014-15_SP1.csv,Valencia CF,SD Eibar,H,True
2014-15,2015-05-04,Almeria,Celta,2,2,D,2014-15_SP1.csv,UD Almería,RC Celta de Vigo,D,True
2014-15,2015-05-08,Eibar,Espanol,0,2,A,2014-15_SP1.csv,SD Eibar,RCD Espanyol,A,True
2014-15,2015-05-09,Ath Bilbao,La Coruna,1,1,D,2014-15_SP1.csv,Athletic Bilbao,Deportivo La Coruña,D,True
2014-15,2015-05-09,Barcelona,Sociedad,2,0,H,2014-15_SP1.csv,FC Barcelona,Real Sociedad,H,True
2014-15,2015-05-09,Granada,Cordoba,2,0,H,2014-15_SP1.csv,Granada CF,Córdoba CF,H,True
2014-15,2015-05-09,Real Madrid,Valencia,2,2,D,2014-15_SP1.csv,Real Madrid CF,Valencia CF,D,True
2014-15,2015-05-10,Almeria,Malaga,1,2,A,2014-15_SP1.csv,UD Almería,Málaga CF,A,True
2014-15,2015-05-10,Celta,Sevilla,1,1,D,2014-15_SP1.csv,RC Celta de Vigo,Sevilla FC,D,True
2014-15,2015-05-10,Levante,Ath Madrid,2,2,D,2014-15_SP1.csv,Levante UD,Club Atlético de Madrid,D,True
2014-15,2015-05-10,Villarreal,Elche,1,0,H,2014-15_SP1.csv,Villarreal CF,Elche CF,H,True
2014-15,2015-05-11,Vallecano,Getafe,2,0,H,2014-15_SP1.csv,Rayo Vallecano,Getafe CF,H,True
2014-15,2015-05-17,Ath Madrid,Barcelona,0,1,A,2014-15_SP1.csv,Club Atlético de Madrid,FC Barcelona,A,True
2014-15,2015-05-17,Cordoba,Vallecano,1,2,A,2014-15_SP1.csv,Córdoba CF,Rayo Vallecano,A,True
2014-15,2015-05-17,Elche,Ath Bilbao,2,3,A,2014-15_SP1.csv,Elche CF,Athletic Bilbao,A,True
2014-15,2015-05-17,Espanol,Real Madrid,1,4,A,2014-15_SP1.csv,RCD Espanyol,Real Madrid CF,A,True
2014-15,2015-05-17,Getafe,Eibar,1,1,D,2014-15_SP1.csv,Getafe CF,SD Eibar,D,True
2014-15,2015-05-17,La Coruna,Levante,2,0,H,2014-15_SP1.csv,Deportivo La Coruña,Levante UD,H,True
2014-15,2015-05-17,Sevilla,Almeria,2,1,H,2014-15_SP1.csv,Sevilla FC,UD Almería,H,True
2014-15,2015-05-17,Sociedad,Granada,0,3,A,2014-15_SP1.csv,Real Sociedad,Granada CF,A,True
2014-15,2015-05-17,Valencia,Celta,1,1,D,2014-15_SP1.csv,Valencia CF,RC Celta de Vigo,D,True
2014-15,2015-05-17,Villarreal,Malaga,2,1,H,2014-15_SP1.csv,Villarreal CF,Málaga CF,H,True
2014-15,2015-05-23,Almeria,Valencia,2,3,A,2014-15_SP1.csv,UD Almería,Valencia CF,A,True
2014-15,2015-05-23,Ath Bilbao,Villarreal,4,0,H,2014-15_SP1.csv,Athletic Bilbao,Villarreal CF,H,True
2014-15,2015-05-23,Barcelona,La Coruna,2,2,D,2014-15_SP1.csv,FC Barcelona,Deportivo La Coruña,D,True
2014-15,2015-05-23,Celta,Espanol,3,2,H,2014-15_SP1.csv,RC Celta de Vigo,RCD Espanyol,H,True
2014-15,2015-05-23,Eibar,Cordoba,3,0,H,2014-15_SP1.csv,SD Eibar,Córdoba CF,H,True
2014-15,2015-05-23,Granada,Ath Madrid,0,0,D,2014-15_SP1.csv,Granada CF,Club Atlético de Madrid,D,True
2014-15,2015-05-23,Levante,Elche,0,0,D,2014-15_SP1.csv,Levante UD,Elche CF,D,True
2014-15,2015-05-23,Malaga,Sevilla,2,3,A,2014-15_SP1.csv,Málaga CF,Sevilla FC,A,True
2014-15,2015-05-23,Real Madrid,Getafe,7,3,H,2014-15_SP1.csv,Real Madrid CF,Getafe CF,H,True
2014-15,2015-05-23,Vallecano,Sociedad,2,4,A,2014-15_SP1.csv,Rayo Vallecano,Real Sociedad,A,True
2015-16,2015-08-21,Malaga,Sevilla,0,0,D,2015-16_SP1.csv,Málaga CF,Sevilla FC,D,True
2015-16,2015-08-22,Ath Madrid,Las Palmas,1,0,H,2015-16_SP1.csv,Club Atlético de Madrid,UD Las Palmas,H,True
2015-16,2015-08-22,Espanol,Getafe,1,0,H,2015-16_SP1.csv,RCD Espanyol,Getafe CF,H,True
2015-16,2015-08-22,La Coruna,Sociedad,0,0,D,2015-16_SP1.csv,Deportivo La Coruña,Real Sociedad,D,True
2015-16,2015-08-22,Vallecano,Valencia,0,0,D,2015-16_SP1.csv,Rayo Vallecano,Valencia CF,D,True
2015-16,2015-08-23,Ath Bilbao,Barcelona,0,1,A,2015-16_SP1.csv,Athletic Bilbao,FC Barcelona,A,True
2015-16,2015-08-23,Betis,Villarreal,1,1,D,2015-16_SP1.csv,Real Betis Balompié,Villarreal CF,D,True
2015-16,2015-08-23,Levante,Celta,1,2,A,2015-16_SP1.csv,Levante UD,RC Celta de Vigo,A,True
2015-16,2015-08-23,Sp Gijon,Real Madrid,0,0,D,2015-16_SP1.csv,Sporting Gijón,Real Madrid CF,D,True
2015-16,2015-08-24,Granada,Eibar,1,3,A,2015-16_SP1.csv,Granada CF,SD Eibar,A,True
2015-16,2015-08-28,Villarreal,Espanol,3,1,H,2015-16_SP1.csv,Villarreal CF,RCD Espanyol,H,True
2015-16,2015-08-29,Barcelona,Malaga,1,0,H,2015-16_SP1.csv,FC Barcelona,Málaga CF,H,True
2015-16,2015-08-29,Celta,Vallecano,3,0,H,2015-16_SP1.csv,RC Celta de Vigo,Rayo Vallecano,H,True
2015-16,2015-08-29,Real Madrid,Betis,5,0,H,2015-16_SP1.csv,Real Madrid CF,Real Betis Balompié,H,True
2015-16,2015-08-29,Sociedad,Sp Gijon,0,0,D,2015-16_SP1.csv,Real Sociedad,Sporting Gijón,D,True
2015-16,2015-08-30,Eibar,Ath Bilbao,2,0,H,2015-16_SP1.csv,SD Eibar,Athletic Bilbao,H,True
2015-16,2015-08-30,Getafe,Granada,1,2,A,2015-16_SP1.csv,Getafe CF,Granada CF,A,True
2015-16,2015-08-30,Las Palmas,Levante,0,0,D,2015-16_SP1.csv,UD Las Palmas,Levante UD,D,True
2015-16,2015-08-30,Sevilla,Ath Madrid,0,3,A,2015-16_SP1.csv,Sevilla FC,Club Atlético de Madrid,A,True
2015-16,2015-08-30,Valencia,La Coruna,1,1,D,2015-16_SP1.csv,Valencia CF,Deportivo La Coruña,D,True
2015-16,2015-09-11,Levante,Sevilla,1,1,D,2015-16_SP1.csv,Levante UD,Sevilla FC,D,True
2015-16,2015-09-12,Ath Madrid,Barcelona,1,2,A,2015-16_SP1.csv,Club Atlético de Madrid,FC Barcelona,A,True
2015-16,2015-09-12,Betis,Sociedad,1,0,H,2015-16_SP1.csv,Real Betis Balompié,Real Sociedad,H,True
2015-16,2015-09-12,Espanol,Real Madrid,0,6,A,2015-16_SP1.csv,RCD Espanyol,Real Madrid CF,A,True
2015-16,2015-09-12,Sp Gijon,Valencia,0,1,A,2015-16_SP1.csv,Sporting Gijón,Valencia CF,A,True
2015-16,2015-09-13,Ath Bilbao,Getafe,3,1,H,2015-16_SP1.csv,Athletic Bilbao,Getafe CF,H,True
2015-16,2015-09-13,Celta,Las Palmas,3,3,D,2015-16_SP1.csv,RC Celta de Vigo,UD Las Palmas,D,True
2015-16,2015-09-13,Granada,Villarreal,1,3,A,2015-16_SP1.csv,Granada CF,Villarreal CF,A,True
2015-16,2015-09-13,Malaga,Eibar,0,0,D,2015-16_SP1.csv,Málaga CF,SD Eibar,D,True
2015-16,2015-09-14,Vallecano,La Coruna,1,3,A,2015-16_SP1.csv,Rayo Vallecano,Deportivo La Coruña,A,True
2015-16,2015-09-18,Getafe,Malaga,1,0,H,2015-16_SP1.csv,Getafe CF,Málaga CF,H,True
2015-16,2015-09-19,Eibar,Ath Madrid,0,2,A,2015-16_SP1.csv,SD Eibar,Club Atlético de Madrid,A,True
2015-16,2015-09-19,Real Madrid,Granada,1,0,H,2015-16_SP1.csv,Real Madrid CF,Granada CF,H,True
2015-16,2015-09-19,Sociedad,Espanol,2,3,A,2015-16_SP1.csv,Real Sociedad,RCD Espanyol,A,True
2015-16,2015-09-19,Valencia,Betis,0,0,D,2015-16_SP1.csv,Valencia CF,Real Betis Balompié,D,True
2015-16,2015-09-20,Barcelona,Levante,4,1,H,2015-16_SP1.csv,FC Barcelona,Levante UD,H,True
2015-16,2015-09-20,La Coruna,Sp Gijon,2,3,A,2015-16_SP1.csv,Deportivo La Coruña,Sporting Gijón,A,True
2015-16,2015-09-20,Las Palmas,Vallecano,0,1,A,2015-16_SP1.csv,UD Las Palmas,Rayo Vallecano,A,True
2015-16,2015-09-20,Sevilla,Celta,1,2,A,2015-16_SP1.csv,Sevilla FC,RC Celta de Vigo,A,True
2015-16,2015-09-20,Villarreal,Ath Bilbao,3,1,H,2015-16_SP1.csv,Villarreal CF,Athletic Bilbao,H,True
2015-16,2015-09-22,Ath Madrid,Getafe,2,0,H,2015-16_SP1.csv,Club Atlético de Madrid,Getafe CF,H,True
2015-16,2015-09-22,Espanol,Valencia,1,0,H,2015-16_SP1.csv,RCD Espanyol,Valencia CF,H,True
2015-16,2015-09-22,Granada,Sociedad,0,3,A,2015-16_SP1.csv,Granada CF,Real Sociedad,A,True
2015-16,2015-09-23,Ath Bilbao,Real Madrid,1,2,A,2015-16_SP1.csv,Athletic Bilbao,Real Madrid CF,A,True
2015-16,2015-09-23,Celta,Barcelona,4,1,H,2015-16_SP1.csv,RC Celta de Vigo,FC Barcelona,H,True
2015-16,2015-09-23,Las Palmas,Sevilla,2,0,H,2015-16_SP1.csv,UD Las Palmas,Sevilla FC,H,True
2015-16,2015-09-23,Levante,Eibar,2,2,D,2015-16_SP1.csv,Levante UD,SD Eibar,D,True
2015-16,2015-09-23,Malaga,Villarreal,0,1,A,2015-16_SP1.csv,Málaga CF,Villarreal CF,A,True
2015-16,2015-09-23,Vallecano,Sp Gijon,2,1,H,2015-16_SP1.csv,Rayo Vallecano,Sporting Gijón,H,True
2015-16,2015-09-24,Betis,La Coruna,1,2,A,2015-16_SP1.csv,Real Betis Balompié,Deportivo La Coruña,A,True
2015-16,2015-09-25,Valencia,Granada,1,0,H,2015-16_SP1.csv,Valencia CF,Granada CF,H,True
2015-16,2015-09-26,Barcelona,Las Palmas,2,1,H,2015-16_SP1.csv,FC Barcelona,UD Las Palmas,H,True
2015-16,2015-09-26,Eibar,Celta,1,1,D,2015-16_SP1.csv,SD Eibar,RC Celta de Vigo,D,True
2015-16,2015-09-26,Real Madrid,Malaga,0,0,D,2015-16_SP1.csv,Real Madrid CF,Málaga CF,D,True
2015-16,2015-09-26,Sevilla,Vallecano,3,2,H,2015-16_SP1.csv,Sevilla FC,Rayo Vallecano,H,True
2015-16,2015-09-26,Villarreal,Ath Madrid,1,0,H,2015-16_SP1.csv,Villarreal CF,Club Atlético de Madrid,H,True
2015-16,2015-09-27,Getafe,Levante,3,0,H,2015-16_SP1.csv,Getafe CF,Levante UD,H,True
2015-16,2015-09-27,La Coruna,Espanol,3,0,H,2015-16_SP1.csv,Deportivo La Coruña,RCD Espanyol,H,True
2015-16,2015-09-27,Sociedad,Ath Bilbao,0,0,D,2015-16_SP1.csv,Real Sociedad,Athletic Bilbao,D,True
2015-16,2015-09-27,Sp Gijon,Betis,1,2,A,2015-16_SP1.csv,Sporting Gijón,Real Betis Balompié,A,True
2015-16,2015-10-02,Celta,Getafe,0,0,D,2015-16_SP1.csv,RC Celta de Vigo,Getafe CF,D,True
2015-16,2015-10-03,Espanol,Sp Gijon,1,2,A,2015-16_SP1.csv,RCD Espanyol,Sporting Gijón,A,True
2015-16,2015-10-03,Granada,La Coruna,1,1,D,2015-16_SP1.csv,Granada CF,Deportivo La Coruña,D,True
2015-16,2015-10-03,Las Palmas,Eibar,0,2,A,2015-16_SP1.csv,UD Las Palmas,SD Eibar,A,True
2015-16,2015-10-03,Malaga,Sociedad,3,1,H,2015-16_SP1.csv,Málaga CF,Real Sociedad,H,True
2015-16,2015-10-03,Sevilla,Barcelona,2,1,H,2015-16_SP1.csv,Sevilla FC,FC Barcelona,H,True
2015-16,2015-10-04,Ath Bilbao,Valencia,3,1,H,2015-16_SP1.csv,Athletic Bilbao,Valencia CF,H,True
2015-16,2015-10-04,Ath Madrid,Real Madrid,1,1,D,2015-16_SP1.csv,Club Atlético de Madrid,Real Madrid CF,D,True
2015-16,2015-10-04,Levante,Villarreal,1,0,H,2015-16_SP1.csv,Levante UD,Villarreal CF,H,True
2015-16,2015-10-04,Vallecano,Betis,0,2,A,2015-16_SP1.csv,Rayo Vallecano,Real Betis Balompié,A,True
2015-16,2015-10-17,Barcelona,Vallecano,5,2,H,2015-16_SP1.csv,FC Barcelona,Rayo Vallecano,H,True
2015-16,2015-10-17,Betis,Espanol,1,3,A,2015-16_SP1.csv,Real Betis Balompié,RCD Espanyol,A,True
2015-16,2015-10-17,Eibar,Sevilla,1,1,D,2015-16_SP1.csv,SD Eibar,Sevilla FC,D,True
2015-16,2015-10-17,Real Madrid,Levante,3,0,H,2015-16_SP1.csv,Real Madrid CF,Levante UD,H,True
2015-16,2015-10-17,Valencia,Malaga,3,0,H,2015-16_SP1.csv,Valencia CF,Málaga CF,H,True
2015-16,2015-10-18,Getafe,Las Palmas,4,0,H,2015-16_SP1.csv,Getafe CF,UD Las Palmas,H,True
2015-16,2015-10-18,La Coruna,Ath Bilbao,2,2,D,2015-16_SP1.csv,Deportivo La Coruña,Athletic Bilbao,D,True
2015-16,2015-10-18,Sociedad,Ath Madrid,0,2,A,2015-16_SP1.csv,Real Sociedad,Club Atlético de Madrid,A,True
2015-16,2015-10-18,Villarreal,Celta,1,2,A,2015-16_SP1.csv,Villarreal CF,RC Celta de Vigo,A,True
2015-16,2015-10-19,Sp Gijon,Granada,3,3,D,2015-16_SP1.csv,Sporting Gijón,Granada CF,D,True
2015-16,2015-10-23,Vallecano,Espanol,3,0,H,2015-16_SP1.csv,Rayo Vallecano,RCD Espanyol,H,True
2015-16,2015-10-24,Celta,Real Madrid,1,3,A,2015-16_SP1.csv,RC Celta de Vigo,Real Madrid CF,A,True
2015-16,2015-10-24,Granada,Betis,1,1,D,2015-16_SP1.csv,Granada CF,Real Betis Balompié,D,True
2015-16,2015-10-24,Malaga,La Coruna,2,0,H,2015-16_SP1.csv,Málaga CF,Deportivo La Coruña,H,True
2015-16,2015-10-24,Sevilla,Getafe,5,0,H,2015-16_SP1.csv,Sevilla FC,Getafe CF,H,True
2015-16,2015-10-25,Ath Madrid,Valencia,2,1,H,2015-16_SP1.csv,Club Atlético de Madrid,Valencia CF,H,True
2015-16,2015-10-25,Barcelona,Eibar,3,1,H,2015-16_SP1.csv,FC Barcelona,SD Eibar,H,True
2015-16,2015-10-25,Las Palmas,Villarreal,0,0,D,2015-16_SP1.csv,UD Las Palmas,Villarreal CF,D,True
2015-16,2015-10-25,Levante,Sociedad,0,4,A,2015-16_SP1.csv,Levante UD,Real Sociedad,A,True
2015-16,2015-10-26,Ath Bilbao,Sp Gijon,3,0,H,2015-16_SP1.csv,Athletic Bilbao,Sporting Gijón,H,True
2015-16,2015-10-30,La Coruna,Ath Madrid,1,1,D,2015-16_SP1.csv,Deportivo La Coruña,Club Atlético de Madrid,D,True
2015-16,2015-10-31,Getafe,Barcelona,0,2,A,2015-16_SP1.csv,Getafe CF,FC Barcelona,A,True
2015-16,2015-10-31,Real Madrid,Las Palmas,3,1,H,2015-16_SP1.csv,Real Madrid CF,UD Las Palmas,H,True
2015-16,2015-10-31,Sociedad,Celta,2,3,A,2015-16_SP1.csv,Real Sociedad,RC Celta de Vigo,A,True
2015-16,2015-10-31,Valencia,Levante,3,0,H,2015-16_SP1.csv,Valencia CF,Levante UD,H,True
2015-16,2015-10-31,Villarreal,Sevilla,2,1,H,2015-16_SP1.csv,Villarreal CF,Sevilla FC,H,True
2015-16,2015-11-01,Betis,Ath Bilbao,1,3,A,2015-16_SP1.csv,Real Betis Balompié,Athletic Bilbao,A,True
2015-16,2015-11-01,Eibar,Vallecano,1,0,H,2015-16_SP1.csv,SD Eibar,Rayo Vallecano,H,True
2015-16,2015-11-01,Espanol,Granada,1,1,D,2015-16_SP1.csv,RCD Espanyol,Granada CF,D,True
2015-16,2015-11-01,Sp Gijon,Malaga,1,0,H,2015-16_SP1.csv,Sporting Gijón,Málaga CF,H,True
2015-16,2015-11-06,Las Palmas,Sociedad,2,0,H,2015-16_SP1.csv,UD Las Palmas,Real Sociedad,H,True
2015-16,2015-11-07,Celta,Valencia,1,5,A,2015-16_SP1.csv,RC Celta de Vigo,Valencia CF,A,True
2015-16,2015-11-07,Eibar,Getafe,3,1,H,2015-16_SP1.csv,SD Eibar,Getafe CF,H,True
2015-16,2015-11-07,Levante,La Coruna,1,1,D,2015-16_SP1.csv,Levante UD,Deportivo La Coruña,D,True
2015-16,2015-11-07,Malaga,Betis,0,1,A,2015-16_SP1.csv,Málaga CF,Real Betis Balompié,A,True
2015-16,2015-11-07,Vallecano,Granada,2,1,H,2015-16_SP1.csv,Rayo Vallecano,Granada CF,H,True
2015-16,2015-11-08,Ath Bilbao,Espanol,2,1,H,2015-16_SP1.csv,Athletic Bilbao,RCD Espanyol,H,True
2015-16,2015-11-08,Ath Madrid,Sp Gijon,1,0,H,2015-16_SP1.csv,Club Atlético de Madrid,Sporting Gijón,H,True
2015-16,2015-11-08,Barcelona,Villarreal,3,0,H,2015-16_SP1.csv,FC Barcelona,Villarreal CF,H,True
2015-16,2015-11-08,Sevilla,Real Madrid,3,2,H,2015-16_SP1.csv,Sevilla FC,Real Madrid CF,H,True
2015-16,2015-11-21,Espanol,Malaga,2,0,H,2015-16_SP1.csv,RCD Espanyol,Málaga CF,H,True
2015-16,2015-11-21,La Coruna,Celta,2,0,H,2015-16_SP1.csv,Deportivo La Coruña,RC Celta de Vigo,H,True
2015-16,2015-11-21,Real Madrid,Barcelona,0,4,A,2015-16_SP1.csv,Real Madrid CF,FC Barcelona,A,True
2015-16,2015-11-21,Sociedad,Sevilla,2,0,H,2015-16_SP1.csv,Real Sociedad,Sevilla FC,H,True
2015-16,2015-11-21,Valencia,Las Palmas,1,1,D,2015-16_SP1.csv,Valencia CF,UD Las Palmas,D,True
2015-16,2015-11-22,Betis,Ath Madrid,0,1,A,2015-16_SP1.csv,Real Betis Balompié,Club Atlético de Madrid,A,True
2015-16,2015-11-22,Granada,Ath Bilbao,2,0,H,2015-16_SP1.csv,Granada CF,Athletic Bilbao,H,True
2015-16,2015-11-22,Sp Gijon,Levante,0,3,A,2015-16_SP1.csv,Sporting Gijón,Levante UD,A,True
2015-16,2015-11-22,Villarreal,Eibar,1,1,D,2015-16_SP1.csv,Villarreal CF,SD Eibar,D,True
2015-16,2015-11-23,Getafe,Vallecano,1,1,D,2015-16_SP1.csv,Getafe CF,Rayo Vallecano,D,True
2015-16,2015-11-27,Levante,Betis,0,1,A,2015-16_SP1.csv,Levante UD,Real Betis Balompié,A,True
2015-16,2015-11-28,Ath Madrid,Espanol,1,0,H,2015-16_SP1.csv,Club Atlético de Madrid,RCD Espanyol,H,True
2015-16,2015-11-28,Barcelona,Sociedad,4,0,H,2015-16_SP1.csv,FC Barcelona,Real Sociedad,H,True
2015-16,2015-11-28,Celta,Sp Gijon,2,1,H,2015-16_SP1.csv,RC Celta de Vigo,Sporting Gijón,H,True
2015-16,2015-11-28,Las Palmas,La Coruna,0,2,A,2015-16_SP1.csv,UD Las Palmas,Deportivo La Coruña,A,True
2015-16,2015-11-28,Malaga,Granada,2,2,D,2015-16_SP1.csv,Málaga CF,Granada CF,D,True
2015-16,2015-11-29,Eibar,Real Madrid,0,2,A,2015-16_SP1.csv,SD Eibar,Real Madrid CF,A,True
2015-16,2015-11-29,Getafe,Villarreal,2,0,H,2015-16_SP1.csv,Getafe CF,Villarreal CF,H,True
2015-16,2015-11-29,Sevilla,Valencia,1,0,H,2015-16_SP1.csv,Sevilla FC,Valencia CF,H,True
2015-16,2015-11-29,Vallecano,Ath Bilbao,0,3,A,2015-16_SP1.csv,Rayo Vallecano,Athletic Bilbao,A,True
2015-16,2015-12-05,Betis,Celta,1,1,D,2015-16_SP1.csv,Real Betis Balompié,RC Celta de Vigo,D,True
2015-16,2015-12-05,Granada,Ath Madrid,0,2,A,2015-16_SP1.csv,Granada CF,Club Atlético de Madrid,A,True
2015-16,2015-12-05,La Coruna,Sevilla,1,1,D,2015-16_SP1.csv,Deportivo La Coruña,Sevilla FC,D,True
2015-16,2015-12-05,Real Madrid,Getafe,4,1,H,2015-16_SP1.csv,Real Madrid CF,Getafe CF,H,True
2015-16,2015-12-05,Valencia,Barcelona,1,1,D,2015-16_SP1.csv,Valencia CF,FC Barcelona,D,True
2015-16,2015-12-06,Ath Bilbao,Malaga,0,0,D,2015-16_SP1.csv,Athletic Bilbao,Málaga CF,D,True
2015-16,2015-12-06,Sociedad,Eibar,2,1,H,2015-16_SP1.csv,Real Sociedad,SD Eibar,H,True
2015-16,2015-12-06,Sp Gijon,Las Palmas,3,1,H,2015-16_SP1.csv,Sporting Gijón,UD Las Palmas,H,True
2015-16,2015-12-06,Villarreal,Vallecano,2,1,H,2015-16_SP1.csv,Villarreal CF,Rayo Vallecano,H,True
2015-16,2015-12-07,Espanol,Levante,1,1,D,2015-16_SP1.csv,RCD Espanyol,Levante UD,D,True
2015-16,2015-12-11,Getafe,Sociedad,1,1,D,2015-16_SP1.csv,Getafe CF,Real Sociedad,D,True
2015-16,2015-12-12,Barcelona,La Coruna,2,2,D,2015-16_SP1.csv,FC Barcelona,Deportivo La Coruña,D,True
2015-16,2015-12-12,Celta,Espanol,1,0,H,2015-16_SP1.csv,RC Celta de Vigo,RCD Espanyol,H,True
2015-16,2015-12-12,Las Palmas,Betis,1,0,H,2015-16_SP1.csv,UD Las Palmas,Real Betis Balompié,H,True
2015-16,2015-12-12,Levante,Granada,1,2,A,2015-16_SP1.csv,Levante UD,Granada CF,A,True
2015-16,2015-12-12,Sevilla,Sp Gijon,2,0,H,2015-16_SP1.csv,Sevilla FC,Sporting Gijón,H,True
2015-16,2015-12-13,Ath Madrid,Ath Bilbao,2,1,H,2015-16_SP1.csv,Club Atlético de Madrid,Athletic Bilbao,H,True
2015-16,2015-12-13,Eibar,Valencia,1,1,D,2015-16_SP1.csv,SD Eibar,Valencia CF,D,True
2015-16,2015-12-13,Vallecano,Malaga,1,2,A,2015-16_SP1.csv,Rayo Vallecano,Málaga CF,A,True
2015-16,2015-12-13,Villarreal,Real Madrid,1,0,H,2015-16_SP1.csv,Villarreal CF,Real Madrid CF,H,True
2015-16,2015-12-19,Betis,Sevilla,0,0,D,2015-16_SP1.csv,Real Betis Balompié,Sevilla FC,D,True
2015-16,2015-12-19,Espanol,Las Palmas,1,0,H,2015-16_SP1.csv,RCD Espanyol,UD Las Palmas,H,True
2015-16,2015-12-19,La Coruna,Eibar,2,0,H,2015-16_SP1.csv,Deportivo La Coruña,SD Eibar,H,True
2015-16,2015-12-19,Valencia,Getafe,2,2,D,2015-16_SP1.csv,Valencia CF,Getafe CF,D,True
2015-16,2015-12-20,Ath Bilbao,Levante,2,0,H,2015-16_SP1.csv,Athletic Bilbao,Levante UD,H,True
2015-16,2015-12-20,Granada,Celta,0,2,A,2015-16_SP1.csv,Granada CF,RC Celta de Vigo,A,True
2015-16,2015-12-20,Malaga,Ath Madrid,1,0,H,2015-16_SP1.csv,Málaga CF,Club Atlético de Madrid,H,True
2015-16,2015-12-20,Real Madrid,Vallecano,10,2,H,2015-16_SP1.csv,Real Madrid CF,Rayo Vallecano,H,True
2015-16,2015-12-20,Sociedad,Villarreal,0,2,A,2015-16_SP1.csv,Real Sociedad,Villarreal CF,A,True
2015-16,2015-12-30,Barcelona,Betis,4,0,H,2015-16_SP1.csv,FC Barcelona,Real Betis Balompié,H,True
2015-16,2015-12-30,Celta,Ath Bilbao,0,1,A,2015-16_SP1.csv,RC Celta de Vigo,Athletic Bilbao,A,True
2015-16,2015-12-30,Eibar,Sp Gijon,2,0,H,2015-16_SP1.csv,SD Eibar,Sporting Gijón,H,True
2015-16,2015-12-30,Getafe,La Coruna,0,0,D,2015-16_SP1.csv,Getafe CF,Deportivo La Coruña,D,True
2015-16,2015-12-30,Las Palmas,Granada,4,1,H,2015-16_SP1.csv,UD Las Palmas,Granada CF,H,True
2015-16,2015-12-30,Levante,Malaga,0,1,A,2015-16_SP1.csv,Levante UD,Málaga CF,A,True
2015-16,2015-12-30,Real Madrid,Sociedad,3,1,H,2015-16_SP1.csv,Real Madrid CF,Real Sociedad,H,True
2015-16,2015-12-30,Sevilla,Espanol,2,0,H,2015-16_SP1.csv,Sevilla FC,RCD Espanyol,H,True
2015-16,2015-12-30,Vallecano,Ath Madrid,0,2,A,2015-16_SP1.csv,Rayo Vallecano,Club Atlético de Madrid,A,True
2015-16,2015-12-31,Villarreal,Valencia,1,0,H,2015-16_SP1.csv,Villarreal CF,Valencia CF,H,True
2015-16,2016-01-02,Ath Madrid,Levante,1,0,H,2015-16_SP1.csv,Club Atlético de Madrid,Levante UD,H,True
2015-16,2016-01-02,Espanol,Barcelona,0,0,D,2015-16_SP1.csv,RCD Espanyol,FC Barcelona,D,True
2015-16,2016-01-02,Malaga,Celta,2,0,H,2015-16_SP1.csv,Málaga CF,RC Celta de Vigo,H,True
2015-16,2016-01-03,Ath Bilbao,Las Palmas,2,2,D,2015-16_SP1.csv,Athletic Bilbao,UD Las Palmas,D,True
2015-16,2016-01-03,Betis,Eibar,0,4,A,2015-16_SP1.csv,Real Betis Balompié,SD Eibar,A,True
2015-16,2016-01-03,Granada,Sevilla,2,1,H,2015-16_SP1.csv,Granada CF,Sevilla FC,H,True
2015-16,2016-01-03,La Coruna,Villarreal,1,2,A,2015-16_SP1.csv,Deportivo La Coruña,Villarreal CF,A,True
2015-16,2016-01-03,Valencia,Real Madrid,2,2,D,2015-16_SP1.csv,Valencia CF,Real Madrid CF,D,True
2015-16,2016-01-03,Vallecano,Sociedad,2,2,D,2015-16_SP1.csv,Rayo Vallecano,Real Sociedad,D,True
2015-16,2016-01-04,Sp Gijon,Getafe,1,2,A,2015-16_SP1.csv,Sporting Gijón,Getafe CF,A,True
2015-16,2016-01-09,Barcelona,Granada,4,0,H,2015-16_SP1.csv,FC Barcelona,Granada CF,H,True
2015-16,2016-01-09,Getafe,Betis,1,0,H,2015-16_SP1.csv,Getafe CF,Real Betis Balompié,H,True
2015-16,2016-01-09,Levante,Vallecano,2,1,H,2015-16_SP1.csv,Levante UD,Rayo Vallecano,H,True
2015-16,2016-01-09,Real Madrid,La Coruna,5,0,H,2015-16_SP1.csv,Real Madrid CF,Deportivo La Coruña,H,True
2015-16,2016-01-09,Sevilla,Ath Bilbao,2,0,H,2015-16_SP1.csv,Sevilla FC,Athletic Bilbao,H,True
2015-16,2016-01-10,Celta,Ath Madrid,0,2,A,2015-16_SP1.csv,RC Celta de Vigo,Club Atlético de Madrid,A,True
2015-16,2016-01-10,Eibar,Espanol,2,1,H,2015-16_SP1.csv,SD Eibar,RCD Espanyol,H,True
2015-16,2016-01-10,Las Palmas,Malaga,1,1,D,2015-16_SP1.csv,UD Las Palmas,Málaga CF,D,True
2015-16,2016-01-10,Sociedad,Valencia,2,0,H,2015-16_SP1.csv,Real Sociedad,Valencia CF,H,True
2015-16,2016-01-10,Villarreal,Sp Gijon,2,0,H,2015-16_SP1.csv,Villarreal CF,Sporting Gijón,H,True
2015-16,2016-01-16,Celta,Levante,4,3,H,2015-16_SP1.csv,RC Celta de Vigo,Levante UD,H,True
2015-16,2016-01-16,Sevilla,Malaga,2,1,H,2015-16_SP1.csv,Sevilla FC,Málaga CF,H,True
2015-16,2016-01-16,Sociedad,La Coruna,1,1,D,2015-16_SP1.csv,Real Sociedad,Deportivo La Coruña,D,True
2015-16,2016-01-16,Villarreal,Betis,0,0,D,2015-16_SP1.csv,Villarreal CF,Real Betis Balompié,D,True
2015-16,2016-01-17,Barcelona,Ath Bilbao,6,0,H,2015-16_SP1.csv,FC Barcelona,Athletic Bilbao,H,True
2015-16,2016-01-17,Getafe,Espanol,3,1,H,2015-16_SP1.csv,Getafe CF,RCD Espanyol,H,True
2015-16,2016-01-17,Las Palmas,Ath Madrid,0,3,A,2015-16_SP1.csv,UD Las Palmas,Club Atlético de Madrid,A,True
2015-16,2016-01-17,Real Madrid,Sp Gijon,5,1,H,2015-16_SP1.csv,Real Madrid CF,Sporting Gijón,H,True
2015-16,2016-01-17,Valencia,Vallecano,2,2,D,2015-16_SP1.csv,Valencia CF,Rayo Vallecano,D,True
2015-16,2016-01-18,Eibar,Granada,5,1,H,2015-16_SP1.csv,SD Eibar,Granada CF,H,True
2015-16,2016-01-22,Sp Gijon,Sociedad,5,1,H,2015-16_SP1.csv,Sporting Gijón,Real Sociedad,H,True
2015-16,2016-01-23,Espanol,Villarreal,2,2,D,2015-16_SP1.csv,RCD Espanyol,Villarreal CF,D,True
2015-16,2016-01-23,Granada,Getafe,3,2,H,2015-16_SP1.csv,Granada CF,Getafe CF,H,True
2015-16,2016-01-23,Malaga,Barcelona,1,2,A,2015-16_SP1.csv,Málaga CF,FC Barcelona,A,True
2015-16,2016-01-23,Vallecano,Celta,3,0,H,2015-16_SP1.csv,Rayo Vallecano,RC Celta de Vigo,H,True
2015-16,2016-01-24,Ath Bilbao,Eibar,5,2,H,2015-16_SP1.csv,Athletic Bilbao,SD Eibar,H,True
2015-16,2016-01-24,Ath Madrid,Sevilla,0,0,D,2015-16_SP1.csv,Club Atlético de Madrid,Sevilla FC,D,True
2015-16,2016-01-24,Betis,Real Madrid,1,1,D,2015-16_SP1.csv,Real Betis Balompié,Real Madrid CF,D,True
2015-16,2016-01-24,La Coruna,Valencia,1,1,D,2015-16_SP1.csv,Deportivo La Coruña,Valencia CF,D,True
2015-16,2016-01-25,Levante,Las Palmas,3,2,H,2015-16_SP1.csv,Levante UD,UD Las Palmas,H,True
2015-16,2016-01-30,Barcelona,Ath Madrid,2,1,H,2015-16_SP1.csv,FC Barcelona,Club Atlético de Madrid,H,True
2015-16,2016-01-30,Eibar,Malaga,1,2,A,2015-16_SP1.csv,SD Eibar,Málaga CF,A,True
2015-16,2016-01-30,Getafe,Ath Bilbao,0,1,A,2015-16_SP1.csv,Getafe CF,Athletic Bilbao,A,True
2015-16,2016-01-30,Sociedad,Betis,2,1,H,2015-16_SP1.csv,Real Sociedad,Real Betis Balompié,H,True
2015-16,2016-01-30,Villarreal,Granada,1,0,H,2015-16_SP1.csv,Villarreal CF,Granada CF,H,True
2015-16,2016-01-31,Las Palmas,Celta,2,1,H,2015-16_SP1.csv,UD Las Palmas,RC Celta de Vigo,H,True
2015-16,2016-01-31,Real Madrid,Espanol,6,0,H,2015-16_SP1.csv,Real Madrid CF,RCD Espanyol,H,True
2015-16,2016-01-31,Sevilla,Levante,3,1,H,2015-16_SP1.csv,Sevilla FC,Levante UD,H,True
2015-16,2016-01-31,Valencia,Sp Gijon,0,1,A,2015-16_SP1.csv,Valencia CF,Sporting Gijón,A,True
2015-16,2016-02-01,La Coruna,Vallecano,2,2,D,2015-16_SP1.csv,Deportivo La Coruña,Rayo Vallecano,D,True
2015-16,2016-02-05,Malaga,Getafe,3,0,H,2015-16_SP1.csv,Málaga CF,Getafe CF,H,True
2015-16,2016-02-06,Ath Bilbao,Villarreal,0,0,D,2015-16_SP1.csv,Athletic Bilbao,Villarreal CF,D,True
2015-16,2016-02-06,Ath Madrid,Eibar,3,1,H,2015-16_SP1.csv,Club Atlético de Madrid,SD Eibar,H,True
2015-16,2016-02-06,Sp Gijon,La Coruna,1,1,D,2015-16_SP1.csv,Sporting Gijón,Deportivo La Coruña,D,True
2015-16,2016-02-06,Vallecano,Las Palmas,2,0,H,2015-16_SP1.csv,Rayo Vallecano,UD Las Palmas,H,True
2015-16,2016-02-07,Betis,Valencia,1,0,H,2015-16_SP1.csv,Real Betis Balompié,Valencia CF,H,True
2015-16,2016-02-07,Celta,Sevilla,1,1,D,2015-16_SP1.csv,RC Celta de Vigo,Sevilla FC,D,True
2015-16,2016-02-07,Granada,Real Madrid,1,2,A,2015-16_SP1.csv,Granada CF,Real Madrid CF,A,True
2015-16,2016-02-07,Levante,Barcelona,0,2,A,2015-16_SP1.csv,Levante UD,FC Barcelona,A,True
2015-16,2016-02-08,Espanol,Sociedad,0,5,A,2015-16_SP1.csv,RCD Espanyol,Real Sociedad,A,True
2015-16,2016-02-12,Sp Gijon,Vallecano,2,2,D,2015-16_SP1.csv,Sporting Gijón,Rayo Vallecano,D,True
2015-16,2016-02-13,La Coruna,Betis,2,2,D,2015-16_SP1.csv,Deportivo La Coruña,Real Betis Balompié,D,True
2015-16,2016-02-13,Real Madrid,Ath Bilbao,4,2,H,2015-16_SP1.csv,Real Madrid CF,Athletic Bilbao,H,True
2015-16,2016-02-13,Valencia,Espanol,2,1,H,2015-16_SP1.csv,Valencia CF,RCD Espanyol,H,True
2015-16,2016-02-13,Villarreal,Malaga,1,0,H,2015-16_SP1.csv,Villarreal CF,Málaga CF,H,True
2015-16,2016-02-14,Barcelona,Celta,6,1,H,2015-16_SP1.csv,FC Barcelona,RC Celta de Vigo,H,True
2015-16,2016-02-14,Eibar,Levante,2,0,H,2015-16_SP1.csv,SD Eibar,Levante UD,H,True
2015-16,2016-02-14,Getafe,Ath Madrid,0,1,A,2015-16_SP1.csv,Getafe CF,Club Atlético de Madrid,A,True
2015-16,2016-02-14,Sevilla,Las Palmas,2,0,H,2015-16_SP1.csv,Sevilla FC,UD Las Palmas,H,True
2015-16,2016-02-14,Sociedad,Granada,3,0,H,2015-16_SP1.csv,Real Sociedad,Granada CF,H,True
2015-16,2016-02-17,Sp Gijon,Barcelona,1,3,A,2015-16_SP1.csv,Sporting Gijón,FC Barcelona,A,True
2015-16,2016-02-19,Levante,Getafe,3,0,H,2015-16_SP1.csv,Levante UD,Getafe CF,H,True
2015-16,2016-02-20,Betis,Sp Gijon,1,1,D,2015-16_SP1.csv,Real Betis Balompié,Sporting Gijón,D,True
2015-16,2016-02-20,Celta,Eibar,3,2,H,2015-16_SP1.csv,RC Celta de Vigo,SD Eibar,H,True
2015-16,2016-02-20,Espanol,La Coruna,1,0,H,2015-16_SP1.csv,RCD Espanyol,Deportivo La Coruña,H,True
2015-16,2016-02-20,Las Palmas,Barcelona,1,2,A,2015-16_SP1.csv,UD Las Palmas,FC Barcelona,A,True
2015-16,2016-02-21,Ath Bilbao,Sociedad,0,1,A,2015-16_SP1.csv,Athletic Bilbao,Real Sociedad,A,True
2015-16,2016-02-21,Ath Madrid,Villarreal,0,0,D,2015-16_SP1.csv,Club Atlético de Madrid,Villarreal CF,D,True
2015-16,2016-02-21,Granada,Valencia,1,2,A,2015-16_SP1.csv,Granada CF,Valencia CF,A,True
2015-16,2016-02-21,Malaga,Real Madrid,1,1,D,2015-16_SP1.csv,Málaga CF,Real Madrid CF,D,True
2015-16,2016-02-21,Vallecano,Sevilla,2,2,D,2015-16_SP1.csv,Rayo Vallecano,Sevilla FC,D,True
2015-16,2016-02-26,Eibar,Las Palmas,0,1,A,2015-16_SP1.csv,SD Eibar,UD Las Palmas,A,True
2015-16,2016-02-27,Betis,Vallecano,2,2,D,2015-16_SP1.csv,Real Betis Balompié,Rayo Vallecano,D,True
2015-16,2016-02-27,Getafe,Celta,0,1,A,2015-16_SP1.csv,Getafe CF,RC Celta de Vigo,A,True
2015-16,2016-02-27,Real Madrid,Ath Madrid,0,1,A,2015-16_SP1.csv,Real Madrid CF,Club Atlético de Madrid,A,True
2015-16,2016-02-27,Sociedad,Malaga,1,1,D,2015-16_SP1.csv,Real Sociedad,Málaga CF,D,True
2015-16,2016-02-27,Sp Gijon,Espanol,2,4,A,2015-16_SP1.csv,Sporting Gijón,RCD Espanyol,A,True
2015-16,2016-02-28,Barcelona,Sevilla,2,1,H,2015-16_SP1.csv,FC Barcelona,Sevilla FC,H,True
2015-16,2016-02-28,La Coruna,Granada,0,1,A,2015-16_SP1.csv,Deportivo La Coruña,Granada CF,A,True
2015-16,2016-02-28,Valencia,Ath Bilbao,0,3,A,2015-16_SP1.csv,Valencia CF,Athletic Bilbao,A,True
2015-16,2016-02-28,Villarreal,Levante,3,0,H,2015-16_SP1.csv,Villarreal CF,Levante UD,H,True
2015-16,2016-03-01,Ath Madrid,Sociedad,3,0,H,2015-16_SP1.csv,Club Atlético de Madrid,Real Sociedad,H,True
2015-16,2016-03-01,Las Palmas,Getafe,4,0,H,2015-16_SP1.csv,UD Las Palmas,Getafe CF,H,True
2015-16,2016-03-02,Ath Bilbao,La Coruna,4,1,H,2015-16_SP1.csv,Athletic Bilbao,Deportivo La Coruña,H,True
2015-16,2016-03-02,Celta,Villarreal,0,0,D,2015-16_SP1.csv,RC Celta de Vigo,Villarreal CF,D,True
2015-16,2016-03-02,Levante,Real Madrid,1,3,A,2015-16_SP1.csv,Levante UD,Real Madrid CF,A,True
2015-16,2016-03-02,Malaga,Valencia,1,2,A,2015-16_SP1.csv,Málaga CF,Valencia CF,A,True
2015-16,2016-03-02,Sevilla,Eibar,1,0,H,2015-16_SP1.csv,Sevilla FC,SD Eibar,H,True
2015-16,2016-03-03,Espanol,Betis,0,3,A,2015-16_SP1.csv,RCD Espanyol,Real Betis Balompié,A,True
2015-16,2016-03-03,Granada,Sp Gijon,2,0,H,2015-16_SP1.csv,Granada CF,Sporting Gijón,H,True
2015-16,2016-03-03,Vallecano,Barcelona,1,5,A,2015-16_SP1.csv,Rayo Vallecano,FC Barcelona,A,True
2015-16,2016-03-05,Getafe,Sevilla,1,1,D,2015-16_SP1.csv,Getafe CF,Sevilla FC,D,True
2015-16,2016-03-05,La Coruna,Malaga,3,3,D,2015-16_SP1.csv,Deportivo La Coruña,Málaga CF,D,True
2015-16,2016-03-05,Real Madrid,Celta,7,1,H,2015-16_SP1.csv,Real Madrid CF,RC Celta de Vigo,H,True
2015-16,2016-03-05,Villarreal,Las Palmas,0,1,A,2015-16_SP1.csv,Villarreal CF,UD Las Palmas,A,True
2015-16,2016-03-06,Betis,Granada,2,0,H,2015-16_SP1.csv,Real Betis Balompié,Granada CF,H,True
2015-16,2016-03-06,Eibar,Barcelona,0,4,A,2015-16_SP1.csv,SD Eibar,FC Barcelona,A,True
2015-16,2016-03-06,Sociedad,Levante,1,1,D,2015-16_SP1.csv,Real Sociedad,Levante UD,D,True
2015-16,2016-03-06,Sp Gijon,Ath Bilbao,0,2,A,2015-16_SP1.csv,Sporting Gijón,Athletic Bilbao,A,True
2015-16,2016-03-06,Valencia,Ath Madrid,1,3,A,2015-16_SP1.csv,Valencia CF,Club Atlético de Madrid,A,True
2015-16,2016-03-07,Espanol,Vallecano,2,1,H,2015-16_SP1.csv,RCD Espanyol,Rayo Vallecano,H,True
2015-16,2016-03-11,Malaga,Sp Gijon,1,0,H,2015-16_SP1.csv,Málaga CF,Sporting Gijón,H,True
2015-16,2016-03-12,Ath Madrid,La Coruna,3,0,H,2015-16_SP1.csv,Club Atlético de Madrid,Deportivo La Coruña,H,True
2015-16,2016-03-12,Barcelona,Getafe,6,0,H,2015-16_SP1.csv,FC Barcelona,Getafe CF,H,True
2015-16,2016-03-12,Celta,Sociedad,1,0,H,2015-16_SP1.csv,RC Celta de Vigo,Real Sociedad,H,True
2015-16,2016-03-12,Vallecano,Eibar,1,1,D,2015-16_SP1.csv,Rayo Vallecano,SD Eibar,D,True
2015-16,2016-03-13,Ath Bilbao,Betis,3,1,H,2015-16_SP1.csv,Athletic Bilbao,Real Betis Balompié,H,True
2015-16,2016-03-13,Las Palmas,Real Madrid,1,2,A,2015-16_SP1.csv,UD Las Palmas,Real Madrid CF,A,True
2015-16,2016-03-13,Levante,Valencia,1,0,H,2015-16_SP1.csv,Levante UD,Valencia CF,H,True
2015-16,2016-03-13,Sevilla,Villarreal,4,2,H,2015-16_SP1.csv,Sevilla FC,Villarreal CF,H,True
2015-16,2016-03-14,Granada,Espanol,1,1,D,2015-16_SP1.csv,Granada CF,RCD Espanyol,D,True
2015-16,2016-03-18,Getafe,Eibar,1,1,D,2015-16_SP1.csv,Getafe CF,SD Eibar,D,True
2015-16,2016-03-19,Betis,Malaga,0,1,A,2015-16_SP1.csv,Real Betis Balompié,Málaga CF,A,True
2015-16,2016-03-19,Granada,Vallecano,2,2,D,2015-16_SP1.csv,Granada CF,Rayo Vallecano,D,True
2015-16,2016-03-19,La Coruna,Levante,2,1,H,2015-16_SP1.csv,Deportivo La Coruña,Levante UD,H,True
2015-16,2016-03-19,Sociedad,Las Palmas,0,1,A,2015-16_SP1.csv,Real Sociedad,UD Las Palmas,A,True
2015-16,2016-03-19,Sp Gijon,Ath Madrid,2,1,H,2015-16_SP1.csv,Sporting Gijón,Club Atlético de Madrid,H,True
2015-16,2016-03-20,Espanol,Ath Bilbao,2,1,H,2015-16_SP1.csv,RCD Espanyol,Athletic Bilbao,H,True
2015-16,2016-03-20,Real Madrid,Sevilla,4,0,H,2015-16_SP1.csv,Real Madrid CF,Sevilla FC,H,True
2015-16,2016-03-20,Valencia,Celta,0,2,A,2015-16_SP1.csv,Valencia CF,RC Celta de Vigo,A,True
2015-16,2016-03-20,Villarreal,Barcelona,2,2,D,2015-16_SP1.csv,Villarreal CF,FC Barcelona,D,True
2015-16,2016-04-01,Vallecano,Getafe,2,0,H,2015-16_SP1.csv,Rayo Vallecano,Getafe CF,H,True
2015-16,2016-04-02,Ath Madrid,Betis,5,1,H,2015-16_SP1.csv,Club Atlético de Madrid,Real Betis Balompié,H,True
2015-16,2016-04-02,Barcelona,Real Madrid,1,2,A,2015-16_SP1.csv,FC Barcelona,Real Madrid CF,A,True
2015-16,2016-04-02,Celta,La Coruna,1,1,D,2015-16_SP1.csv,RC Celta de Vigo,Deportivo La Coruña,D,True
2015-16,2016-04-02,Las Palmas,Valencia,2,1,H,2015-16_SP1.csv,UD Las Palmas,Valencia CF,H,True
2015-16,2016-04-03,Ath Bilbao,Granada,1,1,D,2015-16_SP1.csv,Athletic Bilbao,Granada CF,D,True
2015-16,2016-04-03,Eibar,Villarreal,1,2,A,2015-16_SP1.csv,SD Eibar,Villarreal CF,A,True
2015-16,2016-04-03,Malaga,Espanol,1,1,D,2015-16_SP1.csv,Málaga CF,RCD Espanyol,D,True
2015-16,2016-04-03,Sevilla,Sociedad,1,2,A,2015-16_SP1.csv,Sevilla FC,Real Sociedad,A,True
2015-16,2016-04-04,Levante,Sp Gijon,0,0,D,2015-16_SP1.csv,Levante UD,Sporting Gijón,D,True
2015-16,2016-04-08,Granada,Malaga,0,0,D,2015-16_SP1.csv,Granada CF,Málaga CF,D,True
2015-16,2016-04-09,Betis,Levante,1,0,H,2015-16_SP1.csv,Real Betis Balompié,Levante UD,H,True
2015-16,2016-04-09,Espanol,Ath Madrid,1,3,A,2015-16_SP1.csv,RCD Espanyol,Club Atlético de Madrid,A,True
2015-16,2016-04-09,Real Madrid,Eibar,4,0,H,2015-16_SP1.csv,Real Madrid CF,SD Eibar,H,True
2015-16,2016-04-09,Sociedad,Barcelona,1,0,H,2015-16_SP1.csv,Real Sociedad,FC Barcelona,H,True
2015-16,2016-04-10,Ath Bilbao,Vallecano,1,0,H,2015-16_SP1.csv,Athletic Bilbao,Rayo Vallecano,H,True
2015-16,2016-04-10,Sp Gijon,Celta,0,1,A,2015-16_SP1.csv,Sporting Gijón,RC Celta de Vigo,A,True
2015-16,2016-04-10,Valencia,Sevilla,2,1,H,2015-16_SP1.csv,Valencia CF,Sevilla FC,H,True
2015-16,2016-04-10,Villarreal,Getafe,2,0,H,2015-16_SP1.csv,Villarreal CF,Getafe CF,H,True
2015-16,2016-04-11,La Coruna,Las Palmas,1,3,A,2015-16_SP1.csv,Deportivo La Coruña,UD Las Palmas,A,True
2015-16,2016-04-15,Levante,Espanol,2,1,H,2015-16_SP1.csv,Levante UD,RCD Espanyol,H,True
2015-16,2016-04-16,Celta,Betis,1,1,D,2015-16_SP1.csv,RC Celta de Vigo,Real Betis Balompié,D,True
2015-16,2016-04-16,Eibar,Sociedad,2,1,H,2015-16_SP1.csv,SD Eibar,Real Sociedad,H,True
2015-16,2016-04-16,Getafe,Real Madrid,1,5,A,2015-16_SP1.csv,Getafe CF,Real Madrid CF,A,True
2015-16,2016-04-16,Las Palmas,Sp Gijon,1,1,D,2015-16_SP1.csv,UD Las Palmas,Sporting Gijón,D,True
2015-16,2016-04-17,Ath Madrid,Granada,3,0,H,2015-16_SP1.csv,Club Atlético de Madrid,Granada CF,H,True
2015-16,2016-04-17,Barcelona,Valencia,1,2,A,2015-16_SP1.csv,FC Barcelona,Valencia CF,A,True
2015-16,2016-04-17,Malaga,Ath Bilbao,0,1,A,2015-16_SP1.csv,Málaga CF,Athletic Bilbao,A,True
2015-16,2016-04-17,Sevilla,La Coruna,1,1,D,2015-16_SP1.csv,Sevilla FC,Deportivo La Coruña,D,True
2015-16,2016-04-17,Vallecano,Villarreal,2,1,H,2015-16_SP1.csv,Rayo Vallecano,Villarreal CF,H,True
2015-16,2016-04-19,Betis,Las Palmas,1,0,H,2015-16_SP1.csv,Real Betis Balompié,UD Las Palmas,H,True
2015-16,2016-04-19,Espanol,Celta,1,1,D,2015-16_SP1.csv,RCD Espanyol,RC Celta de Vigo,D,True
2015-16,2016-04-20,Ath Bilbao,Ath Madrid,0,1,A,2015-16_SP1.csv,Athletic Bilbao,Club Atlético de Madrid,A,True
2015-16,2016-04-20,La Coruna,Barcelona,0,8,A,2015-16_SP1.csv,Deportivo La Coruña,FC Barcelona,A,True
2015-16,2016-04-20,Malaga,Vallecano,1,1,D,2015-16_SP1.csv,Málaga CF,Rayo Vallecano,D,True
2015-16,2016-04-20,Real Madrid,Villarreal,3,0,H,2015-16_SP1.csv,Real Madrid CF,Villarreal CF,H,True
2015-16,2016-04-20,Sp Gijon,Sevilla,2,1,H,2015-16_SP1.csv,Sporting Gijón,Sevilla FC,H,True
2015-16,2016-04-20,Valencia,Eibar,4,0,H,2015-16_SP1.csv,Valencia CF,SD Eibar,H,True
2015-16,2016-04-21,Granada,Levante,5,1,H,2015-16_SP1.csv,Granada CF,Levante UD,H,True
2015-16,2016-04-21,Sociedad,Getafe,1,2,A,2015-16_SP1.csv,Real Sociedad,Getafe CF,A,True
2015-16,2016-04-22,Las Palmas,Espanol,4,0,H,2015-16_SP1.csv,UD Las Palmas,RCD Espanyol,H,True
2015-16,2016-04-23,Ath Madrid,Malaga,1,0,H,2015-16_SP1.csv,Club Atlético de Madrid,Málaga CF,H,True
2015-16,2016-04-23,Barcelona,Sp Gijon,6,0,H,2015-16_SP1.csv,FC Barcelona,Sporting Gijón,H,True
2015-16,2016-04-23,Eibar,La Coruna,1,1,D,2015-16_SP1.csv,SD Eibar,Deportivo La Coruña,D,True
2015-16,2016-04-23,Vallecano,Real Madrid,2,3,A,2015-16_SP1.csv,Rayo Vallecano,Real Madrid CF,A,True
2015-16,2016-04-24,Getafe,Valencia,2,2,D,2015-16_SP1.csv,Getafe CF,Valencia CF,D,True
2015-16,2016-04-24,Levante,Ath Bilbao,2,2,D,2015-16_SP1.csv,Levante UD,Athletic Bilbao,D,True
2015-16,2016-04-24,Sevilla,Betis,2,0,H,2015-16_SP1.csv,Sevilla FC,Real Betis Balompié,H,True
2015-16,2016-04-24,Villarreal,Sociedad,0,0,D,2015-16_SP1.csv,Villarreal CF,Real Sociedad,D,True
2015-16,2016-04-25,Celta,Granada,2,1,H,2015-16_SP1.csv,RC Celta de Vigo,Granada CF,H,True
2015-16,2016-04-29,Sp Gijon,Eibar,2,0,H,2015-16_SP1.csv,Sporting Gijón,SD Eibar,H,True
2015-16,2016-04-30,Ath Madrid,Vallecano,1,0,H,2015-16_SP1.csv,Club Atlético de Madrid,Rayo Vallecano,H,True
2015-16,2016-04-30,Betis,Barcelona,0,2,A,2015-16_SP1.csv,Real Betis Balompié,FC Barcelona,A,True
2015-16,2016-04-30,Granada,Las Palmas,3,2,H,2015-16_SP1.csv,Granada CF,UD Las Palmas,H,True
2015-16,2016-04-30,Sociedad,Real Madrid,0,1,A,2015-16_SP1.csv,Real Sociedad,Real Madrid CF,A,True
2015-16,2016-05-01,Ath Bilbao,Celta,2,1,H,2015-16_SP1.csv,Athletic Bilbao,RC Celta de Vigo,H,True
2015-16,2016-05-01,Espanol,Sevilla,1,0,H,2015-16_SP1.csv,RCD Espanyol,Sevilla FC,H,True
2015-16,2016-05-01,La Coruna,Getafe,0,2,A,2015-16_SP1.csv,Deportivo La Coruña,Getafe CF,A,True
2015-16,2016-05-01,Valencia,Villarreal,0,2,A,2015-16_SP1.csv,Valencia CF,Villarreal CF,A,True
2015-16,2016-05-02,Malaga,Levante,3,1,H,2015-16_SP1.csv,Málaga CF,Levante UD,H,True
2015-16,2016-05-08,Barcelona,Espanol,5,0,H,2015-16_SP1.csv,FC Barcelona,RCD Espanyol,H,True
2015-16,2016-05-08,Celta,Malaga,1,0,H,2015-16_SP1.csv,RC Celta de Vigo,Málaga CF,H,True
2015-16,2016-05-08,Eibar,Betis,1,1,D,2015-16_SP1.csv,SD Eibar,Real Betis Balompié,D,True
2015-16,2016-05-08,Getafe,Sp Gijon,1,1,D,2015-16_SP1.csv,Getafe CF,Sporting Gijón,D,True
2015-16,2016-05-08,Las Palmas,Ath Bilbao,0,0,D,2015-16_SP1.csv,UD Las Palmas,Athletic Bilbao,D,True
2015-16,2016-05-08,Levante,Ath Madrid,2,1,H,2015-16_SP1.csv,Levante UD,Club Atlético de Madrid,H,True
2015-16,2016-05-08,Real Madrid,Valencia,3,2,H,2015-16_SP1.csv,Real Madrid CF,Valencia CF,H,True
2015-16,2016-05-08,Sevilla,Granada,1,4,A,2015-16_SP1.csv,Sevilla FC,Granada CF,A,True
2015-16,2016-05-08,Sociedad,Vallecano,2,1,H,2015-16_SP1.csv,Real Sociedad,Rayo Vallecano,H,True
2015-16,2016-05-08,Villarreal,La Coruna,0,2,A,2015-16_SP1.csv,Villarreal CF,Deportivo La Coruña,A,True
2015-16,2016-05-13,Valencia,Sociedad,0,1,A,2015-16_SP1.csv,Valencia CF,Real Sociedad,A,True
2015-16,2016-05-14,Ath Bilbao,Sevilla,3,1,H,2015-16_SP1.csv,Athletic Bilbao,Sevilla FC,H,True
2015-16,2016-05-14,Ath Madrid,Celta,2,0,H,2015-16_SP1.csv,Club Atlético de Madrid,RC Celta de Vigo,H,True
2015-16,2016-05-14,Granada,Barcelona,0,3,A,2015-16_SP1.csv,Granada CF,FC Barcelona,A,True
2015-16,2016-05-14,La Coruna,Real Madrid,0,2,A,2015-16_SP1.csv,Deportivo La Coruña,Real Madrid CF,A,True
2015-16,2016-05-15,Betis,Getafe,2,1,H,2015-16_SP1.csv,Real Betis Balompié,Getafe CF,H,True
2015-16,2016-05-15,Espanol,Eibar,4,2,H,2015-16_SP1.csv,RCD Espanyol,SD Eibar,H,True
2015-16,2016-05-15,Malaga,Las Palmas,4,1,H,2015-16_SP1.csv,Málaga CF,UD Las Palmas,H,True
2015-16,2016-05-15,Sp Gijon,Villarreal,2,0,H,2015-16_SP1.csv,Sporting Gijón,Villarreal CF,H,True
2015-16,2016-05-15,Vallecano,Levante,3,1,H,2015-16_SP1.csv,Rayo Vallecano,Levante UD,H,True
2016-17,2016-08-19,La Coruna,Eibar,2,1,H,2016-17_SP1.csv,Deportivo La Coruña,SD Eibar,H,True
2016-17,2016-08-19,Malaga,Osasuna,1,1,D,2016-17_SP1.csv,Málaga CF,CA Osasuna,D,True
2016-17,2016-08-20,Barcelona,Betis,6,2,H,2016-17_SP1.csv,FC Barcelona,Real Betis Balompié,H,True
2016-17,2016-08-20,Granada,Villarreal,1,1,D,2016-17_SP1.csv,Granada CF,Villarreal CF,D,True
2016-17,2016-08-20,Sevilla,Espanol,6,4,H,2016-17_SP1.csv,Sevilla FC,RCD Espanyol,H,True
2016-17,2016-08-21,Ath Madrid,Alaves,1,1,D,2016-17_SP1.csv,Club Atlético de Madrid,Deportivo Alavés,D,True
2016-17,2016-08-21,Sociedad,Real Madrid,0,3,A,2016-17_SP1.csv,Real Sociedad,Real Madrid CF,A,True
2016-17,2016-08-21,Sp Gijon,Ath Bilbao,2,1,H,2016-17_SP1.csv,Sporting Gijón,Athletic Bilbao,H,True
2016-17,2016-08-22,Celta,Leganes,0,1,A,2016-17_SP1.csv,RC Celta de Vigo,CD Leganés,A,True
2016-17,2016-08-22,Valencia,Las Palmas,2,4,A,2016-17_SP1.csv,Valencia CF,UD Las Palmas,A,True
2016-17,2016-08-26,Betis,La Coruna,0,0,D,2016-17_SP1.csv,Real Betis Balompié,Deportivo La Coruña,D,True
2016-17,2016-08-26,Espanol,Malaga,2,2,D,2016-17_SP1.csv,RCD Espanyol,Málaga CF,D,True
2016-17,2016-08-27,Eibar,Valencia,1,0,H,2016-17_SP1.csv,SD Eibar,Valencia CF,H,True
2016-17,2016-08-27,Leganes,Ath Madrid,0,0,D,2016-17_SP1.csv,CD Leganés,Club Atlético de Madrid,D,True
2016-17,2016-08-27,Osasuna,Sociedad,0,2,A,2016-17_SP1.csv,CA Osasuna,Real Sociedad,A,True
2016-17,2016-08-27,Real Madrid,Celta,2,1,H,2016-17_SP1.csv,Real Madrid CF,RC Celta de Vigo,H,True
2016-17,2016-08-28,Alaves,Sp Gijon,0,0,D,2016-17_SP1.csv,Deportivo Alavés,Sporting Gijón,D,True
2016-17,2016-08-28,Ath Bilbao,Barcelona,0,1,A,2016-17_SP1.csv,Athletic Bilbao,FC Barcelona,A,True
2016-17,2016-08-28,Las Palmas,Granada,5,1,H,2016-17_SP1.csv,UD Las Palmas,Granada CF,H,True
2016-17,2016-08-28,Villarreal,Sevilla,0,0,D,2016-17_SP1.csv,Villarreal CF,Sevilla FC,D,True
2016-17,2016-09-09,Sociedad,Espanol,1,1,D,2016-17_SP1.csv,Real Sociedad,RCD Espanyol,D,True
2016-17,2016-09-10,Barcelona,Alaves,1,2,A,2016-17_SP1.csv,FC Barcelona,Deportivo Alavés,A,True
2016-17,2016-09-10,Celta,Ath Madrid,0,4,A,2016-17_SP1.csv,RC Celta de Vigo,Club Atlético de Madrid,A,True
2016-17,2016-09-10,Malaga,Villarreal,0,2,A,2016-17_SP1.csv,Málaga CF,Villarreal CF,A,True
2016-17,2016-09-10,Real Madrid,Osasuna,5,2,H,2016-17_SP1.csv,Real Madrid CF,CA Osasuna,H,True
2016-17,2016-09-10,Sevilla,Las Palmas,2,1,H,2016-17_SP1.csv,Sevilla FC,UD Las Palmas,H,True
2016-17,2016-09-11,Granada,Eibar,1,2,A,2016-17_SP1.csv,Granada CF,SD Eibar,A,True
2016-17,2016-09-11,La Coruna,Ath Bilbao,0,1,A,2016-17_SP1.csv,Deportivo La Coruña,Athletic Bilbao,A,True
2016-17,2016-09-11,Sp Gijon,Leganes,2,1,H,2016-17_SP1.csv,Sporting Gijón,CD Leganés,H,True
2016-17,2016-09-11,Valencia,Betis,2,3,A,2016-17_SP1.csv,Valencia CF,Real Betis Balompié,A,True
2016-17,2016-09-16,Betis,Granada,2,2,D,2016-17_SP1.csv,Real Betis Balompié,Granada CF,D,True
2016-17,2016-09-17,Ath Madrid,Sp Gijon,5,0,H,2016-17_SP1.csv,Club Atlético de Madrid,Sporting Gijón,H,True
2016-17,2016-09-17,Eibar,Sevilla,1,1,D,2016-17_SP1.csv,SD Eibar,Sevilla FC,D,True
2016-17,2016-09-17,Las Palmas,Malaga,1,0,H,2016-17_SP1.csv,UD Las Palmas,Málaga CF,H,True
2016-17,2016-09-17,Leganes,Barcelona,1,5,A,2016-17_SP1.csv,CD Leganés,FC Barcelona,A,True
2016-17,2016-09-18,Ath Bilbao,Valencia,2,1,H,2016-17_SP1.csv,Athletic Bilbao,Valencia CF,H,True
2016-17,2016-09-18,Espanol,Real Madrid,0,2,A,2016-17_SP1.csv,RCD Espanyol,Real Madrid CF,A,True
2016-17,2016-09-18,Osasuna,Celta,0,0,D,2016-17_SP1.csv,CA Osasuna,RC Celta de Vigo,D,True
2016-17,2016-09-18,Villarreal,Sociedad,2,1,H,2016-17_SP1.csv,Villarreal CF,Real Sociedad,H,True
2016-17,2016-09-19,Alaves,La Coruna,0,0,D,2016-17_SP1.csv,Deportivo Alavés,Deportivo La Coruña,D,True
2016-17,2016-09-20,Malaga,Eibar,2,1,H,2016-17_SP1.csv,Málaga CF,SD Eibar,H,True
2016-17,2016-09-20,Sevilla,Betis,1,0,H,2016-17_SP1.csv,Sevilla FC,Real Betis Balompié,H,True
2016-17,2016-09-21,Barcelona,Ath Madrid,1,1,D,2016-17_SP1.csv,FC Barcelona,Club Atlético de Madrid,D,True
2016-17,2016-09-21,Celta,Sp Gijon,2,1,H,2016-17_SP1.csv,RC Celta de Vigo,Sporting Gijón,H,True
2016-17,2016-09-21,Granada,Ath Bilbao,1,2,A,2016-17_SP1.csv,Granada CF,Athletic Bilbao,A,True
2016-17,2016-09-21,Real Madrid,Villarreal,1,1,D,2016-17_SP1.csv,Real Madrid CF,Villarreal CF,D,True
2016-17,2016-09-21,Sociedad,Las Palmas,4,1,H,2016-17_SP1.csv,Real Sociedad,UD Las Palmas,H,True
2016-17,2016-09-22,La Coruna,Leganes,1,2,A,2016-17_SP1.csv,Deportivo La Coruña,CD Leganés,A,True
2016-17,2016-09-22,Osasuna,Espanol,1,2,A,2016-17_SP1.csv,CA Osasuna,RCD Espanyol,A,True
2016-17,2016-09-22,Valencia,Alaves,2,1,H,2016-17_SP1.csv,Valencia CF,Deportivo Alavés,H,True
2016-17,2016-09-23,Betis,Malaga,1,0,H,2016-17_SP1.csv,Real Betis Balompié,Málaga CF,H,True
2016-17,2016-09-24,Ath Bilbao,Sevilla,3,1,H,2016-17_SP1.csv,Athletic Bilbao,Sevilla FC,H,True
2016-17,2016-09-24,Eibar,Sociedad,2,0,H,2016-17_SP1.csv,SD Eibar,Real Sociedad,H,True
2016-17,2016-09-24,Las Palmas,Real Madrid,2,2,D,2016-17_SP1.csv,UD Las Palmas,Real Madrid CF,D,True
2016-17,2016-09-24,Sp Gijon,Barcelona,0,5,A,2016-17_SP1.csv,Sporting Gijón,FC Barcelona,A,True
2016-17,2016-09-25,Ath Madrid,La Coruna,1,0,H,2016-17_SP1.csv,Club Atlético de Madrid,Deportivo La Coruña,H,True
2016-17,2016-09-25,Espanol,Celta,0,2,A,2016-17_SP1.csv,RCD Espanyol,RC Celta de Vigo,A,True
2016-17,2016-09-25,Leganes,Valencia,1,2,A,2016-17_SP1.csv,CD Leganés,Valencia CF,A,True
2016-17,2016-09-25,Villarreal,Osasuna,3,1,H,2016-17_SP1.csv,Villarreal CF,CA Osasuna,H,True
2016-17,2016-09-26,Alaves,Granada,3,1,H,2016-17_SP1.csv,Deportivo Alavés,Granada CF,H,True
2016-17,2016-09-30,Sociedad,Betis,1,0,H,2016-17_SP1.csv,Real Sociedad,Real Betis Balompié,H,True
2016-17,2016-10-01,Granada,Leganes,0,1,A,2016-17_SP1.csv,Granada CF,CD Leganés,A,True
2016-17,2016-10-01,La Coruna,Sp Gijon,2,1,H,2016-17_SP1.csv,Deportivo La Coruña,Sporting Gijón,H,True
2016-17,2016-10-01,Osasuna,Las Palmas,2,2,D,2016-17_SP1.csv,CA Osasuna,UD Las Palmas,D,True
2016-17,2016-10-01,Sevilla,Alaves,2,1,H,2016-17_SP1.csv,Sevilla FC,Deportivo Alavés,H,True
2016-17,2016-10-02,Celta,Barcelona,4,3,H,2016-17_SP1.csv,RC Celta de Vigo,FC Barcelona,H,True
2016-17,2016-10-02,Espanol,Villarreal,0,0,D,2016-17_SP1.csv,RCD Espanyol,Villarreal CF,D,True
2016-17,2016-10-02,Malaga,Ath Bilbao,2,1,H,2016-17_SP1.csv,Málaga CF,Athletic Bilbao,H,True
2016-17,2016-10-02,Real Madrid,Eibar,1,1,D,2016-17_SP1.csv,Real Madrid CF,SD Eibar,D,True
2016-17,2016-10-02,Valencia,Ath Madrid,0,2,A,2016-17_SP1.csv,Valencia CF,Club Atlético de Madrid,A,True
2016-17,2016-10-14,Las Palmas,Espanol,0,0,D,2016-17_SP1.csv,UD Las Palmas,RCD Espanyol,D,True
2016-17,2016-10-15,Ath Madrid,Granada,7,1,H,2016-17_SP1.csv,Club Atlético de Madrid,Granada CF,H,True
2016-17,2016-10-15,Barcelona,La Coruna,4,0,H,2016-17_SP1.csv,FC Barcelona,Deportivo La Coruña,H,True
2016-17,2016-10-15,Betis,Real Madrid,1,6,A,2016-17_SP1.csv,Real Betis Balompié,Real Madrid CF,A,True
2016-17,2016-10-15,Leganes,Sevilla,2,3,A,2016-17_SP1.csv,CD Leganés,Sevilla FC,A,True
2016-17,2016-10-16,Alaves,Malaga,1,1,D,2016-17_SP1.csv,Deportivo Alavés,Málaga CF,D,True
2016-17,2016-10-16,Ath Bilbao,Sociedad,3,2,H,2016-17_SP1.csv,Athletic Bilbao,Real Sociedad,H,True
2016-17,2016-10-16,Sp Gijon,Valencia,1,2,A,2016-17_SP1.csv,Sporting Gijón,Valencia CF,A,True
2016-17,2016-10-16,Villarreal,Celta,5,0,H,2016-17_SP1.csv,Villarreal CF,RC Celta de Vigo,H,True
2016-17,2016-10-17,Eibar,Osasuna,2,3,A,2016-17_SP1.csv,SD Eibar,CA Osasuna,A,True
2016-17,2016-10-21,Osasuna,Betis,1,2,A,2016-17_SP1.csv,CA Osasuna,Real Betis Balompié,A,True
2016-17,2016-10-22,Espanol,Eibar,3,3,D,2016-17_SP1.csv,RCD Espanyol,SD Eibar,D,True
2016-17,2016-10-22,Granada,Sp Gijon,0,0,D,2016-17_SP1.csv,Granada CF,Sporting Gijón,D,True
2016-17,2016-10-22,Sociedad,Alaves,3,0,H,2016-17_SP1.csv,Real Sociedad,Deportivo Alavés,H,True
2016-17,2016-10-22,Valencia,Barcelona,2,3,A,2016-17_SP1.csv,Valencia CF,FC Barcelona,A,True
2016-17,2016-10-23,Celta,La Coruna,4,1,H,2016-17_SP1.csv,RC Celta de Vigo,Deportivo La Coruña,H,True
2016-17,2016-10-23,Malaga,Leganes,4,0,H,2016-17_SP1.csv,Málaga CF,CD Leganés,H,True
2016-17,2016-10-23,Real Madrid,Ath Bilbao,2,1,H,2016-17_SP1.csv,Real Madrid CF,Athletic Bilbao,H,True
2016-17,2016-10-23,Sevilla,Ath Madrid,1,0,H,2016-17_SP1.csv,Sevilla FC,Club Atlético de Madrid,H,True
2016-17,2016-10-23,Villarreal,Las Palmas,2,1,H,2016-17_SP1.csv,Villarreal CF,UD Las Palmas,H,True
2016-17,2016-10-28,Leganes,Sociedad,0,2,A,2016-17_SP1.csv,CD Leganés,Real Sociedad,A,True
2016-17,2016-10-29,Alaves,Real Madrid,1,4,A,2016-17_SP1.csv,Deportivo Alavés,Real Madrid CF,A,True
2016-17,2016-10-29,Ath Madrid,Malaga,4,2,H,2016-17_SP1.csv,Club Atlético de Madrid,Málaga CF,H,True
2016-17,2016-10-29,Barcelona,Granada,1,0,H,2016-17_SP1.csv,FC Barcelona,Granada CF,H,True
2016-17,2016-10-29,Sp Gijon,Sevilla,1,1,D,2016-17_SP1.csv,Sporting Gijón,Sevilla FC,D,True
2016-17,2016-10-30,Ath Bilbao,Osasuna,1,1,D,2016-17_SP1.csv,Athletic Bilbao,CA Osasuna,D,True
2016-17,2016-10-30,Betis,Espanol,0,1,A,2016-17_SP1.csv,Real Betis Balompié,RCD Espanyol,A,True
2016-17,2016-10-30,Eibar,Villarreal,2,1,H,2016-17_SP1.csv,SD Eibar,Villarreal CF,H,True
2016-17,2016-10-30,Las Palmas,Celta,3,3,D,2016-17_SP1.csv,UD Las Palmas,RC Celta de Vigo,D,True
2016-17,2016-10-31,La Coruna,Valencia,1,1,D,2016-17_SP1.csv,Deportivo La Coruña,Valencia CF,D,True
2016-17,2016-11-04,Malaga,Sp Gijon,3,2,H,2016-17_SP1.csv,Málaga CF,Sporting Gijón,H,True
2016-17,2016-11-05,Granada,La Coruna,1,1,D,2016-17_SP1.csv,Granada CF,Deportivo La Coruña,D,True
2016-17,2016-11-05,Las Palmas,Eibar,1,0,H,2016-17_SP1.csv,UD Las Palmas,SD Eibar,H,True
2016-17,2016-11-05,Osasuna,Alaves,0,1,A,2016-17_SP1.csv,CA Osasuna,Deportivo Alavés,A,True
2016-17,2016-11-05,Sociedad,Ath Madrid,2,0,H,2016-17_SP1.csv,Real Sociedad,Club Atlético de Madrid,H,True
2016-17,2016-11-06,Celta,Valencia,2,1,H,2016-17_SP1.csv,RC Celta de Vigo,Valencia CF,H,True
2016-17,2016-11-06,Espanol,Ath Bilbao,0,0,D,2016-17_SP1.csv,RCD Espanyol,Athletic Bilbao,D,True
2016-17,2016-11-06,Real Madrid,Leganes,3,0,H,2016-17_SP1.csv,Real Madrid CF,CD Leganés,H,True
2016-17,2016-11-06,Sevilla,Barcelona,1,2,A,2016-17_SP1.csv,Sevilla FC,FC Barcelona,A,True
2016-17,2016-11-06,Villarreal,Betis,2,0,H,2016-17_SP1.csv,Villarreal CF,Real Betis Balompié,H,True
2016-17,2016-11-18,Betis,Las Palmas,2,0,H,2016-17_SP1.csv,Real Betis Balompié,UD Las Palmas,H,True
2016-17,2016-11-19,Ath Madrid,Real Madrid,0,3,A,2016-17_SP1.csv,Club Atlético de Madrid,Real Madrid CF,A,True
2016-17,2016-11-19,Barcelona,Malaga,0,0,D,2016-17_SP1.csv,FC Barcelona,Málaga CF,D,True
2016-17,2016-11-19,Eibar,Celta,1,0,H,2016-17_SP1.csv,SD Eibar,RC Celta de Vigo,H,True
2016-17,2016-11-19,La Coruna,Sevilla,2,3,A,2016-17_SP1.csv,Deportivo La Coruña,Sevilla FC,A,True
2016-17,2016-11-20,Alaves,Espanol,0,1,A,2016-17_SP1.csv,Deportivo Alavés,RCD Espanyol,A,True
2016-17,2016-11-20,Ath Bilbao,Villarreal,1,0,H,2016-17_SP1.csv,Athletic Bilbao,Villarreal CF,H,True
2016-17,2016-11-20,Sp Gijon,Sociedad,1,3,A,2016-17_SP1.csv,Sporting Gijón,Real Sociedad,A,True
2016-17,2016-11-20,Valencia,Granada,1,1,D,2016-17_SP1.csv,Valencia CF,Granada CF,D,True
2016-17,2016-11-21,Leganes,Osasuna,2,0,H,2016-17_SP1.csv,CD Leganés,CA Osasuna,H,True
2016-17,2016-11-25,Eibar,Betis,3,1,H,2016-17_SP1.csv,SD Eibar,Real Betis Balompié,H,True
2016-17,2016-11-26,Espanol,Leganes,3,0,H,2016-17_SP1.csv,RCD Espanyol,CD Leganés,H,True
2016-17,2016-11-26,Malaga,La Coruna,4,3,H,2016-17_SP1.csv,Málaga CF,Deportivo La Coruña,H,True
2016-17,2016-11-26,Real Madrid,Sp Gijon,2,1,H,2016-17_SP1.csv,Real Madrid CF,Sporting Gijón,H,True
2016-17,2016-11-26,Sevilla,Valencia,2,1,H,2016-17_SP1.csv,Sevilla FC,Valencia CF,H,True
2016-17,2016-11-27,Celta,Granada,3,1,H,2016-17_SP1.csv,RC Celta de Vigo,Granada CF,H,True
2016-17,2016-11-27,Osasuna,Ath Madrid,0,3,A,2016-17_SP1.csv,CA Osasuna,Club Atlético de Madrid,A,True
2016-17,2016-11-27,Sociedad,Barcelona,1,1,D,2016-17_SP1.csv,Real Sociedad,FC Barcelona,D,True
2016-17,2016-11-27,Villarreal,Alaves,0,2,A,2016-17_SP1.csv,Villarreal CF,Deportivo Alavés,A,True
2016-17,2016-11-28,Las Palmas,Ath Bilbao,3,1,H,2016-17_SP1.csv,UD Las Palmas,Athletic Bilbao,H,True
2016-17,2016-12-03,Ath Madrid,Espanol,0,0,D,2016-17_SP1.csv,Club Atlético de Madrid,RCD Espanyol,D,True
2016-17,2016-12-03,Barcelona,Real Madrid,1,1,D,2016-17_SP1.csv,FC Barcelona,Real Madrid CF,D,True
2016-17,2016-12-03,Granada,Sevilla,2,1,H,2016-17_SP1.csv,Granada CF,Sevilla FC,H,True
2016-17,2016-12-03,Leganes,Villarreal,0,0,D,2016-17_SP1.csv,CD Leganés,Villarreal CF,D,True
2016-17,2016-12-04,Alaves,Las Palmas,1,1,D,2016-17_SP1.csv,Deportivo Alavés,UD Las Palmas,D,True
2016-17,2016-12-04,Ath Bilbao,Eibar,3,1,H,2016-17_SP1.csv,Athletic Bilbao,SD Eibar,H,True
2016-17,2016-12-04,Betis,Celta,3,3,D,2016-17_SP1.csv,Real Betis Balompié,RC Celta de Vigo,D,True
2016-17,2016-12-04,Sp Gijon,Osasuna,3,1,H,2016-17_SP1.csv,Sporting Gijón,CA Osasuna,H,True
2016-17,2016-12-04,Valencia,Malaga,2,2,D,2016-17_SP1.csv,Valencia CF,Málaga CF,D,True
2016-17,2016-12-05,La Coruna,Sociedad,5,1,H,2016-17_SP1.csv,Deportivo La Coruña,Real Sociedad,H,True
2016-17,2016-12-09,Malaga,Granada,1,1,D,2016-17_SP1.csv,Málaga CF,Granada CF,D,True
2016-17,2016-12-10,Las Palmas,Leganes,1,1,D,2016-17_SP1.csv,UD Las Palmas,CD Leganés,D,True
2016-17,2016-12-10,Osasuna,Barcelona,0,3,A,2016-17_SP1.csv,CA Osasuna,FC Barcelona,A,True
2016-17,2016-12-10,Real Madrid,La Coruna,3,2,H,2016-17_SP1.csv,Real Madrid CF,Deportivo La Coruña,H,True
2016-17,2016-12-10,Sociedad,Valencia,3,2,H,2016-17_SP1.csv,Real Sociedad,Valencia CF,H,True
2016-17,2016-12-11,Betis,Ath Bilbao,1,0,H,2016-17_SP1.csv,Real Betis Balompié,Athletic Bilbao,H,True
2016-17,2016-12-11,Celta,Sevilla,0,3,A,2016-17_SP1.csv,RC Celta de Vigo,Sevilla FC,A,True
2016-17,2016-12-11,Eibar,Alaves,0,0,D,2016-17_SP1.csv,SD Eibar,Deportivo Alavés,D,True
2016-17,2016-12-11,Espanol,Sp Gijon,2,1,H,2016-17_SP1.csv,RCD Espanyol,Sporting Gijón,H,True
2016-17,2016-12-12,Villarreal,Ath Madrid,3,0,H,2016-17_SP1.csv,Villarreal CF,Club Atlético de Madrid,H,True
2016-17,2016-12-16,Alaves,Betis,1,0,H,2016-17_SP1.csv,Deportivo Alavés,Real Betis Balompié,H,True
2016-17,2016-12-17,Ath Madrid,Las Palmas,1,0,H,2016-17_SP1.csv,Club Atlético de Madrid,UD Las Palmas,H,True
2016-17,2016-12-17,Granada,Sociedad,0,2,A,2016-17_SP1.csv,Granada CF,Real Sociedad,A,True
2016-17,2016-12-17,Sevilla,Malaga,4,1,H,2016-17_SP1.csv,Sevilla FC,Málaga CF,H,True
2016-17,2016-12-17,Sp Gijon,Villarreal,1,3,A,2016-17_SP1.csv,Sporting Gijón,Villarreal CF,A,True
2016-17,2016-12-18,Barcelona,Espanol,4,1,H,2016-17_SP1.csv,FC Barcelona,RCD Espanyol,H,True
2016-17,2016-12-18,La Coruna,Osasuna,2,0,H,2016-17_SP1.csv,Deportivo La Coruña,CA Osasuna,H,True
2016-17,2016-12-18,Leganes,Eibar,1,1,D,2016-17_SP1.csv,CD Leganés,SD Eibar,D,True
2016-17,2016-12-19,Ath Bilbao,Celta,2,1,H,2016-17_SP1.csv,Athletic Bilbao,RC Celta de Vigo,H,True
2016-17,2017-01-06,Espanol,La Coruna,1,1,D,2016-17_SP1.csv,RCD Espanyol,Deportivo La Coruña,D,True
2016-17,2017-01-07,Eibar,Ath Madrid,0,2,A,2016-17_SP1.csv,SD Eibar,Club Atlético de Madrid,A,True
2016-17,2017-01-07,Las Palmas,Sp Gijon,1,0,H,2016-17_SP1.csv,UD Las Palmas,Sporting Gijón,H,True
2016-17,2017-01-07,Real Madrid,Granada,5,0,H,2016-17_SP1.csv,Real Madrid CF,Granada CF,H,True
2016-17,2017-01-07,Sociedad,Sevilla,0,4,A,2016-17_SP1.csv,Real Sociedad,Sevilla FC,A,True
2016-17,2017-01-08,Ath Bilbao,Alaves,0,0,D,2016-17_SP1.csv,Athletic Bilbao,Deportivo Alavés,D,True
2016-17,2017-01-08,Betis,Leganes,2,0,H,2016-17_SP1.csv,Real Betis Balompié,CD Leganés,H,True
2016-17,2017-01-08,Celta,Malaga,3,1,H,2016-17_SP1.csv,RC Celta de Vigo,Málaga CF,H,True
2016-17,2017-01-08,Villarreal,Barcelona,1,1,D,2016-17_SP1.csv,Villarreal CF,FC Barcelona,D,True
2016-17,2017-01-09,Osasuna,Valencia,3,3,D,2016-17_SP1.csv,CA Osasuna,Valencia CF,D,True
2016-17,2017-01-14,Ath Madrid,Betis,1,0,H,2016-17_SP1.csv,Club Atlético de Madrid,Real Betis Balompié,H,True
2016-17,2017-01-14,Barcelona,Las Palmas,5,0,H,2016-17_SP1.csv,FC Barcelona,UD Las Palmas,H,True
2016-17,2017-01-14,La Coruna,Villarreal,0,0,D,2016-17_SP1.csv,Deportivo La Coruña,Villarreal CF,D,True
2016-17,2017-01-14,Leganes,Ath Bilbao,0,0,D,2016-17_SP1.csv,CD Leganés,Athletic Bilbao,D,True
2016-17,2017-01-15,Celta,Alaves,1,0,H,2016-17_SP1.csv,RC Celta de Vigo,Deportivo Alavés,H,True
2016-17,2017-01-15,Granada,Osasuna,1,1,D,2016-17_SP1.csv,Granada CF,CA Osasuna,D,True
2016-17,2017-01-15,Sevilla,Real Madrid,2,1,H,2016-17_SP1.csv,Sevilla FC,Real Madrid CF,H,True
2016-17,2017-01-15,Sp Gijon,Eibar,2,3,A,2016-17_SP1.csv,Sporting Gijón,SD Eibar,A,True
2016-17,2017-01-15,Valencia,Espanol,2,1,H,2016-17_SP1.csv,Valencia CF,RCD Espanyol,H,True
2016-17,2017-01-16,Malaga,Sociedad,0,2,A,2016-17_SP1.csv,Málaga CF,Real Sociedad,A,True
2016-17,2017-01-20,Las Palmas,La Coruna,1,1,D,2016-17_SP1.csv,UD Las Palmas,Deportivo La Coruña,D,True
2016-17,2017-01-21,Alaves,Leganes,2,2,D,2016-17_SP1.csv,Deportivo Alavés,CD Leganés,D,True
2016-17,2017-01-21,Espanol,Granada,3,1,H,2016-17_SP1.csv,RCD Espanyol,Granada CF,H,True
2016-17,2017-01-21,Real Madrid,Malaga,2,1,H,2016-17_SP1.csv,Real Madrid CF,Málaga CF,H,True
2016-17,2017-01-21,Villarreal,Valencia,0,2,A,2016-17_SP1.csv,Villarreal CF,Valencia CF,A,True
2016-17,2017-01-22,Ath Bilbao,Ath Madrid,2,2,D,2016-17_SP1.csv,Athletic Bilbao,Club Atlético de Madrid,D,True
2016-17,2017-01-22,Betis,Sp Gijon,0,0,D,2016-17_SP1.csv,Real Betis Balompié,Sporting Gijón,D,True
2016-17,2017-01-22,Eibar,Barcelona,0,4,A,2016-17_SP1.csv,SD Eibar,FC Barcelona,A,True
2016-17,2017-01-22,Osasuna,Sevilla,3,4,A,2016-17_SP1.csv,CA Osasuna,Sevilla FC,A,True
2016-17,2017-01-22,Sociedad,Celta,1,0,H,2016-17_SP1.csv,Real Sociedad,RC Celta de Vigo,H,True
2016-17,2017-01-27,Osasuna,Malaga,1,1,D,2016-17_SP1.csv,CA Osasuna,Málaga CF,D,True
2016-17,2017-01-28,Alaves,Ath Madrid,0,0,D,2016-17_SP1.csv,Deportivo Alavés,Club Atlético de Madrid,D,True
2016-17,2017-01-28,Eibar,La Coruna,3,1,H,2016-17_SP1.csv,SD Eibar,Deportivo La Coruña,H,True
2016-17,2017-01-28,Leganes,Celta,0,2,A,2016-17_SP1.csv,CD Leganés,RC Celta de Vigo,A,True
2016-17,2017-01-28,Villarreal,Granada,2,0,H,2016-17_SP1.csv,Villarreal CF,Granada CF,H,True
2016-17,2017-01-29,Ath Bilbao,Sp Gijon,2,1,H,2016-17_SP1.csv,Athletic Bilbao,Sporting Gijón,H,True
2016-17,2017-01-29,Betis,Barcelona,1,1,D,2016-17_SP1.csv,Real Betis Balompié,FC Barcelona,D,True
2016-17,2017-01-29,Espanol,Sevilla,3,1,H,2016-17_SP1.csv,RCD Espanyol,Sevilla FC,H,True
2016-17,2017-01-29,Real Madrid,Sociedad,3,0,H,2016-17_SP1.csv,Real Madrid CF,Real Sociedad,H,True
2016-17,2017-01-30,Las Palmas,Valencia,3,1,H,2016-17_SP1.csv,UD Las Palmas,Valencia CF,H,True
2016-17,2017-02-04,Ath Madrid,Leganes,2,0,H,2016-17_SP1.csv,Club Atlético de Madrid,CD Leganés,H,True
2016-17,2017-02-04,Barcelona,Ath Bilbao,3,0,H,2016-17_SP1.csv,FC Barcelona,Athletic Bilbao,H,True
2016-17,2017-02-04,Malaga,Espanol,0,1,A,2016-17_SP1.csv,Málaga CF,RCD Espanyol,A,True
2016-17,2017-02-04,Valencia,Eibar,0,4,A,2016-17_SP1.csv,Valencia CF,SD Eibar,A,True
2016-17,2017-02-05,Sevilla,Villarreal,0,0,D,2016-17_SP1.csv,Sevilla FC,Villarreal CF,D,True
2016-17,2017-02-05,Sociedad,Osasuna,3,2,H,2016-17_SP1.csv,Real Sociedad,CA Osasuna,H,True
2016-17,2017-02-05,Sp Gijon,Alaves,2,4,A,2016-17_SP1.csv,Sporting Gijón,Deportivo Alavés,A,True
2016-17,2017-02-06,Granada,Las Palmas,1,0,H,2016-17_SP1.csv,Granada CF,UD Las Palmas,H,True
2016-17,2017-02-10,Espanol,Sociedad,1,2,A,2016-17_SP1.csv,RCD Espanyol,Real Sociedad,A,True
2016-17,2017-02-11,Alaves,Barcelona,0,6,A,2016-17_SP1.csv,Deportivo Alavés,FC Barcelona,A,True
2016-17,2017-02-11,Ath Bilbao,La Coruna,2,1,H,2016-17_SP1.csv,Athletic Bilbao,Deportivo La Coruña,H,True
2016-17,2017-02-11,Betis,Valencia,0,0,D,2016-17_SP1.csv,Real Betis Balompié,Valencia CF,D,True
2016-17,2017-02-11,Osasuna,Real Madrid,1,3,A,2016-17_SP1.csv,CA Osasuna,Real Madrid CF,A,True
2016-17,2017-02-12,Ath Madrid,Celta,3,2,H,2016-17_SP1.csv,Club Atlético de Madrid,RC Celta de Vigo,H,True
2016-17,2017-02-12,Las Palmas,Sevilla,0,1,A,2016-17_SP1.csv,UD Las Palmas,Sevilla FC,A,True
2016-17,2017-02-12,Leganes,Sp Gijon,0,2,A,2016-17_SP1.csv,CD Leganés,Sporting Gijón,A,True
2016-17,2017-02-12,Villarreal,Malaga,1,1,D,2016-17_SP1.csv,Villarreal CF,Málaga CF,D,True
2016-17,2017-02-13,Eibar,Granada,4,0,H,2016-17_SP1.csv,SD Eibar,Granada CF,H,True
2016-17,2017-02-17,Granada,Betis,4,1,H,2016-17_SP1.csv,Granada CF,Real Betis Balompié,H,True
2016-17,2017-02-18,La Coruna,Alaves,0,1,A,2016-17_SP1.csv,Deportivo La Coruña,Deportivo Alavés,A,True
2016-17,2017-02-18,Real Madrid,Espanol,2,0,H,2016-17_SP1.csv,Real Madrid CF,RCD Espanyol,H,True
2016-17,2017-02-18,Sevilla,Eibar,2,0,H,2016-17_SP1.csv,Sevilla FC,SD Eibar,H,True
2016-17,2017-02-18,Sp Gijon,Ath Madrid,1,4,A,2016-17_SP1.csv,Sporting Gijón,Club Atlético de Madrid,A,True
2016-17,2017-02-19,Barcelona,Leganes,2,1,H,2016-17_SP1.csv,FC Barcelona,CD Leganés,H,True
2016-17,2017-02-19,Celta,Osasuna,3,0,H,2016-17_SP1.csv,RC Celta de Vigo,CA Osasuna,H,True
2016-17,2017-02-19,Sociedad,Villarreal,0,1,A,2016-17_SP1.csv,Real Sociedad,Villarreal CF,A,True
2016-17,2017-02-19,Valencia,Ath Bilbao,2,0,H,2016-17_SP1.csv,Valencia CF,Athletic Bilbao,H,True
2016-17,2017-02-20,Malaga,Las Palmas,2,1,H,2016-17_SP1.csv,Málaga CF,UD Las Palmas,H,True
2016-17,2017-02-22,Valencia,Real Madrid,2,1,H,2016-17_SP1.csv,Valencia CF,Real Madrid CF,H,True
2016-17,2017-02-24,Las Palmas,Sociedad,0,1,A,2016-17_SP1.csv,UD Las Palmas,Real Sociedad,A,True
2016-17,2017-02-25,Alaves,Valencia,2,1,H,2016-17_SP1.csv,Deportivo Alavés,Valencia CF,H,True
2016-17,2017-02-25,Betis,Sevilla,1,2,A,2016-17_SP1.csv,Real Betis Balompié,Sevilla FC,A,True
2016-17,2017-02-25,Eibar,Malaga,3,0,H,2016-17_SP1.csv,SD Eibar,Málaga CF,H,True
2016-17,2017-02-25,Leganes,La Coruna,4,0,H,2016-17_SP1.csv,CD Leganés,Deportivo La Coruña,H,True
2016-17,2017-02-26,Ath Bilbao,Granada,3,1,H,2016-17_SP1.csv,Athletic Bilbao,Granada CF,H,True
2016-17,2017-02-26,Ath Madrid,Barcelona,1,2,A,2016-17_SP1.csv,Club Atlético de Madrid,FC Barcelona,A,True
2016-17,2017-02-26,Espanol,Osasuna,3,0,H,2016-17_SP1.csv,RCD Espanyol,CA Osasuna,H,True
2016-17,2017-02-26,Sp Gijon,Celta,1,1,D,2016-17_SP1.csv,Sporting Gijón,RC Celta de Vigo,D,True
2016-17,2017-02-26,Villarreal,Real Madrid,2,3,A,2016-17_SP1.csv,Villarreal CF,Real Madrid CF,A,True
2016-17,2017-02-28,Malaga,Betis,1,2,A,2016-17_SP1.csv,Málaga CF,Real Betis Balompié,A,True
2016-17,2017-02-28,Sociedad,Eibar,2,2,D,2016-17_SP1.csv,Real Sociedad,SD Eibar,D,True
2016-17,2017-02-28,Valencia,Leganes,1,0,H,2016-17_SP1.csv,Valencia CF,CD Leganés,H,True
2016-17,2017-03-01,Barcelona,Sp Gijon,6,1,H,2016-17_SP1.csv,FC Barcelona,Sporting Gijón,H,True
2016-17,2017-03-01,Celta,Espanol,2,2,D,2016-17_SP1.csv,RC Celta de Vigo,RCD Espanyol,D,True
2016-17,2017-03-01,Granada,Alaves,2,1,H,2016-17_SP1.csv,Granada CF,Deportivo Alavés,H,True
2016-17,2017-03-01,Osasuna,Villarreal,1,4,A,2016-17_SP1.csv,CA Osasuna,Villarreal CF,A,True
2016-17,2017-03-01,Real Madrid,Las Palmas,3,3,D,2016-17_SP1.csv,Real Madrid CF,UD Las Palmas,D,True
2016-17,2017-03-02,La Coruna,Ath Madrid,1,1,D,2016-17_SP1.csv,Deportivo La Coruña,Club Atlético de Madrid,D,True
2016-17,2017-03-02,Sevilla,Ath Bilbao,1,0,H,2016-17_SP1.csv,Sevilla FC,Athletic Bilbao,H,True
2016-17,2017-03-03,Betis,Sociedad,2,3,A,2016-17_SP1.csv,Real Betis Balompié,Real Sociedad,A,True
2016-17,2017-03-04,Barcelona,Celta,5,0,H,2016-17_SP1.csv,FC Barcelona,RC Celta de Vigo,H,True
2016-17,2017-03-04,Eibar,Real Madrid,1,4,A,2016-17_SP1.csv,SD Eibar,Real Madrid CF,A,True
2016-17,2017-03-04,Leganes,Granada,1,0,H,2016-17_SP1.csv,CD Leganés,Granada CF,H,True
2016-17,2017-03-04,Villarreal,Espanol,2,0,H,2016-17_SP1.csv,Villarreal CF,RCD Espanyol,H,True
2016-17,2017-03-05,Ath Bilbao,Malaga,1,0,H,2016-17_SP1.csv,Athletic Bilbao,Málaga CF,H,True
2016-17,2017-03-05,Ath Madrid,Valencia,3,0,H,2016-17_SP1.csv,Club Atlético de Madrid,Valencia CF,H,True
2016-17,2017-03-05,Las Palmas,Osasuna,5,2,H,2016-17_SP1.csv,UD Las Palmas,CA Osasuna,H,True
2016-17,2017-03-05,Sp Gijon,La Coruna,0,1,A,2016-17_SP1.csv,Sporting Gijón,Deportivo La Coruña,A,True
2016-17,2017-03-06,Alaves,Sevilla,1,1,D,2016-17_SP1.csv,Deportivo Alavés,Sevilla FC,D,True
2016-17,2017-03-08,La Coruna,Betis,1,1,D,2016-17_SP1.csv,Deportivo La Coruña,Real Betis Balompié,D,True
2016-17,2017-03-10,Espanol,Las Palmas,4,3,H,2016-17_SP1.csv,RCD Espanyol,UD Las Palmas,H,True
2016-17,2017-03-11,Granada,Ath Madrid,0,1,A,2016-17_SP1.csv,Granada CF,Club Atlético de Madrid,A,True
2016-17,2017-03-11,Malaga,Alaves,1,2,A,2016-17_SP1.csv,Málaga CF,Deportivo Alavés,A,True
2016-17,2017-03-11,Sevilla,Leganes,1,1,D,2016-17_SP1.csv,Sevilla FC,CD Leganés,D,True
2016-17,2017-03-11,Valencia,Sp Gijon,1,1,D,2016-17_SP1.csv,Valencia CF,Sporting Gijón,D,True
2016-17,2017-03-12,Celta,Villarreal,0,1,A,2016-17_SP1.csv,RC Celta de Vigo,Villarreal CF,A,True
2016-17,2017-03-12,La Coruna,Barcelona,2,1,H,2016-17_SP1.csv,Deportivo La Coruña,FC Barcelona,H,True
2016-17,2017-03-12,Real Madrid,Betis,2,1,H,2016-17_SP1.csv,Real Madrid CF,Real Betis Balompié,H,True
2016-17,2017-03-12,Sociedad,Ath Bilbao,0,2,A,2016-17_SP1.csv,Real Sociedad,Athletic Bilbao,A,True
2016-17,2017-03-13,Osasuna,Eibar,1,1,D,2016-17_SP1.csv,CA Osasuna,SD Eibar,D,True
2016-17,2017-03-17,Las Palmas,Villarreal,1,0,H,2016-17_SP1.csv,UD Las Palmas,Villarreal CF,H,True
2016-17,2017-03-18,Alaves,Sociedad,1,0,H,2016-17_SP1.csv,Deportivo Alavés,Real Sociedad,H,True
2016-17,2017-03-18,Ath Bilbao,Real Madrid,1,2,A,2016-17_SP1.csv,Athletic Bilbao,Real Madrid CF,A,True
2016-17,2017-03-18,Betis,Osasuna,2,0,H,2016-17_SP1.csv,Real Betis Balompié,CA Osasuna,H,True
2016-17,2017-03-18,Eibar,Espanol,1,1,D,2016-17_SP1.csv,SD Eibar,RCD Espanyol,D,True
2016-17,2017-03-19,Ath Madrid,Sevilla,3,1,H,2016-17_SP1.csv,Club Atlético de Madrid,Sevilla FC,H,True
2016-17,2017-03-19,Barcelona,Valencia,4,2,H,2016-17_SP1.csv,FC Barcelona,Valencia CF,H,True
2016-17,2017-03-19,La Coruna,Celta,0,1,A,2016-17_SP1.csv,Deportivo La Coruña,RC Celta de Vigo,A,True
2016-17,2017-03-19,Leganes,Malaga,0,0,D,2016-17_SP1.csv,CD Leganés,Málaga CF,D,True
2016-17,2017-03-19,Sp Gijon,Granada,3,1,H,2016-17_SP1.csv,Sporting Gijón,Granada CF,H,True
2016-17,2017-03-31,Espanol,Betis,2,1,H,2016-17_SP1.csv,RCD Espanyol,Real Betis Balompié,H,True
2016-17,2017-04-01,Malaga,Ath Madrid,0,2,A,2016-17_SP1.csv,Málaga CF,Club Atlético de Madrid,A,True
2016-17,2017-04-01,Osasuna,Ath Bilbao,1,2,A,2016-17_SP1.csv,CA Osasuna,Athletic Bilbao,A,True
2016-17,2017-04-01,Sociedad,Leganes,1,1,D,2016-17_SP1.csv,Real Sociedad,CD Leganés,D,True
2016-17,2017-04-01,Villarreal,Eibar,2,3,A,2016-17_SP1.csv,Villarreal CF,SD Eibar,A,True
2016-17,2017-04-02,Granada,Barcelona,1,4,A,2016-17_SP1.csv,Granada CF,FC Barcelona,A,True
2016-17,2017-04-02,Real Madrid,Alaves,3,0,H,2016-17_SP1.csv,Real Madrid CF,Deportivo Alavés,H,True
2016-17,2017-04-02,Sevilla,Sp Gijon,0,0,D,2016-17_SP1.csv,Sevilla FC,Sporting Gijón,D,True
2016-17,2017-04-02,Valencia,La Coruna,3,0,H,2016-17_SP1.csv,Valencia CF,Deportivo La Coruña,H,True
2016-17,2017-04-03,Celta,Las Palmas,3,1,H,2016-17_SP1.csv,RC Celta de Vigo,UD Las Palmas,H,True
2016-17,2017-04-04,Ath Bilbao,Espanol,2,0,H,2016-17_SP1.csv,Athletic Bilbao,RCD Espanyol,H,True
2016-17,2017-04-04,Ath Madrid,Sociedad,1,0,H,2016-17_SP1.csv,Club Atlético de Madrid,Real Sociedad,H,True
2016-17,2017-04-04,Betis,Villarreal,0,1,A,2016-17_SP1.csv,Real Betis Balompié,Villarreal CF,A,True
2016-17,2017-04-05,Alaves,Osasuna,0,1,A,2016-17_SP1.csv,Deportivo Alavés,CA Osasuna,A,True
2016-17,2017-04-05,Barcelona,Sevilla,3,0,H,2016-17_SP1.csv,FC Barcelona,Sevilla FC,H,True
2016-17,2017-04-05,La Coruna,Granada,0,0,D,2016-17_SP1.csv,Deportivo La Coruña,Granada CF,D,True
2016-17,2017-04-05,Leganes,Real Madrid,2,4,A,2016-17_SP1.csv,CD Leganés,Real Madrid CF,A,True
2016-17,2017-04-05,Sp Gijon,Malaga,0,1,A,2016-17_SP1.csv,Sporting Gijón,Málaga CF,A,True
2016-17,2017-04-06,Eibar,Las Palmas,3,1,H,2016-17_SP1.csv,SD Eibar,UD Las Palmas,H,True
2016-17,2017-04-06,Valencia,Celta,3,2,H,2016-17_SP1.csv,Valencia CF,RC Celta de Vigo,H,True
2016-17,2017-04-07,Villarreal,Ath Bilbao,3,1,H,2016-17_SP1.csv,Villarreal CF,Athletic Bilbao,H,True
2016-17,2017-04-08,Espanol,Alaves,1,0,H,2016-17_SP1.csv,RCD Espanyol,Deportivo Alavés,H,True
2016-17,2017-04-08,Malaga,Barcelona,2,0,H,2016-17_SP1.csv,Málaga CF,FC Barcelona,H,True
2016-17,2017-04-08,Real Madrid,Ath Madrid,1,1,D,2016-17_SP1.csv,Real Madrid CF,Club Atlético de Madrid,D,True
2016-17,2017-04-08,Sevilla,La Coruna,4,2,H,2016-17_SP1.csv,Sevilla FC,Deportivo La Coruña,H,True
2016-17,2017-04-09,Celta,Eibar,0,2,A,2016-17_SP1.csv,RC Celta de Vigo,SD Eibar,A,True
2016-17,2017-04-09,Granada,Valencia,1,3,A,2016-17_SP1.csv,Granada CF,Valencia CF,A,True
2016-17,2017-04-09,Las Palmas,Betis,4,1,H,2016-17_SP1.csv,UD Las Palmas,Real Betis Balompié,H,True
2016-17,2017-04-09,Osasuna,Leganes,2,1,H,2016-17_SP1.csv,CA Osasuna,CD Leganés,H,True
2016-17,2017-04-10,Sociedad,Sp Gijon,3,1,H,2016-17_SP1.csv,Real Sociedad,Sporting Gijón,H,True
2016-17,2017-04-14,Ath Bilbao,Las Palmas,5,1,H,2016-17_SP1.csv,Athletic Bilbao,UD Las Palmas,H,True
2016-17,2017-04-15,Ath Madrid,Osasuna,3,0,H,2016-17_SP1.csv,Club Atlético de Madrid,CA Osasuna,H,True
2016-17,2017-04-15,Barcelona,Sociedad,3,2,H,2016-17_SP1.csv,FC Barcelona,Real Sociedad,H,True
2016-17,2017-04-15,La Coruna,Malaga,2,0,H,2016-17_SP1.csv,Deportivo La Coruña,Málaga CF,H,True
2016-17,2017-04-15,Sp Gijon,Real Madrid,2,3,A,2016-17_SP1.csv,Sporting Gijón,Real Madrid CF,A,True
2016-17,2017-04-16,Betis,Eibar,2,0,H,2016-17_SP1.csv,Real Betis Balompié,SD Eibar,H,True
2016-17,2017-04-16,Granada,Celta,0,3,A,2016-17_SP1.csv,Granada CF,RC Celta de Vigo,A,True
2016-17,2017-04-16,Leganes,Espanol,0,1,A,2016-17_SP1.csv,CD Leganés,RCD Espanyol,A,True
2016-17,2017-04-16,Valencia,Sevilla,0,0,D,2016-17_SP1.csv,Valencia CF,Sevilla FC,D,True
2016-17,2017-04-17,Alaves,Villarreal,2,1,H,2016-17_SP1.csv,Deportivo Alavés,Villarreal CF,H,True
2016-17,2017-04-21,Sevilla,Granada,2,0,H,2016-17_SP1.csv,Sevilla FC,Granada CF,H,True
2016-17,2017-04-22,Espanol,Ath Madrid,0,1,A,2016-17_SP1.csv,RCD Espanyol,Club Atlético de Madrid,A,True
2016-17,2017-04-22,Malaga,Valencia,2,0,H,2016-17_SP1.csv,Málaga CF,Valencia CF,H,True
2016-17,2017-04-22,Osasuna,Sp Gijon,2,2,D,2016-17_SP1.csv,CA Osasuna,Sporting Gijón,D,True
2016-17,2017-04-22,Villarreal,Leganes,2,1,H,2016-17_SP1.csv,Villarreal CF,CD Leganés,H,True
2016-17,2017-04-23,Celta,Betis,0,1,A,2016-17_SP1.csv,RC Celta de Vigo,Real Betis Balompié,A,True
2016-17,2017-04-23,Las Palmas,Alaves,1,1,D,2016-17_SP1.csv,UD Las Palmas,Deportivo Alavés,D,True
2016-17,2017-04-23,Real Madrid,Barcelona,2,3,A,2016-17_SP1.csv,Real Madrid CF,FC Barcelona,A,True
2016-17,2017-04-23,Sociedad,La Coruna,1,0,H,2016-17_SP1.csv,Real Sociedad,Deportivo La Coruña,H,True
2016-17,2017-04-24,Eibar,Ath Bilbao,0,1,A,2016-17_SP1.csv,SD Eibar,Athletic Bilbao,A,True
2016-17,2017-04-25,Ath Madrid,Villarreal,0,1,A,2016-17_SP1.csv,Club Atlético de Madrid,Villarreal CF,A,True
2016-17,2017-04-25,Granada,Malaga,0,2,A,2016-17_SP1.csv,Granada CF,Málaga CF,A,True
2016-17,2017-04-25,Sp Gijon,Espanol,1,1,D,2016-17_SP1.csv,Sporting Gijón,RCD Espanyol,D,True
2016-17,2017-04-26,Barcelona,Osasuna,7,1,H,2016-17_SP1.csv,FC Barcelona,CA Osasuna,H,True
2016-17,2017-04-26,La Coruna,Real Madrid,2,6,A,2016-17_SP1.csv,Deportivo La Coruña,Real Madrid CF,A,True
2016-17,2017-04-26,Leganes,Las Palmas,3,0,H,2016-17_SP1.csv,CD Leganés,UD Las Palmas,H,True
2016-17,2017-04-26,Valencia,Sociedad,2,3,A,2016-17_SP1.csv,Valencia CF,Real Sociedad,A,True
2016-17,2017-04-27,Alaves,Eibar,0,0,D,2016-17_SP1.csv,Deportivo Alavés,SD Eibar,D,True
2016-17,2017-04-27,Ath Bilbao,Betis,2,1,H,2016-17_SP1.csv,Athletic Bilbao,Real Betis Balompié,H,True
2016-17,2017-04-27,Sevilla,Celta,2,1,H,2016-17_SP1.csv,Sevilla FC,RC Celta de Vigo,H,True
2016-17,2017-04-28,Villarreal,Sp Gijon,3,1,H,2016-17_SP1.csv,Villarreal CF,Sporting Gijón,H,True
2016-17,2017-04-29,Espanol,Barcelona,0,3,A,2016-17_SP1.csv,RCD Espanyol,FC Barcelona,A,True
2016-17,2017-04-29,Las Palmas,Ath Madrid,0,5,A,2016-17_SP1.csv,UD Las Palmas,Club Atlético de Madrid,A,True
2016-17,2017-04-29,Real Madrid,Valencia,2,1,H,2016-17_SP1.csv,Real Madrid CF,Valencia CF,H,True
2016-17,2017-04-29,Sociedad,Granada,2,1,H,2016-17_SP1.csv,Real Sociedad,Granada CF,H,True
2016-17,2017-04-30,Betis,Alaves,1,4,A,2016-17_SP1.csv,Real Betis Balompié,Deportivo Alavés,A,True
2016-17,2017-04-30,Celta,Ath Bilbao,0,3,A,2016-17_SP1.csv,RC Celta de Vigo,Athletic Bilbao,A,True
2016-17,2017-04-30,Eibar,Leganes,2,0,H,2016-17_SP1.csv,SD Eibar,CD Leganés,H,True
2016-17,2017-04-30,Osasuna,La Coruna,2,2,D,2016-17_SP1.csv,CA Osasuna,Deportivo La Coruña,D,True
2016-17,2017-05-01,Malaga,Sevilla,4,2,H,2016-17_SP1.csv,Málaga CF,Sevilla FC,H,True
2016-17,2017-05-05,Sevilla,Sociedad,1,1,D,2016-17_SP1.csv,Sevilla FC,Real Sociedad,D,True
2016-17,2017-05-06,Ath Madrid,Eibar,1,0,H,2016-17_SP1.csv,Club Atlético de Madrid,SD Eibar,H,True
2016-17,2017-05-06,Barcelona,Villarreal,4,1,H,2016-17_SP1.csv,FC Barcelona,Villarreal CF,H,True
2016-17,2017-05-06,Granada,Real Madrid,0,4,A,2016-17_SP1.csv,Granada CF,Real Madrid CF,A,True
2016-17,2017-05-06,Sp Gijon,Las Palmas,1,0,H,2016-17_SP1.csv,Sporting Gijón,UD Las Palmas,H,True
2016-17,2017-05-07,Alaves,Ath Bilbao,1,0,H,2016-17_SP1.csv,Deportivo Alavés,Athletic Bilbao,H,True
2016-17,2017-05-07,La Coruna,Espanol,1,2,A,2016-17_SP1.csv,Deportivo La Coruña,RCD Espanyol,A,True
2016-17,2017-05-07,Malaga,Celta,3,0,H,2016-17_SP1.csv,Málaga CF,RC Celta de Vigo,H,True
2016-17,2017-05-07,Valencia,Osasuna,4,1,H,2016-17_SP1.csv,Valencia CF,CA Osasuna,H,True
2016-17,2017-05-08,Leganes,Betis,4,0,H,2016-17_SP1.csv,CD Leganés,Real Betis Balompié,H,True
2016-17,2017-05-13,Espanol,Valencia,0,1,A,2016-17_SP1.csv,RCD Espanyol,Valencia CF,A,True
2016-17,2017-05-13,Osasuna,Granada,2,1,H,2016-17_SP1.csv,CA Osasuna,Granada CF,H,True
2016-17,2017-05-14,Alaves,Celta,3,1,H,2016-17_SP1.csv,Deportivo Alavés,RC Celta de Vigo,H,True
2016-17,2017-05-14,Ath Bilbao,Leganes,1,1,D,2016-17_SP1.csv,Athletic Bilbao,CD Leganés,D,True
2016-17,2017-05-14,Betis,Ath Madrid,1,1,D,2016-17_SP1.csv,Real Betis Balompié,Club Atlético de Madrid,D,True
2016-17,2017-05-14,Eibar,Sp Gijon,0,1,A,2016-17_SP1.csv,SD Eibar,Sporting Gijón,A,True
2016-17,2017-05-14,Las Palmas,Barcelona,1,4,A,2016-17_SP1.csv,UD Las Palmas,FC Barcelona,A,True
2016-17,2017-05-14,Real Madrid,Sevilla,4,1,H,2016-17_SP1.csv,Real Madrid CF,Sevilla FC,H,True
2016-17,2017-05-14,Sociedad,Malaga,2,2,D,2016-17_SP1.csv,Real Sociedad,Málaga CF,D,True
2016-17,2017-05-14,Villarreal,La Coruna,0,0,D,2016-17_SP1.csv,Villarreal CF,Deportivo La Coruña,D,True
2016-17,2017-05-17,Celta,Real Madrid,1,4,A,2016-17_SP1.csv,RC Celta de Vigo,Real Madrid CF,A,True
2016-17,2017-05-19,Granada,Espanol,1,2,A,2016-17_SP1.csv,Granada CF,RCD Espanyol,A,True
2016-17,2017-05-20,La Coruna,Las Palmas,3,0,H,2016-17_SP1.csv,Deportivo La Coruña,UD Las Palmas,H,True
2016-17,2017-05-20,Leganes,Alaves,1,1,D,2016-17_SP1.csv,CD Leganés,Deportivo Alavés,D,True
2016-17,2017-05-20,Sevilla,Osasuna,5,0,H,2016-17_SP1.csv,Sevilla FC,CA Osasuna,H,True
2016-17,2017-05-20,Sp Gijon,Betis,2,2,D,2016-17_SP1.csv,Sporting Gijón,Real Betis Balompié,D,True
2016-17,2017-05-21,Ath Madrid,Ath Bilbao,3,1,H,2016-17_SP1.csv,Club Atlético de Madrid,Athletic Bilbao,H,True
2016-17,2017-05-21,Barcelona,Eibar,4,2,H,2016-17_SP1.csv,FC Barcelona,SD Eibar,H,True
2016-17,2017-05-21,Celta,Sociedad,2,2,D,2016-17_SP1.csv,RC Celta de Vigo,Real Sociedad,D,True
2016-17,2017-05-21,Malaga,Real Madrid,0,2,A,2016-17_SP1.csv,Málaga CF,Real Madrid CF,A,True
2016-17,2017-05-21,Valencia,Villarreal,1,3,A,2016-17_SP1.csv,Valencia CF,Villarreal CF,A,True
2017-18,2017-08-18,Leganes,Alaves,1,0,H,2017-18_SP1.csv,CD Leganés,Deportivo Alavés,H,True
2017-18,2017-08-18,Valencia,Las Palmas,1,0,H,2017-18_SP1.csv,Valencia CF,UD Las Palmas,H,True
2017-18,2017-08-19,Celta,Sociedad,2,3,A,2017-18_SP1.csv,RC Celta de Vigo,Real Sociedad,A,True
2017-18,2017-08-19,Girona,Ath Madrid,2,2,D,2017-18_SP1.csv,Girona FC,Club Atlético de Madrid,D,True
2017-18,2017-08-19,Sevilla,Espanol,1,1,D,2017-18_SP1.csv,Sevilla FC,RCD Espanyol,D,True
2017-18,2017-08-20,Ath Bilbao,Getafe,0,0,D,2017-18_SP1.csv,Athletic Bilbao,Getafe CF,D,True
2017-18,2017-08-20,Barcelona,Betis,2,0,H,2017-18_SP1.csv,FC Barcelona,Real Betis Balompié,H,True
2017-18,2017-08-20,La Coruna,Real Madrid,0,3,A,2017-18_SP1.csv,Deportivo La Coruña,Real Madrid CF,A,True
2017-18,2017-08-21,Levante,Villarreal,1,0,H,2017-18_SP1.csv,Levante UD,Villarreal CF,H,True
2017-18,2017-08-21,Malaga,Eibar,0,1,A,2017-18_SP1.csv,Málaga CF,SD Eibar,A,True
2017-18,2017-08-25,Betis,Celta,2,1,H,2017-18_SP1.csv,Real Betis Balompié,RC Celta de Vigo,H,True
2017-18,2017-08-25,Sociedad,Villarreal,3,0,H,2017-18_SP1.csv,Real Sociedad,Villarreal CF,H,True
2017-18,2017-08-26,Alaves,Barcelona,0,2,A,2017-18_SP1.csv,Deportivo Alavés,FC Barcelona,A,True
2017-18,2017-08-26,Girona,Malaga,1,0,H,2017-18_SP1.csv,Girona FC,Málaga CF,H,True
2017-18,2017-08-26,Las Palmas,Ath Madrid,1,5,A,2017-18_SP1.csv,UD Las Palmas,Club Atlético de Madrid,A,True
2017-18,2017-08-26,Levante,La Coruna,2,2,D,2017-18_SP1.csv,Levante UD,Deportivo La Coruña,D,True
2017-18,2017-08-27,Eibar,Ath Bilbao,0,1,A,2017-18_SP1.csv,SD Eibar,Athletic Bilbao,A,True
2017-18,2017-08-27,Espanol,Leganes,0,1,A,2017-18_SP1.csv,RCD Espanyol,CD Leganés,A,True
2017-18,2017-08-27,Getafe,Sevilla,0,1,A,2017-18_SP1.csv,Getafe CF,Sevilla FC,A,True
2017-18,2017-08-27,Real Madrid,Valencia,2,2,D,2017-18_SP1.csv,Real Madrid CF,Valencia CF,D,True
2017-18,2017-09-08,Leganes,Getafe,1,2,A,2017-18_SP1.csv,CD Leganés,Getafe CF,A,True
2017-18,2017-09-09,Barcelona,Espanol,5,0,H,2017-18_SP1.csv,FC Barcelona,RCD Espanyol,H,True
2017-18,2017-09-09,Real Madrid,Levante,1,1,D,2017-18_SP1.csv,Real Madrid CF,Levante UD,D,True
2017-18,2017-09-09,Sevilla,Eibar,3,0,H,2017-18_SP1.csv,Sevilla FC,SD Eibar,H,True
2017-18,2017-09-09,Valencia,Ath Madrid,0,0,D,2017-18_SP1.csv,Valencia CF,Club Atlético de Madrid,D,True
2017-18,2017-09-10,Ath Bilbao,Girona,2,0,H,2017-18_SP1.csv,Athletic Bilbao,Girona FC,H,True
2017-18,2017-09-10,Celta,Alaves,1,0,H,2017-18_SP1.csv,RC Celta de Vigo,Deportivo Alavés,H,True
2017-18,2017-09-10,La Coruna,Sociedad,2,4,A,2017-18_SP1.csv,Deportivo La Coruña,Real Sociedad,A,True
2017-18,2017-09-10,Villarreal,Betis,3,1,H,2017-18_SP1.csv,Villarreal CF,Real Betis Balompié,H,True
2017-18,2017-09-11,Malaga,Las Palmas,1,3,A,2017-18_SP1.csv,Málaga CF,UD Las Palmas,A,True
2017-18,2017-09-15,Eibar,Leganes,1,0,H,2017-18_SP1.csv,SD Eibar,CD Leganés,H,True
2017-18,2017-09-16,Ath Madrid,Malaga,1,0,H,2017-18_SP1.csv,Club Atlético de Madrid,Málaga CF,H,True
2017-18,2017-09-16,Betis,La Coruna,2,1,H,2017-18_SP1.csv,Real Betis Balompié,Deportivo La Coruña,H,True
2017-18,2017-09-16,Getafe,Barcelona,1,2,A,2017-18_SP1.csv,Getafe CF,FC Barcelona,A,True
2017-18,2017-09-16,Levante,Valencia,1,1,D,2017-18_SP1.csv,Levante UD,Valencia CF,D,True
2017-18,2017-09-17,Alaves,Villarreal,0,3,A,2017-18_SP1.csv,Deportivo Alavés,Villarreal CF,A,True
2017-18,2017-09-17,Girona,Sevilla,0,1,A,2017-18_SP1.csv,Girona FC,Sevilla FC,A,True
2017-18,2017-09-17,Las Palmas,Ath Bilbao,1,0,H,2017-18_SP1.csv,UD Las Palmas,Athletic Bilbao,H,True
2017-18,2017-09-17,Sociedad,Real Madrid,1,3,A,2017-18_SP1.csv,Real Sociedad,Real Madrid CF,A,True
2017-18,2017-09-18,Espanol,Celta,2,1,H,2017-18_SP1.csv,RCD Espanyol,RC Celta de Vigo,H,True
2017-18,2017-09-19,Barcelona,Eibar,6,1,H,2017-18_SP1.csv,FC Barcelona,SD Eibar,H,True
2017-18,2017-09-19,Valencia,Malaga,5,0,H,2017-18_SP1.csv,Valencia CF,Málaga CF,H,True
2017-18,2017-09-20,Ath Bilbao,Ath Madrid,1,2,A,2017-18_SP1.csv,Athletic Bilbao,Club Atlético de Madrid,A,True
2017-18,2017-09-20,La Coruna,Alaves,1,0,H,2017-18_SP1.csv,Deportivo La Coruña,Deportivo Alavés,H,True
2017-18,2017-09-20,Leganes,Girona,0,0,D,2017-18_SP1.csv,CD Leganés,Girona FC,D,True
2017-18,2017-09-20,Real Madrid,Betis,0,1,A,2017-18_SP1.csv,Real Madrid CF,Real Betis Balompié,A,True
2017-18,2017-09-20,Sevilla,Las Palmas,1,0,H,2017-18_SP1.csv,Sevilla FC,UD Las Palmas,H,True
2017-18,2017-09-21,Celta,Getafe,1,1,D,2017-18_SP1.csv,RC Celta de Vigo,Getafe CF,D,True
2017-18,2017-09-21,Levante,Sociedad,3,0,H,2017-18_SP1.csv,Levante UD,Real Sociedad,H,True
2017-18,2017-09-21,Villarreal,Espanol,0,0,D,2017-18_SP1.csv,Villarreal CF,RCD Espanyol,D,True
2017-18,2017-09-23,Alaves,Real Madrid,1,2,A,2017-18_SP1.csv,Deportivo Alavés,Real Madrid CF,A,True
2017-18,2017-09-23,Ath Madrid,Sevilla,2,0,H,2017-18_SP1.csv,Club Atlético de Madrid,Sevilla FC,H,True
2017-18,2017-09-23,Girona,Barcelona,0,3,A,2017-18_SP1.csv,Girona FC,FC Barcelona,A,True
2017-18,2017-09-23,Malaga,Ath Bilbao,3,3,D,2017-18_SP1.csv,Málaga CF,Athletic Bilbao,D,True
2017-18,2017-09-24,Eibar,Celta,0,4,A,2017-18_SP1.csv,SD Eibar,RC Celta de Vigo,A,True
2017-18,2017-09-24,Espanol,La Coruna,4,1,H,2017-18_SP1.csv,RCD Espanyol,Deportivo La Coruña,H,True
2017-18,2017-09-24,Getafe,Villarreal,4,0,H,2017-18_SP1.csv,Getafe CF,Villarreal CF,H,True
2017-18,2017-09-24,Las Palmas,Leganes,0,2,A,2017-18_SP1.csv,UD Las Palmas,CD Leganés,A,True
2017-18,2017-09-24,Sociedad,Valencia,2,3,A,2017-18_SP1.csv,Real Sociedad,Valencia CF,A,True
2017-18,2017-09-25,Betis,Levante,4,0,H,2017-18_SP1.csv,Real Betis Balompié,Levante UD,H,True
2017-18,2017-09-29,Celta,Girona,3,3,D,2017-18_SP1.csv,RC Celta de Vigo,Girona FC,D,True
2017-18,2017-09-30,La Coruna,Getafe,2,1,H,2017-18_SP1.csv,Deportivo La Coruña,Getafe CF,H,True
2017-18,2017-09-30,Leganes,Ath Madrid,0,0,D,2017-18_SP1.csv,CD Leganés,Club Atlético de Madrid,D,True
2017-18,2017-09-30,Levante,Alaves,0,2,A,2017-18_SP1.csv,Levante UD,Deportivo Alavés,A,True
2017-18,2017-09-30,Sevilla,Malaga,2,0,H,2017-18_SP1.csv,Sevilla FC,Málaga CF,H,True
2017-18,2017-10-01,Barcelona,Las Palmas,3,0,H,2017-18_SP1.csv,FC Barcelona,UD Las Palmas,H,True
2017-18,2017-10-01,Real Madrid,Espanol,2,0,H,2017-18_SP1.csv,Real Madrid CF,RCD Espanyol,H,True
2017-18,2017-10-01,Sociedad,Betis,4,4,D,2017-18_SP1.csv,Real Sociedad,Real Betis Balompié,D,True
2017-18,2017-10-01,Valencia,Ath Bilbao,3,2,H,2017-18_SP1.csv,Valencia CF,Athletic Bilbao,H,True
2017-18,2017-10-01,Villarreal,Eibar,3,0,H,2017-18_SP1.csv,Villarreal CF,SD Eibar,H,True
2017-18,2017-10-13,Espanol,Levante,0,0,D,2017-18_SP1.csv,RCD Espanyol,Levante UD,D,True
2017-18,2017-10-14,Alaves,Sociedad,0,2,A,2017-18_SP1.csv,Deportivo Alavés,Real Sociedad,A,True
2017-18,2017-10-14,Ath Bilbao,Sevilla,1,0,H,2017-18_SP1.csv,Athletic Bilbao,Sevilla FC,H,True
2017-18,2017-10-14,Ath Madrid,Barcelona,1,1,D,2017-18_SP1.csv,Club Atlético de Madrid,FC Barcelona,D,True
2017-18,2017-10-14,Getafe,Real Madrid,1,2,A,2017-18_SP1.csv,Getafe CF,Real Madrid CF,A,True
2017-18,2017-10-15,Betis,Valencia,3,6,A,2017-18_SP1.csv,Real Betis Balompié,Valencia CF,A,True
2017-18,2017-10-15,Eibar,La Coruna,0,0,D,2017-18_SP1.csv,SD Eibar,Deportivo La Coruña,D,True
2017-18,2017-10-15,Girona,Villarreal,1,2,A,2017-18_SP1.csv,Girona FC,Villarreal CF,A,True
2017-18,2017-10-15,Malaga,Leganes,0,2,A,2017-18_SP1.csv,Málaga CF,CD Leganés,A,True
2017-18,2017-10-16,Las Palmas,Celta,2,5,A,2017-18_SP1.csv,UD Las Palmas,RC Celta de Vigo,A,True
2017-18,2017-10-21,Barcelona,Malaga,2,0,H,2017-18_SP1.csv,FC Barcelona,Málaga CF,H,True
2017-18,2017-10-21,Betis,Alaves,2,0,H,2017-18_SP1.csv,Real Betis Balompié,Deportivo Alavés,H,True
2017-18,2017-10-21,Levante,Getafe,1,1,D,2017-18_SP1.csv,Levante UD,Getafe CF,D,True
2017-18,2017-10-21,Valencia,Sevilla,4,0,H,2017-18_SP1.csv,Valencia CF,Sevilla FC,H,True
2017-18,2017-10-22,Celta,Ath Madrid,0,1,A,2017-18_SP1.csv,RC Celta de Vigo,Club Atlético de Madrid,A,True
2017-18,2017-10-22,Leganes,Ath Bilbao,1,0,H,2017-18_SP1.csv,CD Leganés,Athletic Bilbao,H,True
2017-18,2017-10-22,Real Madrid,Eibar,3,0,H,2017-18_SP1.csv,Real Madrid CF,SD Eibar,H,True
2017-18,2017-10-22,Villarreal,Las Palmas,4,0,H,2017-18_SP1.csv,Villarreal CF,UD Las Palmas,H,True
2017-18,2017-10-23,La Coruna,Girona,1,2,A,2017-18_SP1.csv,Deportivo La Coruña,Girona FC,A,True
2017-18,2017-10-23,Sociedad,Espanol,1,1,D,2017-18_SP1.csv,Real Sociedad,RCD Espanyol,D,True
2017-18,2017-10-28,Alaves,Valencia,1,2,A,2017-18_SP1.csv,Deportivo Alavés,Valencia CF,A,True
2017-18,2017-10-28,Ath Bilbao,Barcelona,0,2,A,2017-18_SP1.csv,Athletic Bilbao,FC Barcelona,A,True
2017-18,2017-10-28,Ath Madrid,Villarreal,1,1,D,2017-18_SP1.csv,Club Atlético de Madrid,Villarreal CF,D,True
2017-18,2017-10-28,Sevilla,Leganes,2,1,H,2017-18_SP1.csv,Sevilla FC,CD Leganés,H,True
2017-18,2017-10-29,Eibar,Levante,2,2,D,2017-18_SP1.csv,SD Eibar,Levante UD,D,True
2017-18,2017-10-29,Getafe,Sociedad,2,1,H,2017-18_SP1.csv,Getafe CF,Real Sociedad,H,True
2017-18,2017-10-29,Girona,Real Madrid,2,1,H,2017-18_SP1.csv,Girona FC,Real Madrid CF,H,True
2017-18,2017-10-29,Malaga,Celta,2,1,H,2017-18_SP1.csv,Málaga CF,RC Celta de Vigo,H,True
2017-18,2017-10-30,Espanol,Betis,1,0,H,2017-18_SP1.csv,RCD Espanyol,Real Betis Balompié,H,True
2017-18,2017-10-30,Las Palmas,La Coruna,1,3,A,2017-18_SP1.csv,UD Las Palmas,Deportivo La Coruña,A,True
2017-18,2017-11-03,Betis,Getafe,2,2,D,2017-18_SP1.csv,Real Betis Balompié,Getafe CF,D,True
2017-18,2017-11-04,Alaves,Espanol,1,0,H,2017-18_SP1.csv,Deportivo Alavés,RCD Espanyol,H,True
2017-18,2017-11-04,Barcelona,Sevilla,2,1,H,2017-18_SP1.csv,FC Barcelona,Sevilla FC,H,True
2017-18,2017-11-04,La Coruna,Ath Madrid,0,1,A,2017-18_SP1.csv,Deportivo La Coruña,Club Atlético de Madrid,A,True
2017-18,2017-11-04,Valencia,Leganes,3,0,H,2017-18_SP1.csv,Valencia CF,CD Leganés,H,True
2017-18,2017-11-05,Celta,Ath Bilbao,3,1,H,2017-18_SP1.csv,RC Celta de Vigo,Athletic Bilbao,H,True
2017-18,2017-11-05,Levante,Girona,1,2,A,2017-18_SP1.csv,Levante UD,Girona FC,A,True
2017-18,2017-11-05,Real Madrid,Las Palmas,3,0,H,2017-18_SP1.csv,Real Madrid CF,UD Las Palmas,H,True
2017-18,2017-11-05,Sociedad,Eibar,3,1,H,2017-18_SP1.csv,Real Sociedad,SD Eibar,H,True
2017-18,2017-11-05,Villarreal,Malaga,2,0,H,2017-18_SP1.csv,Villarreal CF,Málaga CF,H,True
2017-18,2017-11-17,Girona,Sociedad,1,1,D,2017-18_SP1.csv,Girona FC,Real Sociedad,D,True
2017-18,2017-11-18,Ath Madrid,Real Madrid,0,0,D,2017-18_SP1.csv,Club Atlético de Madrid,Real Madrid CF,D,True
2017-18,2017-11-18,Getafe,Alaves,4,1,H,2017-18_SP1.csv,Getafe CF,Deportivo Alavés,H,True
2017-18,2017-11-18,Leganes,Barcelona,0,3,A,2017-18_SP1.csv,CD Leganés,FC Barcelona,A,True
2017-18,2017-11-18,Sevilla,Celta,2,1,H,2017-18_SP1.csv,Sevilla FC,RC Celta de Vigo,H,True
2017-18,2017-11-19,Ath Bilbao,Villarreal,1,1,D,2017-18_SP1.csv,Athletic Bilbao,Villarreal CF,D,True
2017-18,2017-11-19,Espanol,Valencia,0,2,A,2017-18_SP1.csv,RCD Espanyol,Valencia CF,A,True
2017-18,2017-11-19,Las Palmas,Levante,0,2,A,2017-18_SP1.csv,UD Las Palmas,Levante UD,A,True
2017-18,2017-11-19,Malaga,La Coruna,3,2,H,2017-18_SP1.csv,Málaga CF,Deportivo La Coruña,H,True
2017-18,2017-11-20,Eibar,Betis,5,0,H,2017-18_SP1.csv,SD Eibar,Real Betis Balompié,H,True
2017-18,2017-11-24,Celta,Leganes,1,0,H,2017-18_SP1.csv,RC Celta de Vigo,CD Leganés,H,True
2017-18,2017-11-25,Alaves,Eibar,1,2,A,2017-18_SP1.csv,Deportivo Alavés,SD Eibar,A,True
2017-18,2017-11-25,Betis,Girona,2,2,D,2017-18_SP1.csv,Real Betis Balompié,Girona FC,D,True
2017-18,2017-11-25,Levante,Ath Madrid,0,5,A,2017-18_SP1.csv,Levante UD,Club Atlético de Madrid,A,True
2017-18,2017-11-25,Real Madrid,Malaga,3,2,H,2017-18_SP1.csv,Real Madrid CF,Málaga CF,H,True
2017-18,2017-11-26,La Coruna,Ath Bilbao,2,2,D,2017-18_SP1.csv,Deportivo La Coruña,Athletic Bilbao,D,True
2017-18,2017-11-26,Sociedad,Las Palmas,2,2,D,2017-18_SP1.csv,Real Sociedad,UD Las Palmas,D,True
2017-18,2017-11-26,Valencia,Barcelona,1,1,D,2017-18_SP1.csv,Valencia CF,FC Barcelona,D,True
2017-18,2017-11-26,Villarreal,Sevilla,2,3,A,2017-18_SP1.csv,Villarreal CF,Sevilla FC,A,True
2017-18,2017-11-27,Espanol,Getafe,1,0,H,2017-18_SP1.csv,RCD Espanyol,Getafe CF,H,True
2017-18,2017-12-01,Malaga,Levante,0,0,D,2017-18_SP1.csv,Málaga CF,Levante UD,D,True
2017-18,2017-12-02,Ath Bilbao,Real Madrid,0,0,D,2017-18_SP1.csv,Athletic Bilbao,Real Madrid CF,D,True
2017-18,2017-12-02,Ath Madrid,Sociedad,2,1,H,2017-18_SP1.csv,Club Atlético de Madrid,Real Sociedad,H,True
2017-18,2017-12-02,Barcelona,Celta,2,2,D,2017-18_SP1.csv,FC Barcelona,RC Celta de Vigo,D,True
2017-18,2017-12-02,Sevilla,La Coruna,2,0,H,2017-18_SP1.csv,Sevilla FC,Deportivo La Coruña,H,True
2017-18,2017-12-03,Eibar,Espanol,3,1,H,2017-18_SP1.csv,SD Eibar,RCD Espanyol,H,True
2017-18,2017-12-03,Getafe,Valencia,1,0,H,2017-18_SP1.csv,Getafe CF,Valencia CF,H,True
2017-18,2017-12-03,Las Palmas,Betis,1,0,H,2017-18_SP1.csv,UD Las Palmas,Real Betis Balompié,H,True
2017-18,2017-12-03,Leganes,Villarreal,3,1,H,2017-18_SP1.csv,CD Leganés,Villarreal CF,H,True
2017-18,2017-12-04,Girona,Alaves,2,3,A,2017-18_SP1.csv,Girona FC,Deportivo Alavés,A,True
2017-18,2017-12-08,Alaves,Las Palmas,2,0,H,2017-18_SP1.csv,Deportivo Alavés,UD Las Palmas,H,True
2017-18,2017-12-09,Getafe,Eibar,0,0,D,2017-18_SP1.csv,Getafe CF,SD Eibar,D,True
2017-18,2017-12-09,La Coruna,Leganes,1,0,H,2017-18_SP1.csv,Deportivo La Coruña,CD Leganés,H,True
2017-18,2017-12-09,Real Madrid,Sevilla,5,0,H,2017-18_SP1.csv,Real Madrid CF,Sevilla FC,H,True
2017-18,2017-12-09,Valencia,Celta,2,1,H,2017-18_SP1.csv,Valencia CF,RC Celta de Vigo,H,True
2017-18,2017-12-10,Betis,Ath Madrid,0,1,A,2017-18_SP1.csv,Real Betis Balompié,Club Atlético de Madrid,A,True
2017-18,2017-12-10,Levante,Ath Bilbao,1,2,A,2017-18_SP1.csv,Levante UD,Athletic Bilbao,A,True
2017-18,2017-12-10,Sociedad,Malaga,0,2,A,2017-18_SP1.csv,Real Sociedad,Málaga CF,A,True
2017-18,2017-12-10,Villarreal,Barcelona,0,2,A,2017-18_SP1.csv,Villarreal CF,FC Barcelona,A,True
2017-18,2017-12-11,Espanol,Girona,0,1,A,2017-18_SP1.csv,RCD Espanyol,Girona FC,A,True
2017-18,2017-12-15,Sevilla,Levante,0,0,D,2017-18_SP1.csv,Sevilla FC,Levante UD,D,True
2017-18,2017-12-16,Ath Bilbao,Sociedad,0,0,D,2017-18_SP1.csv,Athletic Bilbao,Real Sociedad,D,True
2017-18,2017-12-16,Ath Madrid,Alaves,1,0,H,2017-18_SP1.csv,Club Atlético de Madrid,Deportivo Alavés,H,True
2017-18,2017-12-16,Eibar,Valencia,2,1,H,2017-18_SP1.csv,SD Eibar,Valencia CF,H,True
2017-18,2017-12-17,Barcelona,La Coruna,4,0,H,2017-18_SP1.csv,FC Barcelona,Deportivo La Coruña,H,True
2017-18,2017-12-17,Celta,Villarreal,0,1,A,2017-18_SP1.csv,RC Celta de Vigo,Villarreal CF,A,True
2017-18,2017-12-17,Girona,Getafe,1,0,H,2017-18_SP1.csv,Girona FC,Getafe CF,H,True
2017-18,2017-12-17,Las Palmas,Espanol,2,2,D,2017-18_SP1.csv,UD Las Palmas,RCD Espanyol,D,True
2017-18,2017-12-18,Malaga,Betis,0,2,A,2017-18_SP1.csv,Málaga CF,Real Betis Balompié,A,True
2017-18,2017-12-19,Levante,Leganes,0,0,D,2017-18_SP1.csv,Levante UD,CD Leganés,D,True
2017-18,2017-12-20,Getafe,Las Palmas,2,0,H,2017-18_SP1.csv,Getafe CF,UD Las Palmas,H,True
2017-18,2017-12-20,Sociedad,Sevilla,3,1,H,2017-18_SP1.csv,Real Sociedad,Sevilla FC,H,True
2017-18,2017-12-21,Alaves,Malaga,1,0,H,2017-18_SP1.csv,Deportivo Alavés,Málaga CF,H,True
2017-18,2017-12-21,Eibar,Girona,4,1,H,2017-18_SP1.csv,SD Eibar,Girona FC,H,True
2017-18,2017-12-22,Betis,Ath Bilbao,0,2,A,2017-18_SP1.csv,Real Betis Balompié,Athletic Bilbao,A,True
2017-18,2017-12-22,Espanol,Ath Madrid,1,0,H,2017-18_SP1.csv,RCD Espanyol,Club Atlético de Madrid,H,True
2017-18,2017-12-23,La Coruna,Celta,1,3,A,2017-18_SP1.csv,Deportivo La Coruña,RC Celta de Vigo,A,True
2017-18,2017-12-23,Real Madrid,Barcelona,0,3,A,2017-18_SP1.csv,Real Madrid CF,FC Barcelona,A,True
2017-18,2017-12-23,Valencia,Villarreal,0,1,A,2017-18_SP1.csv,Valencia CF,Villarreal CF,A,True
2017-18,2018-01-06,Ath Madrid,Getafe,2,0,H,2017-18_SP1.csv,Club Atlético de Madrid,Getafe CF,H,True
2017-18,2018-01-06,Las Palmas,Eibar,1,2,A,2017-18_SP1.csv,UD Las Palmas,SD Eibar,A,True
2017-18,2018-01-06,Sevilla,Betis,3,5,A,2017-18_SP1.csv,Sevilla FC,Real Betis Balompié,A,True
2017-18,2018-01-06,Valencia,Girona,2,1,H,2017-18_SP1.csv,Valencia CF,Girona FC,H,True
2017-18,2018-01-07,Ath Bilbao,Alaves,2,0,H,2017-18_SP1.csv,Athletic Bilbao,Deportivo Alavés,H,True
2017-18,2018-01-07,Barcelona,Levante,3,0,H,2017-18_SP1.csv,FC Barcelona,Levante UD,H,True
2017-18,2018-01-07,Celta,Real Madrid,2,2,D,2017-18_SP1.csv,RC Celta de Vigo,Real Madrid CF,D,True
2017-18,2018-01-07,Leganes,Sociedad,1,0,H,2017-18_SP1.csv,CD Leganés,Real Sociedad,H,True
2017-18,2018-01-07,Villarreal,La Coruna,1,1,D,2017-18_SP1.csv,Villarreal CF,Deportivo La Coruña,D,True
2017-18,2018-01-08,Malaga,Espanol,0,1,A,2017-18_SP1.csv,Málaga CF,RCD Espanyol,A,True
2017-18,2018-01-12,Getafe,Malaga,1,0,H,2017-18_SP1.csv,Getafe CF,Málaga CF,H,True
2017-18,2018-01-13,Eibar,Ath Madrid,0,1,A,2017-18_SP1.csv,SD Eibar,Club Atlético de Madrid,A,True
2017-18,2018-01-13,Girona,Las Palmas,6,0,H,2017-18_SP1.csv,Girona FC,UD Las Palmas,H,True
2017-18,2018-01-13,La Coruna,Valencia,1,2,A,2017-18_SP1.csv,Deportivo La Coruña,Valencia CF,A,True
2017-18,2018-01-13,Real Madrid,Villarreal,0,1,A,2017-18_SP1.csv,Real Madrid CF,Villarreal CF,A,True
2017-18,2018-01-14,Alaves,Sevilla,1,0,H,2017-18_SP1.csv,Deportivo Alavés,Sevilla FC,H,True
2017-18,2018-01-14,Espanol,Ath Bilbao,1,1,D,2017-18_SP1.csv,RCD Espanyol,Athletic Bilbao,D,True
2017-18,2018-01-14,Levante,Celta,0,1,A,2017-18_SP1.csv,Levante UD,RC Celta de Vigo,A,True
2017-18,2018-01-14,Sociedad,Barcelona,2,4,A,2017-18_SP1.csv,Real Sociedad,FC Barcelona,A,True
2017-18,2018-01-15,Betis,Leganes,3,2,H,2017-18_SP1.csv,Real Betis Balompié,CD Leganés,H,True
2017-18,2018-01-19,Getafe,Ath Bilbao,2,2,D,2017-18_SP1.csv,Getafe CF,Athletic Bilbao,D,True
2017-18,2018-01-20,Ath Madrid,Girona,1,1,D,2017-18_SP1.csv,Club Atlético de Madrid,Girona FC,D,True
2017-18,2018-01-20,Espanol,Sevilla,0,3,A,2017-18_SP1.csv,RCD Espanyol,Sevilla FC,A,True
2017-18,2018-01-20,Las Palmas,Valencia,2,1,H,2017-18_SP1.csv,UD Las Palmas,Valencia CF,H,True
2017-18,2018-01-20,Villarreal,Levante,2,1,H,2017-18_SP1.csv,Villarreal CF,Levante UD,H,True
2017-18,2018-01-21,Alaves,Leganes,2,2,D,2017-18_SP1.csv,Deportivo Alavés,CD Leganés,D,True
2017-18,2018-01-21,Betis,Barcelona,0,5,A,2017-18_SP1.csv,Real Betis Balompié,FC Barcelona,A,True
2017-18,2018-01-21,Real Madrid,La Coruna,7,1,H,2017-18_SP1.csv,Real Madrid CF,Deportivo La Coruña,H,True
2017-18,2018-01-21,Sociedad,Celta,1,2,A,2017-18_SP1.csv,Real Sociedad,RC Celta de Vigo,A,True
2017-18,2018-01-22,Eibar,Malaga,1,1,D,2017-18_SP1.csv,SD Eibar,Málaga CF,D,True
2017-18,2018-01-26,Ath Bilbao,Eibar,1,1,D,2017-18_SP1.csv,Athletic Bilbao,SD Eibar,D,True
2017-18,2018-01-27,La Coruna,Levante,2,2,D,2017-18_SP1.csv,Deportivo La Coruña,Levante UD,D,True
2017-18,2018-01-27,Malaga,Girona,0,0,D,2017-18_SP1.csv,Málaga CF,Girona FC,D,True
2017-18,2018-01-27,Valencia,Real Madrid,1,4,A,2017-18_SP1.csv,Valencia CF,Real Madrid CF,A,True
2017-18,2018-01-27,Villarreal,Sociedad,4,2,H,2017-18_SP1.csv,Villarreal CF,Real Sociedad,H,True
2017-18,2018-01-28,Ath Madrid,Las Palmas,3,0,H,2017-18_SP1.csv,Club Atlético de Madrid,UD Las Palmas,H,True
2017-18,2018-01-28,Barcelona,Alaves,2,1,H,2017-18_SP1.csv,FC Barcelona,Deportivo Alavés,H,True
2017-18,2018-01-28,Leganes,Espanol,3,2,H,2017-18_SP1.csv,CD Leganés,RCD Espanyol,H,True
2017-18,2018-01-28,Sevilla,Getafe,1,1,D,2017-18_SP1.csv,Sevilla FC,Getafe CF,D,True
2017-18,2018-01-29,Celta,Betis,3,2,H,2017-18_SP1.csv,RC Celta de Vigo,Real Betis Balompié,H,True
2017-18,2018-02-02,Sociedad,La Coruna,5,0,H,2017-18_SP1.csv,Real Sociedad,Deportivo La Coruña,H,True
2017-18,2018-02-03,Alaves,Celta,2,1,H,2017-18_SP1.csv,Deportivo Alavés,RC Celta de Vigo,H,True
2017-18,2018-02-03,Betis,Villarreal,2,1,H,2017-18_SP1.csv,Real Betis Balompié,Villarreal CF,H,True
2017-18,2018-02-03,Eibar,Sevilla,5,1,H,2017-18_SP1.csv,SD Eibar,Sevilla FC,H,True
2017-18,2018-02-03,Levante,Real Madrid,2,2,D,2017-18_SP1.csv,Levante UD,Real Madrid CF,D,True
2017-18,2018-02-04,Ath Madrid,Valencia,1,0,H,2017-18_SP1.csv,Club Atlético de Madrid,Valencia CF,H,True
2017-18,2018-02-04,Espanol,Barcelona,1,1,D,2017-18_SP1.csv,RCD Espanyol,FC Barcelona,D,True
2017-18,2018-02-04,Getafe,Leganes,0,0,D,2017-18_SP1.csv,Getafe CF,CD Leganés,D,True
2017-18,2018-02-04,Girona,Ath Bilbao,2,0,H,2017-18_SP1.csv,Girona FC,Athletic Bilbao,H,True
2017-18,2018-02-05,Las Palmas,Malaga,1,0,H,2017-18_SP1.csv,UD Las Palmas,Málaga CF,H,True
2017-18,2018-02-09,Ath Bilbao,Las Palmas,0,0,D,2017-18_SP1.csv,Athletic Bilbao,UD Las Palmas,D,True
2017-18,2018-02-10,Leganes,Eibar,0,1,A,2017-18_SP1.csv,CD Leganés,SD Eibar,A,True
2017-18,2018-02-10,Malaga,Ath Madrid,0,1,A,2017-18_SP1.csv,Málaga CF,Club Atlético de Madrid,A,True
2017-18,2018-02-10,Real Madrid,Sociedad,5,2,H,2017-18_SP1.csv,Real Madrid CF,Real Sociedad,H,True
2017-18,2018-02-10,Villarreal,Alaves,1,2,A,2017-18_SP1.csv,Villarreal CF,Deportivo Alavés,A,True
2017-18,2018-02-11,Barcelona,Getafe,0,0,D,2017-18_SP1.csv,FC Barcelona,Getafe CF,D,True
2017-18,2018-02-11,Celta,Espanol,2,2,D,2017-18_SP1.csv,RC Celta de Vigo,RCD Espanyol,D,True
2017-18,2018-02-11,Sevilla,Girona,1,0,H,2017-18_SP1.csv,Sevilla FC,Girona FC,H,True
2017-18,2018-02-11,Valencia,Levante,3,1,H,2017-18_SP1.csv,Valencia CF,Levante UD,H,True
2017-18,2018-02-12,La Coruna,Betis,0,1,A,2017-18_SP1.csv,Deportivo La Coruña,Real Betis Balompié,A,True
2017-18,2018-02-16,Girona,Leganes,3,0,H,2017-18_SP1.csv,Girona FC,CD Leganés,H,True
2017-18,2018-02-17,Alaves,La Coruna,1,0,H,2017-18_SP1.csv,Deportivo Alavés,Deportivo La Coruña,H,True
2017-18,2018-02-17,Eibar,Barcelona,0,2,A,2017-18_SP1.csv,SD Eibar,FC Barcelona,A,True
2017-18,2018-02-17,Las Palmas,Sevilla,1,2,A,2017-18_SP1.csv,UD Las Palmas,Sevilla FC,A,True
2017-18,2018-02-17,Malaga,Valencia,1,2,A,2017-18_SP1.csv,Málaga CF,Valencia CF,A,True
2017-18,2018-02-18,Ath Madrid,Ath Bilbao,2,0,H,2017-18_SP1.csv,Club Atlético de Madrid,Athletic Bilbao,H,True
2017-18,2018-02-18,Betis,Real Madrid,3,5,A,2017-18_SP1.csv,Real Betis Balompié,Real Madrid CF,A,True
2017-18,2018-02-18,Espanol,Villarreal,1,1,D,2017-18_SP1.csv,RCD Espanyol,Villarreal CF,D,True
2017-18,2018-02-18,Sociedad,Levante,3,0,H,2017-18_SP1.csv,Real Sociedad,Levante UD,H,True
2017-18,2018-02-19,Getafe,Celta,3,0,H,2017-18_SP1.csv,Getafe CF,RC Celta de Vigo,H,True
2017-18,2018-02-21,Leganes,Real Madrid,1,3,A,2017-18_SP1.csv,CD Leganés,Real Madrid CF,A,True
2017-18,2018-02-23,La Coruna,Espanol,0,0,D,2017-18_SP1.csv,Deportivo La Coruña,RCD Espanyol,D,True
2017-18,2018-02-24,Barcelona,Girona,6,1,H,2017-18_SP1.csv,FC Barcelona,Girona FC,H,True
2017-18,2018-02-24,Celta,Eibar,2,0,H,2017-18_SP1.csv,RC Celta de Vigo,SD Eibar,H,True
2017-18,2018-02-24,Leganes,Las Palmas,0,0,D,2017-18_SP1.csv,CD Leganés,UD Las Palmas,D,True
2017-18,2018-02-24,Real Madrid,Alaves,4,0,H,2017-18_SP1.csv,Real Madrid CF,Deportivo Alavés,H,True
2017-18,2018-02-25,Ath Bilbao,Malaga,2,1,H,2017-18_SP1.csv,Athletic Bilbao,Málaga CF,H,True
2017-18,2018-02-25,Sevilla,Ath Madrid,2,5,A,2017-18_SP1.csv,Sevilla FC,Club Atlético de Madrid,A,True
2017-18,2018-02-25,Valencia,Sociedad,2,1,H,2017-18_SP1.csv,Valencia CF,Real Sociedad,H,True
2017-18,2018-02-25,Villarreal,Getafe,1,0,H,2017-18_SP1.csv,Villarreal CF,Getafe CF,H,True
2017-18,2018-02-26,Levante,Betis,0,2,A,2017-18_SP1.csv,Levante UD,Real Betis Balompié,A,True
2017-18,2018-02-27,Espanol,Real Madrid,1,0,H,2017-18_SP1.csv,RCD Espanyol,Real Madrid CF,H,True
2017-18,2018-02-27,Girona,Celta,1,0,H,2017-18_SP1.csv,Girona FC,RC Celta de Vigo,H,True
2017-18,2018-02-28,Ath Bilbao,Valencia,1,1,D,2017-18_SP1.csv,Athletic Bilbao,Valencia CF,D,True
2017-18,2018-02-28,Ath Madrid,Leganes,4,0,H,2017-18_SP1.csv,Club Atlético de Madrid,CD Leganés,H,True
2017-18,2018-02-28,Eibar,Villarreal,1,0,H,2017-18_SP1.csv,SD Eibar,Villarreal CF,H,True
2017-18,2018-02-28,Getafe,La Coruna,3,0,H,2017-18_SP1.csv,Getafe CF,Deportivo La Coruña,H,True
2017-18,2018-02-28,Malaga,Sevilla,0,1,A,2017-18_SP1.csv,Málaga CF,Sevilla FC,A,True
2017-18,2018-03-01,Alaves,Levante,1,0,H,2017-18_SP1.csv,Deportivo Alavés,Levante UD,H,True
2017-18,2018-03-01,Betis,Sociedad,0,0,D,2017-18_SP1.csv,Real Betis Balompié,Real Sociedad,D,True
2017-18,2018-03-01,Las Palmas,Barcelona,1,1,D,2017-18_SP1.csv,UD Las Palmas,FC Barcelona,D,True
2017-18,2018-03-03,La Coruna,Eibar,1,1,D,2017-18_SP1.csv,Deportivo La Coruña,SD Eibar,D,True
2017-18,2018-03-03,Leganes,Malaga,2,0,H,2017-18_SP1.csv,CD Leganés,Málaga CF,H,True
2017-18,2018-03-03,Real Madrid,Getafe,3,1,H,2017-18_SP1.csv,Real Madrid CF,Getafe CF,H,True
2017-18,2018-03-03,Sevilla,Ath Bilbao,2,0,H,2017-18_SP1.csv,Sevilla FC,Athletic Bilbao,H,True
2017-18,2018-03-03,Villarreal,Girona,0,2,A,2017-18_SP1.csv,Villarreal CF,Girona FC,A,True
2017-18,2018-03-04,Barcelona,Ath Madrid,1,0,H,2017-18_SP1.csv,FC Barcelona,Club Atlético de Madrid,H,True
2017-18,2018-03-04,Levante,Espanol,1,1,D,2017-18_SP1.csv,Levante UD,RCD Espanyol,D,True
2017-18,2018-03-04,Sociedad,Alaves,2,1,H,2017-18_SP1.csv,Real Sociedad,Deportivo Alavés,H,True
2017-18,2018-03-04,Valencia,Betis,2,0,H,2017-18_SP1.csv,Valencia CF,Real Betis Balompié,H,True
2017-18,2018-03-05,Celta,Las Palmas,2,1,H,2017-18_SP1.csv,RC Celta de Vigo,UD Las Palmas,H,True
2017-18,2018-03-09,Girona,La Coruna,2,0,H,2017-18_SP1.csv,Girona FC,Deportivo La Coruña,H,True
2017-18,2018-03-10,Eibar,Real Madrid,1,2,A,2017-18_SP1.csv,SD Eibar,Real Madrid CF,A,True
2017-18,2018-03-10,Getafe,Levante,0,1,A,2017-18_SP1.csv,Getafe CF,Levante UD,A,True
2017-18,2018-03-10,Malaga,Barcelona,0,2,A,2017-18_SP1.csv,Málaga CF,FC Barcelona,A,True
2017-18,2018-03-10,Sevilla,Valencia,0,2,A,2017-18_SP1.csv,Sevilla FC,Valencia CF,A,True
2017-18,2018-03-11,Ath Bilbao,Leganes,2,0,H,2017-18_SP1.csv,Athletic Bilbao,CD Leganés,H,True
2017-18,2018-03-11,Ath Madrid,Celta,3,0,H,2017-18_SP1.csv,Club Atlético de Madrid,RC Celta de Vigo,H,True
2017-18,2018-03-11,Espanol,Sociedad,2,1,H,2017-18_SP1.csv,RCD Espanyol,Real Sociedad,H,True
2017-18,2018-03-11,Las Palmas,Villarreal,0,2,A,2017-18_SP1.csv,UD Las Palmas,Villarreal CF,A,True
2017-18,2018-03-12,Alaves,Betis,1,3,A,2017-18_SP1.csv,Deportivo Alavés,Real Betis Balompié,A,True
2017-18,2018-03-16,Levante,Eibar,2,1,H,2017-18_SP1.csv,Levante UD,SD Eibar,H,True
2017-18,2018-03-17,Betis,Espanol,3,0,H,2017-18_SP1.csv,Real Betis Balompié,RCD Espanyol,H,True
2017-18,2018-03-17,La Coruna,Las Palmas,1,1,D,2017-18_SP1.csv,Deportivo La Coruña,UD Las Palmas,D,True
2017-18,2018-03-17,Sociedad,Getafe,1,2,A,2017-18_SP1.csv,Real Sociedad,Getafe CF,A,True
2017-18,2018-03-17,Valencia,Alaves,3,1,H,2017-18_SP1.csv,Valencia CF,Deportivo Alavés,H,True
2017-18,2018-03-18,Barcelona,Ath Bilbao,2,0,H,2017-18_SP1.csv,FC Barcelona,Athletic Bilbao,H,True
2017-18,2018-03-18,Celta,Malaga,0,0,D,2017-18_SP1.csv,RC Celta de Vigo,Málaga CF,D,True
2017-18,2018-03-18,Leganes,Sevilla,2,1,H,2017-18_SP1.csv,CD Leganés,Sevilla FC,H,True
2017-18,2018-03-18,Real Madrid,Girona,6,3,H,2017-18_SP1.csv,Real Madrid CF,Girona FC,H,True
2017-18,2018-03-18,Villarreal,Ath Madrid,2,1,H,2017-18_SP1.csv,Villarreal CF,Club Atlético de Madrid,H,True
2017-18,2018-03-31,Ath Bilbao,Celta,1,1,D,2017-18_SP1.csv,Athletic Bilbao,RC Celta de Vigo,D,True
2017-18,2018-03-31,Girona,Levante,1,1,D,2017-18_SP1.csv,Girona FC,Levante UD,D,True
2017-18,2018-03-31,Las Palmas,Real Madrid,0,3,A,2017-18_SP1.csv,UD Las Palmas,Real Madrid CF,A,True
2017-18,2018-03-31,Sevilla,Barcelona,2,2,D,2017-18_SP1.csv,Sevilla FC,FC Barcelona,D,True
2017-18,2018-04-01,Ath Madrid,La Coruna,1,0,H,2017-18_SP1.csv,Club Atlético de Madrid,Deportivo La Coruña,H,True
2017-18,2018-04-01,Eibar,Sociedad,0,0,D,2017-18_SP1.csv,SD Eibar,Real Sociedad,D,True
2017-18,2018-04-01,Espanol,Alaves,0,0,D,2017-18_SP1.csv,RCD Espanyol,Deportivo Alavés,D,True
2017-18,2018-04-01,Leganes,Valencia,0,1,A,2017-18_SP1.csv,CD Leganés,Valencia CF,A,True
2017-18,2018-04-01,Malaga,Villarreal,1,0,H,2017-18_SP1.csv,Málaga CF,Villarreal CF,H,True
2017-18,2018-04-02,Getafe,Betis,0,1,A,2017-18_SP1.csv,Getafe CF,Real Betis Balompié,A,True
2017-18,2018-04-06,La Coruna,Malaga,3,2,H,2017-18_SP1.csv,Deportivo La Coruña,Málaga CF,H,True
2017-18,2018-04-07,Alaves,Getafe,2,0,H,2017-18_SP1.csv,Deportivo Alavés,Getafe CF,H,True
2017-18,2018-04-07,Barcelona,Leganes,3,1,H,2017-18_SP1.csv,FC Barcelona,CD Leganés,H,True
2017-18,2018-04-07,Betis,Eibar,2,0,H,2017-18_SP1.csv,Real Betis Balompié,SD Eibar,H,True
2017-18,2018-04-07,Celta,Sevilla,4,0,H,2017-18_SP1.csv,RC Celta de Vigo,Sevilla FC,H,True
2017-18,2018-04-08,Levante,Las Palmas,2,1,H,2017-18_SP1.csv,Levante UD,UD Las Palmas,H,True
2017-18,2018-04-08,Real Madrid,Ath Madrid,1,1,D,2017-18_SP1.csv,Real Madrid CF,Club Atlético de Madrid,D,True
2017-18,2018-04-08,Sociedad,Girona,5,0,H,2017-18_SP1.csv,Real Sociedad,Girona FC,H,True
2017-18,2018-04-08,Valencia,Espanol,1,0,H,2017-18_SP1.csv,Valencia CF,RCD Espanyol,H,True
2017-18,2018-04-09,Villarreal,Ath Bilbao,1,3,A,2017-18_SP1.csv,Villarreal CF,Athletic Bilbao,A,True
2017-18,2018-04-13,Girona,Betis,0,1,A,2017-18_SP1.csv,Girona FC,Real Betis Balompié,A,True
2017-18,2018-04-14,Ath Bilbao,La Coruna,2,3,A,2017-18_SP1.csv,Athletic Bilbao,Deportivo La Coruña,A,True
2017-18,2018-04-14,Barcelona,Valencia,2,1,H,2017-18_SP1.csv,FC Barcelona,Valencia CF,H,True
2017-18,2018-04-14,Las Palmas,Sociedad,0,1,A,2017-18_SP1.csv,UD Las Palmas,Real Sociedad,A,True
2017-18,2018-04-14,Leganes,Celta,1,0,H,2017-18_SP1.csv,CD Leganés,RC Celta de Vigo,H,True
2017-18,2018-04-14,Sevilla,Villarreal,2,2,D,2017-18_SP1.csv,Sevilla FC,Villarreal CF,D,True
2017-18,2018-04-15,Ath Madrid,Levante,3,0,H,2017-18_SP1.csv,Club Atlético de Madrid,Levante UD,H,True
2017-18,2018-04-15,Eibar,Alaves,0,1,A,2017-18_SP1.csv,SD Eibar,Deportivo Alavés,A,True
2017-18,2018-04-15,Getafe,Espanol,1,0,H,2017-18_SP1.csv,Getafe CF,RCD Espanyol,H,True
2017-18,2018-04-15,Malaga,Real Madrid,1,2,A,2017-18_SP1.csv,Málaga CF,Real Madrid CF,A,True
2017-18,2018-04-17,Celta,Barcelona,2,2,D,2017-18_SP1.csv,RC Celta de Vigo,FC Barcelona,D,True
2017-18,2018-04-17,La Coruna,Sevilla,0,0,D,2017-18_SP1.csv,Deportivo La Coruña,Sevilla FC,D,True
2017-18,2018-04-17,Villarreal,Leganes,2,1,H,2017-18_SP1.csv,Villarreal CF,CD Leganés,H,True
2017-18,2018-04-18,Espanol,Eibar,0,1,A,2017-18_SP1.csv,RCD Espanyol,SD Eibar,A,True
2017-18,2018-04-18,Real Madrid,Ath Bilbao,1,1,D,2017-18_SP1.csv,Real Madrid CF,Athletic Bilbao,D,True
2017-18,2018-04-18,Valencia,Getafe,1,2,A,2017-18_SP1.csv,Valencia CF,Getafe CF,A,True
2017-18,2018-04-19,Alaves,Girona,1,2,A,2017-18_SP1.csv,Deportivo Alavés,Girona FC,A,True
2017-18,2018-04-19,Betis,Las Palmas,1,0,H,2017-18_SP1.csv,Real Betis Balompié,UD Las Palmas,H,True
2017-18,2018-04-19,Levante,Malaga,1,0,H,2017-18_SP1.csv,Levante UD,Málaga CF,H,True
2017-18,2018-04-19,Sociedad,Ath Madrid,3,0,H,2017-18_SP1.csv,Real Sociedad,Club Atlético de Madrid,H,True
2017-18,2018-04-20,Leganes,La Coruna,0,0,D,2017-18_SP1.csv,CD Leganés,Deportivo La Coruña,D,True
2017-18,2018-04-21,Celta,Valencia,1,1,D,2017-18_SP1.csv,RC Celta de Vigo,Valencia CF,D,True
2017-18,2018-04-21,Eibar,Getafe,0,1,A,2017-18_SP1.csv,SD Eibar,Getafe CF,A,True
2017-18,2018-04-22,Ath Madrid,Betis,0,0,D,2017-18_SP1.csv,Club Atlético de Madrid,Real Betis Balompié,D,True
2017-18,2018-04-22,Girona,Espanol,0,2,A,2017-18_SP1.csv,Girona FC,RCD Espanyol,A,True
2017-18,2018-04-22,Las Palmas,Alaves,0,4,A,2017-18_SP1.csv,UD Las Palmas,Deportivo Alavés,A,True
2017-18,2018-04-22,Malaga,Sociedad,2,0,H,2017-18_SP1.csv,Málaga CF,Real Sociedad,H,True
2017-18,2018-04-23,Ath Bilbao,Levante,1,3,A,2017-18_SP1.csv,Athletic Bilbao,Levante UD,A,True
2017-18,2018-04-27,Levante,Sevilla,2,1,H,2017-18_SP1.csv,Levante UD,Sevilla FC,H,True
2017-18,2018-04-28,Espanol,Las Palmas,1,1,D,2017-18_SP1.csv,RCD Espanyol,UD Las Palmas,D,True
2017-18,2018-04-28,Real Madrid,Leganes,2,1,H,2017-18_SP1.csv,Real Madrid CF,CD Leganés,H,True
2017-18,2018-04-28,Sociedad,Ath Bilbao,3,1,H,2017-18_SP1.csv,Real Sociedad,Athletic Bilbao,H,True
2017-18,2018-04-28,Villarreal,Celta,4,1,H,2017-18_SP1.csv,Villarreal CF,RC Celta de Vigo,H,True
2017-18,2018-04-29,Alaves,Ath Madrid,0,1,A,2017-18_SP1.csv,Deportivo Alavés,Club Atlético de Madrid,A,True
2017-18,2018-04-29,Getafe,Girona,1,1,D,2017-18_SP1.csv,Getafe CF,Girona FC,D,True
2017-18,2018-04-29,La Coruna,Barcelona,2,4,A,2017-18_SP1.csv,Deportivo La Coruña,FC Barcelona,A,True
2017-18,2018-04-29,Valencia,Eibar,0,0,D,2017-18_SP1.csv,Valencia CF,SD Eibar,D,True
2017-18,2018-04-30,Betis,Malaga,2,1,H,2017-18_SP1.csv,Real Betis Balompié,Málaga CF,H,True
2017-18,2018-05-04,Sevilla,Sociedad,1,0,H,2017-18_SP1.csv,Sevilla FC,Real Sociedad,H,True
2017-18,2018-05-05,Ath Bilbao,Betis,2,0,H,2017-18_SP1.csv,Athletic Bilbao,Real Betis Balompié,H,True
2017-18,2018-05-05,Celta,La Coruna,1,1,D,2017-18_SP1.csv,RC Celta de Vigo,Deportivo La Coruña,D,True
2017-18,2018-05-05,Girona,Eibar,1,4,A,2017-18_SP1.csv,Girona FC,SD Eibar,A,True
2017-18,2018-05-05,Villarreal,Valencia,1,0,H,2017-18_SP1.csv,Villarreal CF,Valencia CF,H,True
2017-18,2018-05-06,Ath Madrid,Espanol,0,2,A,2017-18_SP1.csv,Club Atlético de Madrid,RCD Espanyol,A,True
2017-18,2018-05-06,Barcelona,Real Madrid,2,2,D,2017-18_SP1.csv,FC Barcelona,Real Madrid CF,D,True
2017-18,2018-05-06,Las Palmas,Getafe,0,1,A,2017-18_SP1.csv,UD Las Palmas,Getafe CF,A,True
2017-18,2018-05-06,Malaga,Alaves,0,3,A,2017-18_SP1.csv,Málaga CF,Deportivo Alavés,A,True
2017-18,2018-05-07,Leganes,Levante,0,3,A,2017-18_SP1.csv,CD Leganés,Levante UD,A,True
2017-18,2018-05-09,Barcelona,Villarreal,5,1,H,2017-18_SP1.csv,FC Barcelona,Villarreal CF,H,True
2017-18,2018-05-09,Sevilla,Real Madrid,3,2,H,2017-18_SP1.csv,Sevilla FC,Real Madrid CF,H,True
2017-18,2018-05-12,Alaves,Ath Bilbao,3,1,H,2017-18_SP1.csv,Deportivo Alavés,Athletic Bilbao,H,True
2017-18,2018-05-12,Betis,Sevilla,2,2,D,2017-18_SP1.csv,Real Betis Balompié,Sevilla FC,D,True
2017-18,2018-05-12,Eibar,Las Palmas,1,0,H,2017-18_SP1.csv,SD Eibar,UD Las Palmas,H,True
2017-18,2018-05-12,Getafe,Ath Madrid,0,1,A,2017-18_SP1.csv,Getafe CF,Club Atlético de Madrid,A,True
2017-18,2018-05-12,Girona,Valencia,0,1,A,2017-18_SP1.csv,Girona FC,Valencia CF,A,True
2017-18,2018-05-12,La Coruna,Villarreal,2,4,A,2017-18_SP1.csv,Deportivo La Coruña,Villarreal CF,A,True
2017-18,2018-05-12,Real Madrid,Celta,6,0,H,2017-18_SP1.csv,Real Madrid CF,RC Celta de Vigo,H,True
2017-18,2018-05-12,Sociedad,Leganes,3,2,H,2017-18_SP1.csv,Real Sociedad,CD Leganés,H,True
2017-18,2018-05-13,Espanol,Malaga,4,1,H,2017-18_SP1.csv,RCD Espanyol,Málaga CF,H,True
2017-18,2018-05-13,Levante,Barcelona,5,4,H,2017-18_SP1.csv,Levante UD,FC Barcelona,H,True
2017-18,2018-05-19,Celta,Levante,4,2,H,2017-18_SP1.csv,RC Celta de Vigo,Levante UD,H,True
2017-18,2018-05-19,Las Palmas,Girona,1,2,A,2017-18_SP1.csv,UD Las Palmas,Girona FC,A,True
2017-18,2018-05-19,Leganes,Betis,3,2,H,2017-18_SP1.csv,CD Leganés,Real Betis Balompié,H,True
2017-18,2018-05-19,Malaga,Getafe,0,1,A,2017-18_SP1.csv,Málaga CF,Getafe CF,A,True
2017-18,2018-05-19,Sevilla,Alaves,1,0,H,2017-18_SP1.csv,Sevilla FC,Deportivo Alavés,H,True
2017-18,2018-05-19,Villarreal,Real Madrid,2,2,D,2017-18_SP1.csv,Villarreal CF,Real Madrid CF,D,True
2017-18,2018-05-20,Ath Bilbao,Espanol,0,1,A,2017-18_SP1.csv,Athletic Bilbao,RCD Espanyol,A,True
2017-18,2018-05-20,Ath Madrid,Eibar,2,2,D,2017-18_SP1.csv,Club Atlético de Madrid,SD Eibar,D,True
2017-18,2018-05-20,Barcelona,Sociedad,1,0,H,2017-18_SP1.csv,FC Barcelona,Real Sociedad,H,True
2017-18,2018-05-20,Valencia,La Coruna,2,1,H,2017-18_SP1.csv,Valencia CF,Deportivo La Coruña,H,True
2018-19,2018-08-17,Betis,Levante,0,3,A,2018-19_SP1.csv,Real Betis Balompié,Levante UD,A,True
2018-19,2018-08-17,Girona,Valladolid,0,0,D,2018-19_SP1.csv,Girona FC,Real Valladolid CF,D,True
2018-19,2018-08-18,Barcelona,Alaves,3,0,H,2018-19_SP1.csv,FC Barcelona,Deportivo Alavés,H,True
2018-19,2018-08-18,Celta,Espanol,1,1,D,2018-19_SP1.csv,RC Celta de Vigo,RCD Espanyol,D,True
2018-19,2018-08-18,Villarreal,Sociedad,1,2,A,2018-19_SP1.csv,Villarreal CF,Real Sociedad,A,True
2018-19,2018-08-19,Eibar,Huesca,1,2,A,2018-19_SP1.csv,SD Eibar,SD Huesca,A,True
2018-19,2018-08-19,Real Madrid,Getafe,2,0,H,2018-19_SP1.csv,Real Madrid CF,Getafe CF,H,True
2018-19,2018-08-19,Vallecano,Sevilla,1,4,A,2018-19_SP1.csv,Rayo Vallecano,Sevilla FC,A,True
2018-19,2018-08-20,Ath Bilbao,Leganes,2,1,H,2018-19_SP1.csv,Athletic Bilbao,CD Leganés,H,True
2018-19,2018-08-20,Valencia,Ath Madrid,1,1,D,2018-19_SP1.csv,Valencia CF,Club Atlético de Madrid,D,True
2018-19,2018-08-24,Getafe,Eibar,2,0,H,2018-19_SP1.csv,Getafe CF,SD Eibar,H,True
2018-19,2018-08-24,Leganes,Sociedad,2,2,D,2018-19_SP1.csv,CD Leganés,Real Sociedad,D,True
2018-19,2018-08-25,Alaves,Betis,0,0,D,2018-19_SP1.csv,Deportivo Alavés,Real Betis Balompié,D,True
2018-19,2018-08-25,Ath Madrid,Vallecano,1,0,H,2018-19_SP1.csv,Club Atlético de Madrid,Rayo Vallecano,H,True
2018-19,2018-08-25,Valladolid,Barcelona,0,1,A,2018-19_SP1.csv,Real Valladolid CF,FC Barcelona,A,True
2018-19,2018-08-26,Espanol,Valencia,2,0,H,2018-19_SP1.csv,RCD Espanyol,Valencia CF,H,True
2018-19,2018-08-26,Girona,Real Madrid,1,4,A,2018-19_SP1.csv,Girona FC,Real Madrid CF,A,True
2018-19,2018-08-26,Sevilla,Villarreal,0,0,D,2018-19_SP1.csv,Sevilla FC,Villarreal CF,D,True
2018-19,2018-08-27,Ath Bilbao,Huesca,2,2,D,2018-19_SP1.csv,Athletic Bilbao,SD Huesca,D,True
2018-19,2018-08-27,Levante,Celta,1,2,A,2018-19_SP1.csv,Levante UD,RC Celta de Vigo,A,True
2018-19,2018-08-31,Eibar,Sociedad,2,1,H,2018-19_SP1.csv,SD Eibar,Real Sociedad,H,True
2018-19,2018-08-31,Getafe,Valladolid,0,0,D,2018-19_SP1.csv,Getafe CF,Real Valladolid CF,D,True
2018-19,2018-08-31,Villarreal,Girona,0,1,A,2018-19_SP1.csv,Villarreal CF,Girona FC,A,True
2018-19,2018-09-01,Celta,Ath Madrid,2,0,H,2018-19_SP1.csv,RC Celta de Vigo,Club Atlético de Madrid,H,True
2018-19,2018-09-01,Real Madrid,Leganes,4,1,H,2018-19_SP1.csv,Real Madrid CF,CD Leganés,H,True
2018-19,2018-09-02,Alaves,Espanol,2,1,H,2018-19_SP1.csv,Deportivo Alavés,RCD Espanyol,H,True
2018-19,2018-09-02,Barcelona,Huesca,8,2,H,2018-19_SP1.csv,FC Barcelona,SD Huesca,H,True
2018-19,2018-09-02,Betis,Sevilla,1,0,H,2018-19_SP1.csv,Real Betis Balompié,Sevilla FC,H,True
2018-19,2018-09-02,Levante,Valencia,2,2,D,2018-19_SP1.csv,Levante UD,Valencia CF,D,True
2018-19,2018-09-14,Huesca,Vallecano,0,1,A,2018-19_SP1.csv,SD Huesca,Rayo Vallecano,A,True
2018-19,2018-09-15,Ath Bilbao,Real Madrid,1,1,D,2018-19_SP1.csv,Athletic Bilbao,Real Madrid CF,D,True
2018-19,2018-09-15,Ath Madrid,Eibar,1,1,D,2018-19_SP1.csv,Club Atlético de Madrid,SD Eibar,D,True
2018-19,2018-09-15,Sociedad,Barcelona,1,2,A,2018-19_SP1.csv,Real Sociedad,FC Barcelona,A,True
2018-19,2018-09-15,Valencia,Betis,0,0,D,2018-19_SP1.csv,Valencia CF,Real Betis Balompié,D,True
2018-19,2018-09-16,Espanol,Levante,1,0,H,2018-19_SP1.csv,RCD Espanyol,Levante UD,H,True
2018-19,2018-09-16,Leganes,Villarreal,0,1,A,2018-19_SP1.csv,CD Leganés,Villarreal CF,A,True
2018-19,2018-09-16,Sevilla,Getafe,0,2,A,2018-19_SP1.csv,Sevilla FC,Getafe CF,A,True
2018-19,2018-09-16,Valladolid,Alaves,0,1,A,2018-19_SP1.csv,Real Valladolid CF,Deportivo Alavés,A,True
2018-19,2018-09-17,Girona,Celta,3,2,H,2018-19_SP1.csv,Girona FC,RC Celta de Vigo,H,True
2018-19,2018-09-21,Huesca,Sociedad,0,1,A,2018-19_SP1.csv,SD Huesca,Real Sociedad,A,True
2018-19,2018-09-22,Celta,Valladolid,3,3,D,2018-19_SP1.csv,RC Celta de Vigo,Real Valladolid CF,D,True
2018-19,2018-09-22,Eibar,Leganes,1,0,H,2018-19_SP1.csv,SD Eibar,CD Leganés,H,True
2018-19,2018-09-22,Getafe,Ath Madrid,0,2,A,2018-19_SP1.csv,Getafe CF,Club Atlético de Madrid,A,True
2018-19,2018-09-22,Real Madrid,Espanol,1,0,H,2018-19_SP1.csv,Real Madrid CF,RCD Espanyol,H,True
2018-19,2018-09-22,Vallecano,Alaves,1,5,A,2018-19_SP1.csv,Rayo Vallecano,Deportivo Alavés,A,True
2018-19,2018-09-23,Barcelona,Girona,2,2,D,2018-19_SP1.csv,FC Barcelona,Girona FC,D,True
2018-19,2018-09-23,Betis,Ath Bilbao,2,2,D,2018-19_SP1.csv,Real Betis Balompié,Athletic Bilbao,D,True
2018-19,2018-09-23,Levante,Sevilla,2,6,A,2018-19_SP1.csv,Levante UD,Sevilla FC,A,True
2018-19,2018-09-23,Villarreal,Valencia,0,0,D,2018-19_SP1.csv,Villarreal CF,Valencia CF,D,True
2018-19,2018-09-25,Ath Madrid,Huesca,3,0,H,2018-19_SP1.csv,Club Atlético de Madrid,SD Huesca,H,True
2018-19,2018-09-25,Espanol,Eibar,1,0,H,2018-19_SP1.csv,RCD Espanyol,SD Eibar,H,True
2018-19,2018-09-25,Sociedad,Vallecano,2,2,D,2018-19_SP1.csv,Real Sociedad,Rayo Vallecano,D,True
2018-19,2018-09-26,Ath Bilbao,Villarreal,0,3,A,2018-19_SP1.csv,Athletic Bilbao,Villarreal CF,A,True
2018-19,2018-09-26,Leganes,Barcelona,2,1,H,2018-19_SP1.csv,CD Leganés,FC Barcelona,H,True
2018-19,2018-09-26,Sevilla,Real Madrid,3,0,H,2018-19_SP1.csv,Sevilla FC,Real Madrid CF,H,True
2018-19,2018-09-26,Valencia,Celta,1,1,D,2018-19_SP1.csv,Valencia CF,RC Celta de Vigo,D,True
2018-19,2018-09-27,Alaves,Getafe,1,1,D,2018-19_SP1.csv,Deportivo Alavés,Getafe CF,D,True
2018-19,2018-09-27,Girona,Betis,0,1,A,2018-19_SP1.csv,Girona FC,Real Betis Balompié,A,True
2018-19,2018-09-27,Valladolid,Levante,2,1,H,2018-19_SP1.csv,Real Valladolid CF,Levante UD,H,True
2018-19,2018-09-28,Vallecano,Espanol,2,2,D,2018-19_SP1.csv,Rayo Vallecano,RCD Espanyol,D,True
2018-19,2018-09-29,Barcelona,Ath Bilbao,1,1,D,2018-19_SP1.csv,FC Barcelona,Athletic Bilbao,D,True
2018-19,2018-09-29,Eibar,Sevilla,1,3,A,2018-19_SP1.csv,SD Eibar,Sevilla FC,A,True
2018-19,2018-09-29,Real Madrid,Ath Madrid,0,0,D,2018-19_SP1.csv,Real Madrid CF,Club Atlético de Madrid,D,True
2018-19,2018-09-29,Sociedad,Valencia,0,1,A,2018-19_SP1.csv,Real Sociedad,Valencia CF,A,True
2018-19,2018-09-30,Betis,Leganes,1,0,H,2018-19_SP1.csv,Real Betis Balompié,CD Leganés,H,True
2018-19,2018-09-30,Huesca,Girona,1,1,D,2018-19_SP1.csv,SD Huesca,Girona FC,D,True
2018-19,2018-09-30,Levante,Alaves,2,1,H,2018-19_SP1.csv,Levante UD,Deportivo Alavés,H,True
2018-19,2018-09-30,Villarreal,Valladolid,0,1,A,2018-19_SP1.csv,Villarreal CF,Real Valladolid CF,A,True
2018-19,2018-10-01,Celta,Getafe,1,1,D,2018-19_SP1.csv,RC Celta de Vigo,Getafe CF,D,True
2018-19,2018-10-05,Ath Bilbao,Sociedad,1,3,A,2018-19_SP1.csv,Athletic Bilbao,Real Sociedad,A,True
2018-19,2018-10-06,Alaves,Real Madrid,1,0,H,2018-19_SP1.csv,Deportivo Alavés,Real Madrid CF,H,True
2018-19,2018-10-06,Getafe,Levante,0,1,A,2018-19_SP1.csv,Getafe CF,Levante UD,A,True
2018-19,2018-10-06,Girona,Eibar,2,3,A,2018-19_SP1.csv,Girona FC,SD Eibar,A,True
2018-19,2018-10-06,Leganes,Vallecano,1,0,H,2018-19_SP1.csv,CD Leganés,Rayo Vallecano,H,True
2018-19,2018-10-07,Ath Madrid,Betis,1,0,H,2018-19_SP1.csv,Club Atlético de Madrid,Real Betis Balompié,H,True
2018-19,2018-10-07,Espanol,Villarreal,3,1,H,2018-19_SP1.csv,RCD Espanyol,Villarreal CF,H,True
2018-19,2018-10-07,Sevilla,Celta,2,1,H,2018-19_SP1.csv,Sevilla FC,RC Celta de Vigo,H,True
2018-19,2018-10-07,Valencia,Barcelona,1,1,D,2018-19_SP1.csv,Valencia CF,FC Barcelona,D,True
2018-19,2018-10-07,Valladolid,Huesca,1,0,H,2018-19_SP1.csv,Real Valladolid CF,SD Huesca,H,True
2018-19,2018-10-19,Celta,Alaves,0,1,A,2018-19_SP1.csv,RC Celta de Vigo,Deportivo Alavés,A,True
2018-19,2018-10-20,Barcelona,Sevilla,4,2,H,2018-19_SP1.csv,FC Barcelona,Sevilla FC,H,True
2018-19,2018-10-20,Real Madrid,Levante,1,2,A,2018-19_SP1.csv,Real Madrid CF,Levante UD,A,True
2018-19,2018-10-20,Valencia,Leganes,1,1,D,2018-19_SP1.csv,Valencia CF,CD Leganés,D,True
2018-19,2018-10-20,Villarreal,Ath Madrid,1,1,D,2018-19_SP1.csv,Villarreal CF,Club Atlético de Madrid,D,True
2018-19,2018-10-21,Betis,Valladolid,0,1,A,2018-19_SP1.csv,Real Betis Balompié,Real Valladolid CF,A,True
2018-19,2018-10-21,Eibar,Ath Bilbao,1,1,D,2018-19_SP1.csv,SD Eibar,Athletic Bilbao,D,True
2018-19,2018-10-21,Huesca,Espanol,0,2,A,2018-19_SP1.csv,SD Huesca,RCD Espanyol,A,True
2018-19,2018-10-21,Vallecano,Getafe,1,2,A,2018-19_SP1.csv,Rayo Vallecano,Getafe CF,A,True
2018-19,2018-10-22,Sociedad,Girona,0,0,D,2018-19_SP1.csv,Real Sociedad,Girona FC,D,True
2018-19,2018-10-24,Vallecano,Ath Bilbao,1,1,D,2018-19_SP1.csv,Rayo Vallecano,Athletic Bilbao,D,True
2018-19,2018-10-26,Valladolid,Espanol,1,1,D,2018-19_SP1.csv,Real Valladolid CF,RCD Espanyol,D,True
2018-19,2018-10-27,Ath Bilbao,Valencia,0,0,D,2018-19_SP1.csv,Athletic Bilbao,Valencia CF,D,True
2018-19,2018-10-27,Ath Madrid,Sociedad,2,0,H,2018-19_SP1.csv,Club Atlético de Madrid,Real Sociedad,H,True
2018-19,2018-10-27,Celta,Eibar,4,0,H,2018-19_SP1.csv,RC Celta de Vigo,SD Eibar,H,True
2018-19,2018-10-27,Girona,Vallecano,2,1,H,2018-19_SP1.csv,Girona FC,Rayo Vallecano,H,True
2018-19,2018-10-27,Levante,Leganes,2,0,H,2018-19_SP1.csv,Levante UD,CD Leganés,H,True
2018-19,2018-10-28,Alaves,Villarreal,2,1,H,2018-19_SP1.csv,Deportivo Alavés,Villarreal CF,H,True
2018-19,2018-10-28,Barcelona,Real Madrid,5,1,H,2018-19_SP1.csv,FC Barcelona,Real Madrid CF,H,True
2018-19,2018-10-28,Getafe,Betis,2,0,H,2018-19_SP1.csv,Getafe CF,Real Betis Balompié,H,True
2018-19,2018-10-28,Sevilla,Huesca,2,1,H,2018-19_SP1.csv,Sevilla FC,SD Huesca,H,True
2018-19,2018-11-03,Leganes,Ath Madrid,1,1,D,2018-19_SP1.csv,CD Leganés,Club Atlético de Madrid,D,True
2018-19,2018-11-03,Real Madrid,Valladolid,2,0,H,2018-19_SP1.csv,Real Madrid CF,Real Valladolid CF,H,True
2018-19,2018-11-03,Valencia,Girona,0,1,A,2018-19_SP1.csv,Valencia CF,Girona FC,A,True
2018-19,2018-11-03,Vallecano,Barcelona,2,3,A,2018-19_SP1.csv,Rayo Vallecano,FC Barcelona,A,True
2018-19,2018-11-04,Betis,Celta,3,3,D,2018-19_SP1.csv,Real Betis Balompié,RC Celta de Vigo,D,True
2018-19,2018-11-04,Eibar,Alaves,2,1,H,2018-19_SP1.csv,SD Eibar,Deportivo Alavés,H,True
2018-19,2018-11-04,Huesca,Getafe,1,1,D,2018-19_SP1.csv,SD Huesca,Getafe CF,D,True
2018-19,2018-11-04,Sociedad,Sevilla,0,0,D,2018-19_SP1.csv,Real Sociedad,Sevilla FC,D,True
2018-19,2018-11-04,Villarreal,Levante,1,1,D,2018-19_SP1.csv,Villarreal CF,Levante UD,D,True
2018-19,2018-11-05,Espanol,Ath Bilbao,1,0,H,2018-19_SP1.csv,RCD Espanyol,Athletic Bilbao,H,True
2018-19,2018-11-09,Levante,Sociedad,1,3,A,2018-19_SP1.csv,Levante UD,Real Sociedad,A,True
2018-19,2018-11-10,Ath Madrid,Ath Bilbao,3,2,H,2018-19_SP1.csv,Club Atlético de Madrid,Athletic Bilbao,H,True
2018-19,2018-11-10,Getafe,Valencia,0,1,A,2018-19_SP1.csv,Getafe CF,Valencia CF,A,True
2018-19,2018-11-10,Girona,Leganes,0,0,D,2018-19_SP1.csv,Girona FC,CD Leganés,D,True
2018-19,2018-11-10,Valladolid,Eibar,0,0,D,2018-19_SP1.csv,Real Valladolid CF,SD Eibar,D,True
2018-19,2018-11-11,Alaves,Huesca,2,1,H,2018-19_SP1.csv,Deportivo Alavés,SD Huesca,H,True
2018-19,2018-11-11,Barcelona,Betis,3,4,A,2018-19_SP1.csv,FC Barcelona,Real Betis Balompié,A,True
2018-19,2018-11-11,Celta,Real Madrid,2,4,A,2018-19_SP1.csv,RC Celta de Vigo,Real Madrid CF,A,True
2018-19,2018-11-11,Sevilla,Espanol,2,1,H,2018-19_SP1.csv,Sevilla FC,RCD Espanyol,H,True
2018-19,2018-11-11,Vallecano,Villarreal,2,2,D,2018-19_SP1.csv,Rayo Vallecano,Villarreal CF,D,True
2018-19,2018-11-23,Leganes,Alaves,1,0,H,2018-19_SP1.csv,CD Leganés,Deportivo Alavés,H,True
2018-19,2018-11-24,Ath Madrid,Barcelona,1,1,D,2018-19_SP1.csv,Club Atlético de Madrid,FC Barcelona,D,True
2018-19,2018-11-24,Eibar,Real Madrid,3,0,H,2018-19_SP1.csv,SD Eibar,Real Madrid CF,H,True
2018-19,2018-11-24,Huesca,Levante,2,2,D,2018-19_SP1.csv,SD Huesca,Levante UD,D,True
2018-19,2018-11-24,Valencia,Vallecano,3,0,H,2018-19_SP1.csv,Valencia CF,Rayo Vallecano,H,True
2018-19,2018-11-25,Ath Bilbao,Getafe,1,1,D,2018-19_SP1.csv,Athletic Bilbao,Getafe CF,D,True
2018-19,2018-11-25,Espanol,Girona,1,3,A,2018-19_SP1.csv,RCD Espanyol,Girona FC,A,True
2018-19,2018-11-25,Sevilla,Valladolid,1,0,H,2018-19_SP1.csv,Sevilla FC,Real Valladolid CF,H,True
2018-19,2018-11-25,Villarreal,Betis,2,1,H,2018-19_SP1.csv,Villarreal CF,Real Betis Balompié,H,True
2018-19,2018-11-26,Sociedad,Celta,2,1,H,2018-19_SP1.csv,Real Sociedad,RC Celta de Vigo,H,True
2018-19,2018-11-30,Vallecano,Eibar,1,0,H,2018-19_SP1.csv,Rayo Vallecano,SD Eibar,H,True
2018-19,2018-12-01,Celta,Huesca,2,0,H,2018-19_SP1.csv,RC Celta de Vigo,SD Huesca,H,True
2018-19,2018-12-01,Getafe,Espanol,3,0,H,2018-19_SP1.csv,Getafe CF,RCD Espanyol,H,True
2018-19,2018-12-01,Real Madrid,Valencia,2,0,H,2018-19_SP1.csv,Real Madrid CF,Valencia CF,H,True
2018-19,2018-12-01,Valladolid,Leganes,2,4,A,2018-19_SP1.csv,Real Valladolid CF,CD Leganés,A,True
2018-19,2018-12-02,Alaves,Sevilla,1,1,D,2018-19_SP1.csv,Deportivo Alavés,Sevilla FC,D,True
2018-19,2018-12-02,Barcelona,Villarreal,2,0,H,2018-19_SP1.csv,FC Barcelona,Villarreal CF,H,True
2018-19,2018-12-02,Betis,Sociedad,1,0,H,2018-19_SP1.csv,Real Betis Balompié,Real Sociedad,H,True
2018-19,2018-12-02,Girona,Ath Madrid,1,1,D,2018-19_SP1.csv,Girona FC,Club Atlético de Madrid,D,True
2018-19,2018-12-03,Levante,Ath Bilbao,3,0,H,2018-19_SP1.csv,Levante UD,Athletic Bilbao,H,True
2018-19,2018-12-07,Leganes,Getafe,1,1,D,2018-19_SP1.csv,CD Leganés,Getafe CF,D,True
2018-19,2018-12-08,Ath Madrid,Alaves,3,0,H,2018-19_SP1.csv,Club Atlético de Madrid,Deportivo Alavés,H,True
2018-19,2018-12-08,Espanol,Barcelona,0,4,A,2018-19_SP1.csv,RCD Espanyol,FC Barcelona,A,True
2018-19,2018-12-08,Valencia,Sevilla,1,1,D,2018-19_SP1.csv,Valencia CF,Sevilla FC,D,True
2018-19,2018-12-08,Villarreal,Celta,2,3,A,2018-19_SP1.csv,Villarreal CF,RC Celta de Vigo,A,True
2018-19,2018-12-09,Betis,Vallecano,2,0,H,2018-19_SP1.csv,Real Betis Balompié,Rayo Vallecano,H,True
2018-19,2018-12-09,Eibar,Levante,4,4,D,2018-19_SP1.csv,SD Eibar,Levante UD,D,True
2018-19,2018-12-09,Huesca,Real Madrid,0,1,A,2018-19_SP1.csv,SD Huesca,Real Madrid CF,A,True
2018-19,2018-12-09,Sociedad,Valladolid,1,2,A,2018-19_SP1.csv,Real Sociedad,Real Valladolid CF,A,True
2018-19,2018-12-10,Ath Bilbao,Girona,1,0,H,2018-19_SP1.csv,Athletic Bilbao,Girona FC,H,True
2018-19,2018-12-14,Celta,Leganes,0,0,D,2018-19_SP1.csv,RC Celta de Vigo,CD Leganés,D,True
2018-19,2018-12-15,Eibar,Valencia,1,1,D,2018-19_SP1.csv,SD Eibar,Valencia CF,D,True
2018-19,2018-12-15,Getafe,Sociedad,1,0,H,2018-19_SP1.csv,Getafe CF,Real Sociedad,H,True
2018-19,2018-12-15,Real Madrid,Vallecano,1,0,H,2018-19_SP1.csv,Real Madrid CF,Rayo Vallecano,H,True
2018-19,2018-12-15,Valladolid,Ath Madrid,2,3,A,2018-19_SP1.csv,Real Valladolid CF,Club Atlético de Madrid,A,True
2018-19,2018-12-16,Espanol,Betis,1,3,A,2018-19_SP1.csv,RCD Espanyol,Real Betis Balompié,A,True
2018-19,2018-12-16,Huesca,Villarreal,2,2,D,2018-19_SP1.csv,SD Huesca,Villarreal CF,D,True
2018-19,2018-12-16,Levante,Barcelona,0,5,A,2018-19_SP1.csv,Levante UD,FC Barcelona,A,True
2018-19,2018-12-16,Sevilla,Girona,2,0,H,2018-19_SP1.csv,Sevilla FC,Girona FC,H,True
2018-19,2018-12-17,Alaves,Ath Bilbao,0,0,D,2018-19_SP1.csv,Deportivo Alavés,Athletic Bilbao,D,True
2018-19,2018-12-21,Girona,Getafe,1,1,D,2018-19_SP1.csv,Girona FC,Getafe CF,D,True
2018-19,2018-12-21,Sociedad,Alaves,0,1,A,2018-19_SP1.csv,Real Sociedad,Deportivo Alavés,A,True
2018-19,2018-12-22,Ath Bilbao,Valladolid,1,1,D,2018-19_SP1.csv,Athletic Bilbao,Real Valladolid CF,D,True
2018-19,2018-12-22,Ath Madrid,Espanol,1,0,H,2018-19_SP1.csv,Club Atlético de Madrid,RCD Espanyol,H,True
2018-19,2018-12-22,Barcelona,Celta,2,0,H,2018-19_SP1.csv,FC Barcelona,RC Celta de Vigo,H,True
2018-19,2018-12-22,Betis,Eibar,1,1,D,2018-19_SP1.csv,Real Betis Balompié,SD Eibar,D,True
2018-19,2018-12-23,Leganes,Sevilla,1,1,D,2018-19_SP1.csv,CD Leganés,Sevilla FC,D,True
2018-19,2018-12-23,Valencia,Huesca,2,1,H,2018-19_SP1.csv,Valencia CF,SD Huesca,H,True
2018-19,2018-12-23,Vallecano,Levante,2,1,H,2018-19_SP1.csv,Rayo Vallecano,Levante UD,H,True
2018-19,2019-01-03,Villarreal,Real Madrid,2,2,D,2018-19_SP1.csv,Villarreal CF,Real Madrid CF,D,True
2018-19,2019-01-04,Espanol,Leganes,1,0,H,2018-19_SP1.csv,RCD Espanyol,CD Leganés,H,True
2018-19,2019-01-04,Levante,Girona,2,2,D,2018-19_SP1.csv,Levante UD,Girona FC,D,True
2018-19,2019-01-05,Alaves,Valencia,2,1,H,2018-19_SP1.csv,Deportivo Alavés,Valencia CF,H,True
2018-19,2019-01-05,Huesca,Betis,2,1,H,2018-19_SP1.csv,SD Huesca,Real Betis Balompié,H,True
2018-19,2019-01-05,Valladolid,Vallecano,0,1,A,2018-19_SP1.csv,Real Valladolid CF,Rayo Vallecano,A,True
2018-19,2019-01-06,Eibar,Villarreal,0,0,D,2018-19_SP1.csv,SD Eibar,Villarreal CF,D,True
2018-19,2019-01-06,Getafe,Barcelona,1,2,A,2018-19_SP1.csv,Getafe CF,FC Barcelona,A,True
2018-19,2019-01-06,Real Madrid,Sociedad,0,2,A,2018-19_SP1.csv,Real Madrid CF,Real Sociedad,A,True
2018-19,2019-01-06,Sevilla,Ath Madrid,1,1,D,2018-19_SP1.csv,Sevilla FC,Club Atlético de Madrid,D,True
2018-19,2019-01-07,Celta,Ath Bilbao,1,2,A,2018-19_SP1.csv,RC Celta de Vigo,Athletic Bilbao,A,True
2018-19,2019-01-11,Vallecano,Celta,4,2,H,2018-19_SP1.csv,Rayo Vallecano,RC Celta de Vigo,H,True
2018-19,2019-01-12,Girona,Alaves,1,1,D,2018-19_SP1.csv,Girona FC,Deportivo Alavés,D,True
2018-19,2019-01-12,Leganes,Huesca,1,0,H,2018-19_SP1.csv,CD Leganés,SD Huesca,H,True
2018-19,2019-01-12,Valencia,Valladolid,1,1,D,2018-19_SP1.csv,Valencia CF,Real Valladolid CF,D,True
2018-19,2019-01-12,Villarreal,Getafe,1,2,A,2018-19_SP1.csv,Villarreal CF,Getafe CF,A,True
2018-19,2019-01-13,Ath Bilbao,Sevilla,2,0,H,2018-19_SP1.csv,Athletic Bilbao,Sevilla FC,H,True
2018-19,2019-01-13,Ath Madrid,Levante,1,0,H,2018-19_SP1.csv,Club Atlético de Madrid,Levante UD,H,True
2018-19,2019-01-13,Barcelona,Eibar,3,0,H,2018-19_SP1.csv,FC Barcelona,SD Eibar,H,True
2018-19,2019-01-13,Betis,Real Madrid,1,2,A,2018-19_SP1.csv,Real Betis Balompié,Real Madrid CF,A,True
2018-19,2019-01-14,Sociedad,Espanol,3,2,H,2018-19_SP1.csv,Real Sociedad,RCD Espanyol,H,True
2018-19,2019-01-18,Getafe,Alaves,4,0,H,2018-19_SP1.csv,Getafe CF,Deportivo Alavés,H,True
2018-19,2019-01-19,Celta,Valencia,1,2,A,2018-19_SP1.csv,RC Celta de Vigo,Valencia CF,A,True
2018-19,2019-01-19,Huesca,Ath Madrid,0,3,A,2018-19_SP1.csv,SD Huesca,Club Atlético de Madrid,A,True
2018-19,2019-01-19,Real Madrid,Sevilla,2,0,H,2018-19_SP1.csv,Real Madrid CF,Sevilla FC,H,True
2018-19,2019-01-20,Barcelona,Leganes,3,1,H,2018-19_SP1.csv,FC Barcelona,CD Leganés,H,True
2018-19,2019-01-20,Betis,Girona,3,2,H,2018-19_SP1.csv,Real Betis Balompié,Girona FC,H,True
2018-19,2019-01-20,Levante,Valladolid,2,0,H,2018-19_SP1.csv,Levante UD,Real Valladolid CF,H,True
2018-19,2019-01-20,Vallecano,Sociedad,2,2,D,2018-19_SP1.csv,Rayo Vallecano,Real Sociedad,D,True
2018-19,2019-01-20,Villarreal,Ath Bilbao,1,1,D,2018-19_SP1.csv,Villarreal CF,Athletic Bilbao,D,True
2018-19,2019-01-21,Eibar,Espanol,3,0,H,2018-19_SP1.csv,SD Eibar,RCD Espanyol,H,True
2018-19,2019-01-26,Ath Madrid,Getafe,2,0,H,2018-19_SP1.csv,Club Atlético de Madrid,Getafe CF,H,True
2018-19,2019-01-26,Leganes,Eibar,2,2,D,2018-19_SP1.csv,CD Leganés,SD Eibar,D,True
2018-19,2019-01-26,Sevilla,Levante,5,0,H,2018-19_SP1.csv,Sevilla FC,Levante UD,H,True
2018-19,2019-01-26,Valencia,Villarreal,3,0,H,2018-19_SP1.csv,Valencia CF,Villarreal CF,H,True
2018-19,2019-01-27,Ath Bilbao,Betis,1,0,H,2018-19_SP1.csv,Athletic Bilbao,Real Betis Balompié,H,True
2018-19,2019-01-27,Espanol,Real Madrid,2,4,A,2018-19_SP1.csv,RCD Espanyol,Real Madrid CF,A,True
2018-19,2019-01-27,Girona,Barcelona,0,2,A,2018-19_SP1.csv,Girona FC,FC Barcelona,A,True
2018-19,2019-01-27,Sociedad,Huesca,0,0,D,2018-19_SP1.csv,Real Sociedad,SD Huesca,D,True
2018-19,2019-01-27,Valladolid,Celta,2,1,H,2018-19_SP1.csv,Real Valladolid CF,RC Celta de Vigo,H,True
2018-19,2019-01-28,Alaves,Vallecano,0,1,A,2018-19_SP1.csv,Deportivo Alavés,Rayo Vallecano,A,True
2018-19,2019-02-01,Huesca,Valladolid,4,0,H,2018-19_SP1.csv,SD Huesca,Real Valladolid CF,H,True
2018-19,2019-02-02,Barcelona,Valencia,2,2,D,2018-19_SP1.csv,FC Barcelona,Valencia CF,D,True
2018-19,2019-02-02,Celta,Sevilla,1,0,H,2018-19_SP1.csv,RC Celta de Vigo,Sevilla FC,H,True
2018-19,2019-02-02,Levante,Getafe,0,0,D,2018-19_SP1.csv,Levante UD,Getafe CF,D,True
2018-19,2019-02-02,Sociedad,Ath Bilbao,2,1,H,2018-19_SP1.csv,Real Sociedad,Athletic Bilbao,H,True
2018-19,2019-02-03,Betis,Ath Madrid,1,0,H,2018-19_SP1.csv,Real Betis Balompié,Club Atlético de Madrid,H,True
2018-19,2019-02-03,Eibar,Girona,3,0,H,2018-19_SP1.csv,SD Eibar,Girona FC,H,True
2018-19,2019-02-03,Real Madrid,Alaves,3,0,H,2018-19_SP1.csv,Real Madrid CF,Deportivo Alavés,H,True
2018-19,2019-02-03,Villarreal,Espanol,2,2,D,2018-19_SP1.csv,Villarreal CF,RCD Espanyol,D,True
2018-19,2019-02-04,Vallecano,Leganes,1,2,A,2018-19_SP1.csv,Rayo Vallecano,CD Leganés,A,True
2018-19,2019-02-08,Valladolid,Villarreal,0,0,D,2018-19_SP1.csv,Real Valladolid CF,Villarreal CF,D,True
2018-19,2019-02-09,Ath Madrid,Real Madrid,1,3,A,2018-19_SP1.csv,Club Atlético de Madrid,Real Madrid CF,A,True
2018-19,2019-02-09,Espanol,Vallecano,2,1,H,2018-19_SP1.csv,RCD Espanyol,Rayo Vallecano,H,True
2018-19,2019-02-09,Getafe,Celta,3,1,H,2018-19_SP1.csv,Getafe CF,RC Celta de Vigo,H,True
2018-19,2019-02-09,Girona,Huesca,0,2,A,2018-19_SP1.csv,Girona FC,SD Huesca,A,True
2018-19,2019-02-10,Ath Bilbao,Barcelona,0,0,D,2018-19_SP1.csv,Athletic Bilbao,FC Barcelona,D,True
2018-19,2019-02-10,Leganes,Betis,3,0,H,2018-19_SP1.csv,CD Leganés,Real Betis Balompié,H,True
2018-19,2019-02-10,Sevilla,Eibar,2,2,D,2018-19_SP1.csv,Sevilla FC,SD Eibar,D,True
2018-19,2019-02-10,Valencia,Sociedad,0,0,D,2018-19_SP1.csv,Valencia CF,Real Sociedad,D,True
2018-19,2019-02-11,Alaves,Levante,2,0,H,2018-19_SP1.csv,Deportivo Alavés,Levante UD,H,True
2018-19,2019-02-15,Eibar,Getafe,2,2,D,2018-19_SP1.csv,SD Eibar,Getafe CF,D,True
2018-19,2019-02-16,Barcelona,Valladolid,1,0,H,2018-19_SP1.csv,FC Barcelona,Real Valladolid CF,H,True
2018-19,2019-02-16,Celta,Levante,1,4,A,2018-19_SP1.csv,RC Celta de Vigo,Levante UD,A,True
2018-19,2019-02-16,Sociedad,Leganes,3,0,H,2018-19_SP1.csv,Real Sociedad,CD Leganés,H,True
2018-19,2019-02-16,Vallecano,Ath Madrid,0,1,A,2018-19_SP1.csv,Rayo Vallecano,Club Atlético de Madrid,A,True
2018-19,2019-02-17,Betis,Alaves,1,1,D,2018-19_SP1.csv,Real Betis Balompié,Deportivo Alavés,D,True
2018-19,2019-02-17,Real Madrid,Girona,1,2,A,2018-19_SP1.csv,Real Madrid CF,Girona FC,A,True
2018-19,2019-02-17,Valencia,Espanol,0,0,D,2018-19_SP1.csv,Valencia CF,RCD Espanyol,D,True
2018-19,2019-02-17,Villarreal,Sevilla,3,0,H,2018-19_SP1.csv,Villarreal CF,Sevilla FC,H,True
2018-19,2019-02-18,Huesca,Ath Bilbao,0,1,A,2018-19_SP1.csv,SD Huesca,Athletic Bilbao,A,True
2018-19,2019-02-22,Espanol,Huesca,1,1,D,2018-19_SP1.csv,RCD Espanyol,SD Huesca,D,True
2018-19,2019-02-23,Alaves,Celta,0,0,D,2018-19_SP1.csv,Deportivo Alavés,RC Celta de Vigo,D,True
2018-19,2019-02-23,Ath Bilbao,Eibar,1,0,H,2018-19_SP1.csv,Athletic Bilbao,SD Eibar,H,True
2018-19,2019-02-23,Getafe,Vallecano,2,1,H,2018-19_SP1.csv,Getafe CF,Rayo Vallecano,H,True
2018-19,2019-02-23,Sevilla,Barcelona,2,4,A,2018-19_SP1.csv,Sevilla FC,FC Barcelona,A,True
2018-19,2019-02-24,Ath Madrid,Villarreal,2,0,H,2018-19_SP1.csv,Club Atlético de Madrid,Villarreal CF,H,True
2018-19,2019-02-24,Leganes,Valencia,1,1,D,2018-19_SP1.csv,CD Leganés,Valencia CF,D,True
2018-19,2019-02-24,Levante,Real Madrid,1,2,A,2018-19_SP1.csv,Levante UD,Real Madrid CF,A,True
2018-19,2019-02-24,Valladolid,Betis,0,2,A,2018-19_SP1.csv,Real Valladolid CF,Real Betis Balompié,A,True
2018-19,2019-02-25,Girona,Sociedad,0,0,D,2018-19_SP1.csv,Girona FC,Real Sociedad,D,True
2018-19,2019-03-01,Vallecano,Girona,0,2,A,2018-19_SP1.csv,Rayo Vallecano,Girona FC,A,True
2018-19,2019-03-02,Espanol,Valladolid,3,1,H,2018-19_SP1.csv,RCD Espanyol,Real Valladolid CF,H,True
2018-19,2019-03-02,Huesca,Sevilla,2,1,H,2018-19_SP1.csv,SD Huesca,Sevilla FC,H,True
2018-19,2019-03-02,Real Madrid,Barcelona,0,1,A,2018-19_SP1.csv,Real Madrid CF,FC Barcelona,A,True
2018-19,2019-03-02,Villarreal,Alaves,1,2,A,2018-19_SP1.csv,Villarreal CF,Deportivo Alavés,A,True
2018-19,2019-03-03,Betis,Getafe,1,2,A,2018-19_SP1.csv,Real Betis Balompié,Getafe CF,A,True
2018-19,2019-03-03,Eibar,Celta,1,0,H,2018-19_SP1.csv,SD Eibar,RC Celta de Vigo,H,True
2018-19,2019-03-03,Sociedad,Ath Madrid,0,2,A,2018-19_SP1.csv,Real Sociedad,Club Atlético de Madrid,A,True
2018-19,2019-03-03,Valencia,Ath Bilbao,2,0,H,2018-19_SP1.csv,Valencia CF,Athletic Bilbao,H,True
2018-19,2019-03-04,Leganes,Levante,1,0,H,2018-19_SP1.csv,CD Leganés,Levante UD,H,True
2018-19,2019-03-08,Ath Bilbao,Espanol,1,1,D,2018-19_SP1.csv,Athletic Bilbao,RCD Espanyol,D,True
2018-19,2019-03-09,Alaves,Eibar,1,1,D,2018-19_SP1.csv,Deportivo Alavés,SD Eibar,D,True
2018-19,2019-03-09,Ath Madrid,Leganes,1,0,H,2018-19_SP1.csv,Club Atlético de Madrid,CD Leganés,H,True
2018-19,2019-03-09,Barcelona,Vallecano,3,1,H,2018-19_SP1.csv,FC Barcelona,Rayo Vallecano,H,True
2018-19,2019-03-09,Getafe,Huesca,2,1,H,2018-19_SP1.csv,Getafe CF,SD Huesca,H,True
2018-19,2019-03-10,Celta,Betis,0,1,A,2018-19_SP1.csv,RC Celta de Vigo,Real Betis Balompié,A,True
2018-19,2019-03-10,Girona,Valencia,2,3,A,2018-19_SP1.csv,Girona FC,Valencia CF,A,True
2018-19,2019-03-10,Levante,Villarreal,0,2,A,2018-19_SP1.csv,Levante UD,Villarreal CF,A,True
2018-19,2019-03-10,Sevilla,Sociedad,5,2,H,2018-19_SP1.csv,Sevilla FC,Real Sociedad,H,True
2018-19,2019-03-10,Valladolid,Real Madrid,1,4,A,2018-19_SP1.csv,Real Valladolid CF,Real Madrid CF,A,True
2018-19,2019-03-15,Sociedad,Levante,1,1,D,2018-19_SP1.csv,Real Sociedad,Levante UD,D,True
2018-19,2019-03-16,Ath Bilbao,Ath Madrid,2,0,H,2018-19_SP1.csv,Athletic Bilbao,Club Atlético de Madrid,H,True
2018-19,2019-03-16,Huesca,Alaves,1,3,A,2018-19_SP1.csv,SD Huesca,Deportivo Alavés,A,True
2018-19,2019-03-16,Leganes,Girona,0,2,A,2018-19_SP1.csv,CD Leganés,Girona FC,A,True
2018-19,2019-03-16,Real Madrid,Celta,2,0,H,2018-19_SP1.csv,Real Madrid CF,RC Celta de Vigo,H,True
2018-19,2019-03-17,Betis,Barcelona,1,4,A,2018-19_SP1.csv,Real Betis Balompié,FC Barcelona,A,True
2018-19,2019-03-17,Eibar,Valladolid,1,2,A,2018-19_SP1.csv,SD Eibar,Real Valladolid CF,A,True
2018-19,2019-03-17,Espanol,Sevilla,0,1,A,2018-19_SP1.csv,RCD Espanyol,Sevilla FC,A,True
2018-19,2019-03-17,Valencia,Getafe,0,0,D,2018-19_SP1.csv,Valencia CF,Getafe CF,D,True
2018-19,2019-03-17,Villarreal,Vallecano,3,1,H,2018-19_SP1.csv,Villarreal CF,Rayo Vallecano,H,True
2018-19,2019-03-29,Girona,Ath Bilbao,1,2,A,2018-19_SP1.csv,Girona FC,Athletic Bilbao,A,True
2018-19,2019-03-30,Alaves,Ath Madrid,0,4,A,2018-19_SP1.csv,Deportivo Alavés,Club Atlético de Madrid,A,True
2018-19,2019-03-30,Barcelona,Espanol,2,0,H,2018-19_SP1.csv,FC Barcelona,RCD Espanyol,H,True
2018-19,2019-03-30,Celta,Villarreal,3,2,H,2018-19_SP1.csv,RC Celta de Vigo,Villarreal CF,H,True
2018-19,2019-03-30,Getafe,Leganes,0,2,A,2018-19_SP1.csv,Getafe CF,CD Leganés,A,True
2018-19,2019-03-31,Levante,Eibar,2,2,D,2018-19_SP1.csv,Levante UD,SD Eibar,D,True
2018-19,2019-03-31,Real Madrid,Huesca,3,2,H,2018-19_SP1.csv,Real Madrid CF,SD Huesca,H,True
2018-19,2019-03-31,Sevilla,Valencia,0,1,A,2018-19_SP1.csv,Sevilla FC,Valencia CF,A,True
2018-19,2019-03-31,Valladolid,Sociedad,1,1,D,2018-19_SP1.csv,Real Valladolid CF,Real Sociedad,D,True
2018-19,2019-03-31,Vallecano,Betis,1,1,D,2018-19_SP1.csv,Rayo Vallecano,Real Betis Balompié,D,True
2018-19,2019-04-02,Ath Madrid,Girona,2,0,H,2018-19_SP1.csv,Club Atlético de Madrid,Girona FC,H,True
2018-19,2019-04-02,Espanol,Getafe,1,1,D,2018-19_SP1.csv,RCD Espanyol,Getafe CF,D,True
2018-19,2019-04-02,Villarreal,Barcelona,4,4,D,2018-19_SP1.csv,Villarreal CF,FC Barcelona,D,True
2018-19,2019-04-03,Ath Bilbao,Levante,3,2,H,2018-19_SP1.csv,Athletic Bilbao,Levante UD,H,True
2018-19,2019-04-03,Eibar,Vallecano,2,1,H,2018-19_SP1.csv,SD Eibar,Rayo Vallecano,H,True
2018-19,2019-04-03,Huesca,Celta,3,3,D,2018-19_SP1.csv,SD Huesca,RC Celta de Vigo,D,True
2018-19,2019-04-03,Valencia,Real Madrid,2,1,H,2018-19_SP1.csv,Valencia CF,Real Madrid CF,H,True
2018-19,2019-04-04,Leganes,Valladolid,1,0,H,2018-19_SP1.csv,CD Leganés,Real Valladolid CF,H,True
2018-19,2019-04-04,Sevilla,Alaves,2,0,H,2018-19_SP1.csv,Sevilla FC,Deportivo Alavés,H,True
2018-19,2019-04-04,Sociedad,Betis,2,1,H,2018-19_SP1.csv,Real Sociedad,Real Betis Balompié,H,True
2018-19,2019-04-06,Barcelona,Ath Madrid,2,0,H,2018-19_SP1.csv,FC Barcelona,Club Atlético de Madrid,H,True
2018-19,2019-04-06,Girona,Espanol,1,2,A,2018-19_SP1.csv,Girona FC,RCD Espanyol,A,True
2018-19,2019-04-06,Real Madrid,Eibar,2,1,H,2018-19_SP1.csv,Real Madrid CF,SD Eibar,H,True
2018-19,2019-04-06,Vallecano,Valencia,2,0,H,2018-19_SP1.csv,Rayo Vallecano,Valencia CF,H,True
2018-19,2019-04-07,Alaves,Leganes,1,1,D,2018-19_SP1.csv,Deportivo Alavés,CD Leganés,D,True
2018-19,2019-04-07,Betis,Villarreal,2,1,H,2018-19_SP1.csv,Real Betis Balompié,Villarreal CF,H,True
2018-19,2019-04-07,Celta,Sociedad,3,1,H,2018-19_SP1.csv,RC Celta de Vigo,Real Sociedad,H,True
2018-19,2019-04-07,Getafe,Ath Bilbao,1,0,H,2018-19_SP1.csv,Getafe CF,Athletic Bilbao,H,True
2018-19,2019-04-07,Levante,Huesca,2,2,D,2018-19_SP1.csv,Levante UD,SD Huesca,D,True
2018-19,2019-04-07,Valladolid,Sevilla,0,2,A,2018-19_SP1.csv,Real Valladolid CF,Sevilla FC,A,True
2018-19,2019-04-13,Ath Madrid,Celta,2,0,H,2018-19_SP1.csv,Club Atlético de Madrid,RC Celta de Vigo,H,True
2018-19,2019-04-13,Espanol,Alaves,2,1,H,2018-19_SP1.csv,RCD Espanyol,Deportivo Alavés,H,True
2018-19,2019-04-13,Huesca,Barcelona,0,0,D,2018-19_SP1.csv,SD Huesca,FC Barcelona,D,True
2018-19,2019-04-13,Sevilla,Betis,3,2,H,2018-19_SP1.csv,Sevilla FC,Real Betis Balompié,H,True
2018-19,2019-04-14,Ath Bilbao,Vallecano,3,2,H,2018-19_SP1.csv,Athletic Bilbao,Rayo Vallecano,H,True
2018-19,2019-04-14,Girona,Villarreal,0,1,A,2018-19_SP1.csv,Girona FC,Villarreal CF,A,True
2018-19,2019-04-14,Sociedad,Eibar,1,1,D,2018-19_SP1.csv,Real Sociedad,SD Eibar,D,True
2018-19,2019-04-14,Valencia,Levante,3,1,H,2018-19_SP1.csv,Valencia CF,Levante UD,H,True
2018-19,2019-04-14,Valladolid,Getafe,2,2,D,2018-19_SP1.csv,Real Valladolid CF,Getafe CF,D,True
2018-19,2019-04-15,Leganes,Real Madrid,1,1,D,2018-19_SP1.csv,CD Leganés,Real Madrid CF,D,True
2018-19,2019-04-19,Alaves,Valladolid,2,2,D,2018-19_SP1.csv,Deportivo Alavés,Real Valladolid CF,D,True
2018-19,2019-04-20,Barcelona,Sociedad,2,1,H,2018-19_SP1.csv,FC Barcelona,Real Sociedad,H,True
2018-19,2019-04-20,Celta,Girona,2,1,H,2018-19_SP1.csv,RC Celta de Vigo,Girona FC,H,True
2018-19,2019-04-20,Eibar,Ath Madrid,0,1,A,2018-19_SP1.csv,SD Eibar,Club Atlético de Madrid,A,True
2018-19,2019-04-20,Vallecano,Huesca,0,0,D,2018-19_SP1.csv,Rayo Vallecano,SD Huesca,D,True
2018-19,2019-04-21,Betis,Valencia,1,2,A,2018-19_SP1.csv,Real Betis Balompié,Valencia CF,A,True
2018-19,2019-04-21,Getafe,Sevilla,3,0,H,2018-19_SP1.csv,Getafe CF,Sevilla FC,H,True
2018-19,2019-04-21,Levante,Espanol,2,2,D,2018-19_SP1.csv,Levante UD,RCD Espanyol,D,True
2018-19,2019-04-21,Real Madrid,Ath Bilbao,3,0,H,2018-19_SP1.csv,Real Madrid CF,Athletic Bilbao,H,True
2018-19,2019-04-21,Villarreal,Leganes,2,1,H,2018-19_SP1.csv,Villarreal CF,CD Leganés,H,True
2018-19,2019-04-23,Alaves,Barcelona,0,2,A,2018-19_SP1.csv,Deportivo Alavés,FC Barcelona,A,True
2018-19,2019-04-23,Huesca,Eibar,2,0,H,2018-19_SP1.csv,SD Huesca,SD Eibar,H,True
2018-19,2019-04-23,Valladolid,Girona,1,0,H,2018-19_SP1.csv,Real Valladolid CF,Girona FC,H,True
2018-19,2019-04-24,Ath Madrid,Valencia,3,2,H,2018-19_SP1.csv,Club Atlético de Madrid,Valencia CF,H,True
2018-19,2019-04-24,Espanol,Celta,1,1,D,2018-19_SP1.csv,RCD Espanyol,RC Celta de Vigo,D,True
2018-19,2019-04-24,Leganes,Ath Bilbao,0,1,A,2018-19_SP1.csv,CD Leganés,Athletic Bilbao,A,True
2018-19,2019-04-24,Levante,Betis,4,0,H,2018-19_SP1.csv,Levante UD,Real Betis Balompié,H,True
2018-19,2019-04-25,Getafe,Real Madrid,0,0,D,2018-19_SP1.csv,Getafe CF,Real Madrid CF,D,True
2018-19,2019-04-25,Sevilla,Vallecano,5,0,H,2018-19_SP1.csv,Sevilla FC,Rayo Vallecano,H,True
2018-19,2019-04-25,Sociedad,Villarreal,0,1,A,2018-19_SP1.csv,Real Sociedad,Villarreal CF,A,True
2018-19,2019-04-27,Ath Bilbao,Alaves,1,1,D,2018-19_SP1.csv,Athletic Bilbao,Deportivo Alavés,D,True
2018-19,2019-04-27,Ath Madrid,Valladolid,1,0,H,2018-19_SP1.csv,Club Atlético de Madrid,Real Valladolid CF,H,True
2018-19,2019-04-27,Barcelona,Levante,1,0,H,2018-19_SP1.csv,FC Barcelona,Levante UD,H,True
2018-19,2019-04-27,Leganes,Celta,0,0,D,2018-19_SP1.csv,CD Leganés,RC Celta de Vigo,D,True
2018-19,2019-04-28,Girona,Sevilla,1,0,H,2018-19_SP1.csv,Girona FC,Sevilla FC,H,True
2018-19,2019-04-28,Sociedad,Getafe,2,1,H,2018-19_SP1.csv,Real Sociedad,Getafe CF,H,True
2018-19,2019-04-28,Valencia,Eibar,0,1,A,2018-19_SP1.csv,Valencia CF,SD Eibar,A,True
2018-19,2019-04-28,Vallecano,Real Madrid,1,0,H,2018-19_SP1.csv,Rayo Vallecano,Real Madrid CF,H,True
2018-19,2019-04-28,Villarreal,Huesca,1,1,D,2018-19_SP1.csv,Villarreal CF,SD Huesca,D,True
2018-19,2019-04-29,Betis,Espanol,1,1,D,2018-19_SP1.csv,Real Betis Balompié,RCD Espanyol,D,True
2018-19,2019-05-03,Sevilla,Leganes,0,3,A,2018-19_SP1.csv,Sevilla FC,CD Leganés,A,True
2018-19,2019-05-04,Alaves,Sociedad,0,1,A,2018-19_SP1.csv,Deportivo Alavés,Real Sociedad,A,True
2018-19,2019-05-04,Celta,Barcelona,2,0,H,2018-19_SP1.csv,RC Celta de Vigo,FC Barcelona,H,True
2018-19,2019-05-04,Espanol,Ath Madrid,3,0,H,2018-19_SP1.csv,RCD Espanyol,Club Atlético de Madrid,H,True
2018-19,2019-05-04,Levante,Vallecano,4,1,H,2018-19_SP1.csv,Levante UD,Rayo Vallecano,H,True
2018-19,2019-05-05,Eibar,Betis,1,0,H,2018-19_SP1.csv,SD Eibar,Real Betis Balompié,H,True
2018-19,2019-05-05,Getafe,Girona,2,0,H,2018-19_SP1.csv,Getafe CF,Girona FC,H,True
2018-19,2019-05-05,Huesca,Valencia,2,6,A,2018-19_SP1.csv,SD Huesca,Valencia CF,A,True
2018-19,2019-05-05,Real Madrid,Villarreal,3,2,H,2018-19_SP1.csv,Real Madrid CF,Villarreal CF,H,True
2018-19,2019-05-05,Valladolid,Ath Bilbao,1,0,H,2018-19_SP1.csv,Real Valladolid CF,Athletic Bilbao,H,True
2018-19,2019-05-12,Ath Bilbao,Celta,3,1,H,2018-19_SP1.csv,Athletic Bilbao,RC Celta de Vigo,H,True
2018-19,2019-05-12,Ath Madrid,Sevilla,1,1,D,2018-19_SP1.csv,Club Atlético de Madrid,Sevilla FC,D,True
2018-19,2019-05-12,Barcelona,Getafe,2,0,H,2018-19_SP1.csv,FC Barcelona,Getafe CF,H,True
2018-19,2019-05-12,Betis,Huesca,2,1,H,2018-19_SP1.csv,Real Betis Balompié,SD Huesca,H,True
2018-19,2019-05-12,Girona,Levante,1,2,A,2018-19_SP1.csv,Girona FC,Levante UD,A,True
2018-19,2019-05-12,Leganes,Espanol,0,2,A,2018-19_SP1.csv,CD Leganés,RCD Espanyol,A,True
2018-19,2019-05-12,Sociedad,Real Madrid,3,1,H,2018-19_SP1.csv,Real Sociedad,Real Madrid CF,H,True
2018-19,2019-05-12,Valencia,Alaves,3,1,H,2018-19_SP1.csv,Valencia CF,Deportivo Alavés,H,True
2018-19,2019-05-12,Vallecano,Valladolid,1,2,A,2018-19_SP1.csv,Rayo Vallecano,Real Valladolid CF,A,True
2018-19,2019-05-12,Villarreal,Eibar,1,0,H,2018-19_SP1.csv,Villarreal CF,SD Eibar,H,True
2018-19,2019-05-18,Alaves,Girona,2,1,H,2018-19_SP1.csv,Deportivo Alavés,Girona FC,H,True
2018-19,2019-05-18,Celta,Vallecano,2,2,D,2018-19_SP1.csv,RC Celta de Vigo,Rayo Vallecano,D,True
2018-19,2019-05-18,Espanol,Sociedad,2,0,H,2018-19_SP1.csv,RCD Espanyol,Real Sociedad,H,True
2018-19,2019-05-18,Getafe,Villarreal,2,2,D,2018-19_SP1.csv,Getafe CF,Villarreal CF,D,True
2018-19,2019-05-18,Huesca,Leganes,2,1,H,2018-19_SP1.csv,SD Huesca,CD Leganés,H,True
2018-19,2019-05-18,Levante,Ath Madrid,2,2,D,2018-19_SP1.csv,Levante UD,Club Atlético de Madrid,D,True
2018-19,2019-05-18,Sevilla,Ath Bilbao,2,0,H,2018-19_SP1.csv,Sevilla FC,Athletic Bilbao,H,True
2018-19,2019-05-18,Valladolid,Valencia,0,2,A,2018-19_SP1.csv,Real Valladolid CF,Valencia CF,A,True
2018-19,2019-05-19,Eibar,Barcelona,2,2,D,2018-19_SP1.csv,SD Eibar,FC Barcelona,D,True
2018-19,2019-05-19,Real Madrid,Betis,0,2,A,2018-19_SP1.csv,Real Madrid CF,Real Betis Balompié,A,True
2019-20,2019-08-16,Ath Bilbao,Barcelona,1,0,H,2019-20_SP1.csv,Athletic Bilbao,FC Barcelona,H,True
2019-20,2019-08-17,Celta,Real Madrid,1,3,A,2019-20_SP1.csv,RC Celta de Vigo,Real Madrid CF,A,True
2019-20,2019-08-17,Valencia,Sociedad,1,1,D,2019-20_SP1.csv,Valencia CF,Real Sociedad,D,True
2019-20,2019-08-17,Mallorca,Eibar,2,1,H,2019-20_SP1.csv,RCD Mallorca,SD Eibar,H,True
2019-20,2019-08-17,Leganes,Osasuna,0,1,A,2019-20_SP1.csv,CD Leganés,CA Osasuna,A,True
2019-20,2019-08-17,Villarreal,Granada,4,4,D,2019-20_SP1.csv,Villarreal CF,Granada CF,D,True
2019-20,2019-08-18,Alaves,Levante,1,0,H,2019-20_SP1.csv,Deportivo Alavés,Levante UD,H,True
2019-20,2019-08-18,Espanol,Sevilla,0,2,A,2019-20_SP1.csv,RCD Espanyol,Sevilla FC,A,True
2019-20,2019-08-18,Betis,Valladolid,1,2,A,2019-20_SP1.csv,Real Betis Balompié,Real Valladolid CF,A,True
2019-20,2019-08-18,Ath Madrid,Getafe,1,0,H,2019-20_SP1.csv,Club Atlético de Madrid,Getafe CF,H,True
2019-20,2019-08-23,Granada,Sevilla,0,1,A,2019-20_SP1.csv,Granada CF,Sevilla FC,A,True
2019-20,2019-08-23,Levante,Villarreal,2,1,H,2019-20_SP1.csv,Levante UD,Villarreal CF,H,True
2019-20,2019-08-24,Osasuna,Eibar,0,0,D,2019-20_SP1.csv,CA Osasuna,SD Eibar,D,True
2019-20,2019-08-24,Real Madrid,Valladolid,1,1,D,2019-20_SP1.csv,Real Madrid CF,Real Valladolid CF,D,True
2019-20,2019-08-24,Celta,Valencia,1,0,H,2019-20_SP1.csv,RC Celta de Vigo,Valencia CF,H,True
2019-20,2019-08-24,Getafe,Ath Bilbao,1,1,D,2019-20_SP1.csv,Getafe CF,Athletic Bilbao,D,True
2019-20,2019-08-25,Alaves,Espanol,0,0,D,2019-20_SP1.csv,Deportivo Alavés,RCD Espanyol,D,True
2019-20,2019-08-25,Mallorca,Sociedad,0,1,A,2019-20_SP1.csv,RCD Mallorca,Real Sociedad,A,True
2019-20,2019-08-25,Leganes,Ath Madrid,0,1,A,2019-20_SP1.csv,CD Leganés,Club Atlético de Madrid,A,True
2019-20,2019-08-25,Barcelona,Betis,5,2,H,2019-20_SP1.csv,FC Barcelona,Real Betis Balompié,H,True
2019-20,2019-08-30,Sevilla,Celta,1,1,D,2019-20_SP1.csv,Sevilla FC,RC Celta de Vigo,D,True
2019-20,2019-08-30,Ath Bilbao,Sociedad,2,0,H,2019-20_SP1.csv,Athletic Bilbao,Real Sociedad,H,True
2019-20,2019-08-31,Osasuna,Barcelona,2,2,D,2019-20_SP1.csv,CA Osasuna,FC Barcelona,D,True
2019-20,2019-08-31,Getafe,Alaves,1,1,D,2019-20_SP1.csv,Getafe CF,Deportivo Alavés,D,True
2019-20,2019-08-31,Levante,Valladolid,2,0,H,2019-20_SP1.csv,Levante UD,Real Valladolid CF,H,True
2019-20,2019-08-31,Betis,Leganes,2,1,H,2019-20_SP1.csv,Real Betis Balompié,CD Leganés,H,True
2019-20,2019-09-01,Valencia,Mallorca,2,0,H,2019-20_SP1.csv,Valencia CF,RCD Mallorca,H,True
2019-20,2019-09-01,Ath Madrid,Eibar,3,2,H,2019-20_SP1.csv,Club Atlético de Madrid,SD Eibar,H,True
2019-20,2019-09-01,Espanol,Granada,0,3,A,2019-20_SP1.csv,RCD Espanyol,Granada CF,A,True
2019-20,2019-09-01,Villarreal,Real Madrid,2,2,D,2019-20_SP1.csv,Villarreal CF,Real Madrid CF,D,True
2019-20,2019-09-13,Mallorca,Ath Bilbao,0,0,D,2019-20_SP1.csv,RCD Mallorca,Athletic Bilbao,D,True
2019-20,2019-09-14,Real Madrid,Levante,3,2,H,2019-20_SP1.csv,Real Madrid CF,Levante UD,H,True
2019-20,2019-09-14,Leganes,Villarreal,0,3,A,2019-20_SP1.csv,CD Leganés,Villarreal CF,A,True
2019-20,2019-09-14,Sociedad,Ath Madrid,2,0,H,2019-20_SP1.csv,Real Sociedad,Club Atlético de Madrid,H,True
2019-20,2019-09-14,Barcelona,Valencia,5,2,H,2019-20_SP1.csv,FC Barcelona,Valencia CF,H,True
2019-20,2019-09-15,Eibar,Espanol,1,2,A,2019-20_SP1.csv,SD Eibar,RCD Espanyol,A,True
2019-20,2019-09-15,Alaves,Sevilla,0,1,A,2019-20_SP1.csv,Deportivo Alavés,Sevilla FC,A,True
2019-20,2019-09-15,Celta,Granada,0,2,A,2019-20_SP1.csv,RC Celta de Vigo,Granada CF,A,True
2019-20,2019-09-15,Valladolid,Osasuna,1,1,D,2019-20_SP1.csv,Real Valladolid CF,CA Osasuna,D,True
2019-20,2019-09-15,Betis,Getafe,1,1,D,2019-20_SP1.csv,Real Betis Balompié,Getafe CF,D,True
2019-20,2019-09-20,Osasuna,Betis,0,0,D,2019-20_SP1.csv,CA Osasuna,Real Betis Balompié,D,True
2019-20,2019-09-21,Villarreal,Valladolid,2,0,H,2019-20_SP1.csv,Villarreal CF,Real Valladolid CF,H,True
2019-20,2019-09-21,Levante,Eibar,0,0,D,2019-20_SP1.csv,Levante UD,SD Eibar,D,True
2019-20,2019-09-21,Ath Madrid,Celta,0,0,D,2019-20_SP1.csv,Club Atlético de Madrid,RC Celta de Vigo,D,True
2019-20,2019-09-21,Granada,Barcelona,2,0,H,2019-20_SP1.csv,Granada CF,FC Barcelona,H,True
2019-20,2019-09-22,Getafe,Mallorca,4,2,H,2019-20_SP1.csv,Getafe CF,RCD Mallorca,H,True
2019-20,2019-09-22,Espanol,Sociedad,1,3,A,2019-20_SP1.csv,RCD Espanyol,Real Sociedad,A,True
2019-20,2019-09-22,Valencia,Leganes,1,1,D,2019-20_SP1.csv,Valencia CF,CD Leganés,D,True
2019-20,2019-09-22,Ath Bilbao,Alaves,2,0,H,2019-20_SP1.csv,Athletic Bilbao,Deportivo Alavés,H,True
2019-20,2019-09-22,Sevilla,Real Madrid,0,1,A,2019-20_SP1.csv,Sevilla FC,Real Madrid CF,A,True
2019-20,2019-09-24,Valladolid,Granada,1,1,D,2019-20_SP1.csv,Real Valladolid CF,Granada CF,D,True
2019-20,2019-09-24,Betis,Levante,3,1,H,2019-20_SP1.csv,Real Betis Balompié,Levante UD,H,True
2019-20,2019-09-24,Barcelona,Villarreal,2,1,H,2019-20_SP1.csv,FC Barcelona,Villarreal CF,H,True
2019-20,2019-09-25,Leganes,Ath Bilbao,1,1,D,2019-20_SP1.csv,CD Leganés,Athletic Bilbao,D,True
2019-20,2019-09-25,Mallorca,Ath Madrid,0,2,A,2019-20_SP1.csv,RCD Mallorca,Club Atlético de Madrid,A,True
2019-20,2019-09-25,Valencia,Getafe,3,3,D,2019-20_SP1.csv,Valencia CF,Getafe CF,D,True
2019-20,2019-09-25,Real Madrid,Osasuna,2,0,H,2019-20_SP1.csv,Real Madrid CF,CA Osasuna,H,True
2019-20,2019-09-26,Eibar,Sevilla,3,2,H,2019-20_SP1.csv,SD Eibar,Sevilla FC,H,True
2019-20,2019-09-26,Celta,Espanol,1,1,D,2019-20_SP1.csv,RC Celta de Vigo,RCD Espanyol,D,True
2019-20,2019-09-26,Sociedad,Alaves,3,0,H,2019-20_SP1.csv,Real Sociedad,Deportivo Alavés,H,True
2019-20,2019-09-27,Villarreal,Betis,5,1,H,2019-20_SP1.csv,Villarreal CF,Real Betis Balompié,H,True
2019-20,2019-09-28,Ath Bilbao,Valencia,0,1,A,2019-20_SP1.csv,Athletic Bilbao,Valencia CF,A,True
2019-20,2019-09-28,Getafe,Barcelona,0,2,A,2019-20_SP1.csv,Getafe CF,FC Barcelona,A,True
2019-20,2019-09-28,Granada,Leganes,1,0,H,2019-20_SP1.csv,Granada CF,CD Leganés,H,True
2019-20,2019-09-28,Ath Madrid,Real Madrid,0,0,D,2019-20_SP1.csv,Club Atlético de Madrid,Real Madrid CF,D,True
2019-20,2019-09-29,Espanol,Valladolid,0,2,A,2019-20_SP1.csv,RCD Espanyol,Real Valladolid CF,A,True
2019-20,2019-09-29,Eibar,Celta,2,0,H,2019-20_SP1.csv,SD Eibar,RC Celta de Vigo,H,True
2019-20,2019-09-29,Alaves,Mallorca,2,0,H,2019-20_SP1.csv,Deportivo Alavés,RCD Mallorca,H,True
2019-20,2019-09-29,Levante,Osasuna,1,1,D,2019-20_SP1.csv,Levante UD,CA Osasuna,D,True
2019-20,2019-09-29,Sevilla,Sociedad,3,2,H,2019-20_SP1.csv,Sevilla FC,Real Sociedad,H,True
2019-20,2019-10-04,Betis,Eibar,1,1,D,2019-20_SP1.csv,Real Betis Balompié,SD Eibar,D,True
2019-20,2019-10-05,Leganes,Levante,1,2,A,2019-20_SP1.csv,CD Leganés,Levante UD,A,True
2019-20,2019-10-05,Real Madrid,Granada,4,2,H,2019-20_SP1.csv,Real Madrid CF,Granada CF,H,True
2019-20,2019-10-05,Valencia,Alaves,2,1,H,2019-20_SP1.csv,Valencia CF,Deportivo Alavés,H,True
2019-20,2019-10-05,Osasuna,Villarreal,2,1,H,2019-20_SP1.csv,CA Osasuna,Villarreal CF,H,True
2019-20,2019-10-06,Mallorca,Espanol,2,0,H,2019-20_SP1.csv,RCD Mallorca,RCD Espanyol,H,True
2019-20,2019-10-06,Celta,Ath Bilbao,1,0,H,2019-20_SP1.csv,RC Celta de Vigo,Athletic Bilbao,H,True
2019-20,2019-10-06,Valladolid,Ath Madrid,0,0,D,2019-20_SP1.csv,Real Valladolid CF,Club Atlético de Madrid,D,True
2019-20,2019-10-06,Sociedad,Getafe,1,2,A,2019-20_SP1.csv,Real Sociedad,Getafe CF,A,True
2019-20,2019-10-06,Barcelona,Sevilla,4,0,H,2019-20_SP1.csv,FC Barcelona,Sevilla FC,H,True
2019-20,2019-10-18,Granada,Osasuna,1,0,H,2019-20_SP1.csv,Granada CF,CA Osasuna,H,True
2019-20,2019-10-19,Eibar,Barcelona,0,3,A,2019-20_SP1.csv,SD Eibar,FC Barcelona,A,True
2019-20,2019-10-19,Ath Madrid,Valencia,1,1,D,2019-20_SP1.csv,Club Atlético de Madrid,Valencia CF,D,True
2019-20,2019-10-19,Getafe,Leganes,2,0,H,2019-20_SP1.csv,Getafe CF,CD Leganés,H,True
2019-20,2019-10-19,Mallorca,Real Madrid,1,0,H,2019-20_SP1.csv,RCD Mallorca,Real Madrid CF,H,True
2019-20,2019-10-20,Alaves,Celta,2,0,H,2019-20_SP1.csv,Deportivo Alavés,RC Celta de Vigo,H,True
2019-20,2019-10-20,Sociedad,Betis,3,1,H,2019-20_SP1.csv,Real Sociedad,Real Betis Balompié,H,True
2019-20,2019-10-20,Espanol,Villarreal,0,1,A,2019-20_SP1.csv,RCD Espanyol,Villarreal CF,A,True
2019-20,2019-10-20,Ath Bilbao,Valladolid,1,1,D,2019-20_SP1.csv,Athletic Bilbao,Real Valladolid CF,D,True
2019-20,2019-10-20,Sevilla,Levante,1,0,H,2019-20_SP1.csv,Sevilla FC,Levante UD,H,True
2019-20,2019-10-25,Villarreal,Alaves,4,1,H,2019-20_SP1.csv,Villarreal CF,Deportivo Alavés,H,True
2019-20,2019-10-26,Leganes,Mallorca,1,0,H,2019-20_SP1.csv,CD Leganés,RCD Mallorca,H,True
2019-20,2019-10-26,Valladolid,Eibar,2,0,H,2019-20_SP1.csv,Real Valladolid CF,SD Eibar,H,True
2019-20,2019-10-26,Ath Madrid,Ath Bilbao,2,0,H,2019-20_SP1.csv,Club Atlético de Madrid,Athletic Bilbao,H,True
2019-20,2019-10-27,Celta,Sociedad,0,1,A,2019-20_SP1.csv,RC Celta de Vigo,Real Sociedad,A,True
2019-20,2019-10-27,Granada,Betis,1,0,H,2019-20_SP1.csv,Granada CF,Real Betis Balompié,H,True
2019-20,2019-10-27,Levante,Espanol,0,1,A,2019-20_SP1.csv,Levante UD,RCD Espanyol,A,True
2019-20,2019-10-27,Sevilla,Getafe,2,0,H,2019-20_SP1.csv,Sevilla FC,Getafe CF,H,True
2019-20,2019-10-27,Osasuna,Valencia,3,1,H,2019-20_SP1.csv,CA Osasuna,Valencia CF,H,True
2019-20,2019-10-29,Alaves,Ath Madrid,1,1,D,2019-20_SP1.csv,Deportivo Alavés,Club Atlético de Madrid,D,True
2019-20,2019-10-29,Barcelona,Valladolid,5,1,H,2019-20_SP1.csv,FC Barcelona,Real Valladolid CF,H,True
2019-20,2019-10-30,Sociedad,Levante,1,2,A,2019-20_SP1.csv,Real Sociedad,Levante UD,A,True
2019-20,2019-10-30,Valencia,Sevilla,1,1,D,2019-20_SP1.csv,Valencia CF,Sevilla FC,D,True
2019-20,2019-10-30,Ath Bilbao,Espanol,3,0,H,2019-20_SP1.csv,Athletic Bilbao,RCD Espanyol,H,True
2019-20,2019-10-30,Betis,Celta,2,1,H,2019-20_SP1.csv,Real Betis Balompié,RC Celta de Vigo,H,True
2019-20,2019-10-30,Real Madrid,Leganes,5,0,H,2019-20_SP1.csv,Real Madrid CF,CD Leganés,H,True
2019-20,2019-10-31,Eibar,Villarreal,2,1,H,2019-20_SP1.csv,SD Eibar,Villarreal CF,H,True
2019-20,2019-10-31,Mallorca,Osasuna,2,2,D,2019-20_SP1.csv,RCD Mallorca,CA Osasuna,D,True
2019-20,2019-10-31,Getafe,Granada,3,1,H,2019-20_SP1.csv,Getafe CF,Granada CF,H,True
2019-20,2019-11-02,Espanol,Valencia,1,2,A,2019-20_SP1.csv,RCD Espanyol,Valencia CF,A,True
2019-20,2019-11-02,Levante,Barcelona,3,1,H,2019-20_SP1.csv,Levante UD,FC Barcelona,H,True
2019-20,2019-11-02,Sevilla,Ath Madrid,1,1,D,2019-20_SP1.csv,Sevilla FC,Club Atlético de Madrid,D,True
2019-20,2019-11-02,Real Madrid,Betis,0,0,D,2019-20_SP1.csv,Real Madrid CF,Real Betis Balompié,D,True
2019-20,2019-11-03,Valladolid,Mallorca,3,0,H,2019-20_SP1.csv,Real Valladolid CF,RCD Mallorca,H,True
2019-20,2019-11-03,Villarreal,Ath Bilbao,0,0,D,2019-20_SP1.csv,Villarreal CF,Athletic Bilbao,D,True
2019-20,2019-11-03,Osasuna,Alaves,4,2,H,2019-20_SP1.csv,CA Osasuna,Deportivo Alavés,H,True
2019-20,2019-11-03,Celta,Getafe,0,1,A,2019-20_SP1.csv,RC Celta de Vigo,Getafe CF,A,True
2019-20,2019-11-03,Leganes,Eibar,1,2,A,2019-20_SP1.csv,CD Leganés,SD Eibar,A,True
2019-20,2019-11-03,Granada,Sociedad,1,2,A,2019-20_SP1.csv,Granada CF,Real Sociedad,A,True
2019-20,2019-11-08,Sociedad,Leganes,1,1,D,2019-20_SP1.csv,Real Sociedad,CD Leganés,D,True
2019-20,2019-11-09,Alaves,Valladolid,3,0,H,2019-20_SP1.csv,Deportivo Alavés,Real Valladolid CF,H,True
2019-20,2019-11-09,Valencia,Granada,2,0,H,2019-20_SP1.csv,Valencia CF,Granada CF,H,True
2019-20,2019-11-09,Eibar,Real Madrid,0,4,A,2019-20_SP1.csv,SD Eibar,Real Madrid CF,A,True
2019-20,2019-11-09,Barcelona,Celta,4,1,H,2019-20_SP1.csv,FC Barcelona,RC Celta de Vigo,H,True
2019-20,2019-11-10,Mallorca,Villarreal,3,1,H,2019-20_SP1.csv,RCD Mallorca,Villarreal CF,H,True
2019-20,2019-11-10,Ath Bilbao,Levante,2,1,H,2019-20_SP1.csv,Athletic Bilbao,Levante UD,H,True
2019-20,2019-11-10,Ath Madrid,Espanol,3,1,H,2019-20_SP1.csv,Club Atlético de Madrid,RCD Espanyol,H,True
2019-20,2019-11-10,Getafe,Osasuna,0,0,D,2019-20_SP1.csv,Getafe CF,CA Osasuna,D,True
2019-20,2019-11-10,Betis,Sevilla,1,2,A,2019-20_SP1.csv,Real Betis Balompié,Sevilla FC,A,True
2019-20,2019-11-22,Levante,Mallorca,2,1,H,2019-20_SP1.csv,Levante UD,RCD Mallorca,H,True
2019-20,2019-11-23,Leganes,Barcelona,1,2,A,2019-20_SP1.csv,CD Leganés,FC Barcelona,A,True
2019-20,2019-11-23,Betis,Valencia,2,1,H,2019-20_SP1.csv,Real Betis Balompié,Valencia CF,H,True
2019-20,2019-11-23,Granada,Ath Madrid,1,1,D,2019-20_SP1.csv,Granada CF,Club Atlético de Madrid,D,True
2019-20,2019-11-23,Real Madrid,Sociedad,3,1,H,2019-20_SP1.csv,Real Madrid CF,Real Sociedad,H,True
2019-20,2019-11-24,Espanol,Getafe,1,1,D,2019-20_SP1.csv,RCD Espanyol,Getafe CF,D,True
2019-20,2019-11-24,Osasuna,Ath Bilbao,1,2,A,2019-20_SP1.csv,CA Osasuna,Athletic Bilbao,A,True
2019-20,2019-11-24,Eibar,Alaves,0,2,A,2019-20_SP1.csv,SD Eibar,Deportivo Alavés,A,True
2019-20,2019-11-24,Villarreal,Celta,1,3,A,2019-20_SP1.csv,Villarreal CF,RC Celta de Vigo,A,True
2019-20,2019-11-24,Valladolid,Sevilla,0,1,A,2019-20_SP1.csv,Real Valladolid CF,Sevilla FC,A,True
2019-20,2019-11-29,Celta,Valladolid,0,0,D,2019-20_SP1.csv,RC Celta de Vigo,Real Valladolid CF,D,True
2019-20,2019-11-30,Alaves,Real Madrid,1,2,A,2019-20_SP1.csv,Deportivo Alavés,Real Madrid CF,A,True
2019-20,2019-11-30,Sociedad,Eibar,4,1,H,2019-20_SP1.csv,Real Sociedad,SD Eibar,H,True
2019-20,2019-11-30,Mallorca,Betis,1,2,A,2019-20_SP1.csv,RCD Mallorca,Real Betis Balompié,A,True
2019-20,2019-11-30,Valencia,Villarreal,2,1,H,2019-20_SP1.csv,Valencia CF,Villarreal CF,H,True
2019-20,2019-12-01,Sevilla,Leganes,1,0,H,2019-20_SP1.csv,Sevilla FC,CD Leganés,H,True
2019-20,2019-12-01,Ath Bilbao,Granada,2,0,H,2019-20_SP1.csv,Athletic Bilbao,Granada CF,H,True
2019-20,2019-12-01,Espanol,Osasuna,2,4,A,2019-20_SP1.csv,RCD Espanyol,CA Osasuna,A,True
2019-20,2019-12-01,Getafe,Levante,4,0,H,2019-20_SP1.csv,Getafe CF,Levante UD,H,True
2019-20,2019-12-01,Ath Madrid,Barcelona,0,1,A,2019-20_SP1.csv,Club Atlético de Madrid,FC Barcelona,A,True
2019-20,2019-12-06,Villarreal,Ath Madrid,0,0,D,2019-20_SP1.csv,Villarreal CF,Club Atlético de Madrid,D,True
2019-20,2019-12-07,Real Madrid,Espanol,2,0,H,2019-20_SP1.csv,Real Madrid CF,RCD Espanyol,H,True
2019-20,2019-12-07,Granada,Alaves,3,0,H,2019-20_SP1.csv,Granada CF,Deportivo Alavés,H,True
2019-20,2019-12-07,Levante,Valencia,2,4,A,2019-20_SP1.csv,Levante UD,Valencia CF,A,True
2019-20,2019-12-07,Barcelona,Mallorca,5,2,H,2019-20_SP1.csv,FC Barcelona,RCD Mallorca,H,True
2019-20,2019-12-08,Eibar,Getafe,0,1,A,2019-20_SP1.csv,SD Eibar,Getafe CF,A,True
2019-20,2019-12-08,Betis,Ath Bilbao,3,2,H,2019-20_SP1.csv,Real Betis Balompié,Athletic Bilbao,H,True
2019-20,2019-12-08,Valladolid,Sociedad,0,0,D,2019-20_SP1.csv,Real Valladolid CF,Real Sociedad,D,True
2019-20,2019-12-08,Leganes,Celta,3,2,H,2019-20_SP1.csv,CD Leganés,RC Celta de Vigo,H,True
2019-20,2019-12-08,Osasuna,Sevilla,1,1,D,2019-20_SP1.csv,CA Osasuna,Sevilla FC,D,True
2019-20,2019-12-13,Alaves,Leganes,1,1,D,2019-20_SP1.csv,Deportivo Alavés,CD Leganés,D,True
2019-20,2019-12-14,Granada,Levante,1,2,A,2019-20_SP1.csv,Granada CF,Levante UD,A,True
2019-20,2019-12-14,Sociedad,Barcelona,2,2,D,2019-20_SP1.csv,Real Sociedad,FC Barcelona,D,True
2019-20,2019-12-14,Ath Bilbao,Eibar,0,0,D,2019-20_SP1.csv,Athletic Bilbao,SD Eibar,D,True
2019-20,2019-12-14,Ath Madrid,Osasuna,2,0,H,2019-20_SP1.csv,Club Atlético de Madrid,CA Osasuna,H,True
2019-20,2019-12-15,Getafe,Valladolid,2,0,H,2019-20_SP1.csv,Getafe CF,Real Valladolid CF,H,True
2019-20,2019-12-15,Celta,Mallorca,2,2,D,2019-20_SP1.csv,RC Celta de Vigo,RCD Mallorca,D,True
2019-20,2019-12-15,Espanol,Betis,2,2,D,2019-20_SP1.csv,RCD Espanyol,Real Betis Balompié,D,True
2019-20,2019-12-15,Sevilla,Villarreal,1,2,A,2019-20_SP1.csv,Sevilla FC,Villarreal CF,A,True
2019-20,2019-12-15,Valencia,Real Madrid,1,1,D,2019-20_SP1.csv,Valencia CF,Real Madrid CF,D,True
2019-20,2019-12-18,Barcelona,Real Madrid,0,0,D,2019-20_SP1.csv,FC Barcelona,Real Madrid CF,D,True
2019-20,2019-12-20,Eibar,Granada,3,0,H,2019-20_SP1.csv,SD Eibar,Granada CF,H,True
2019-20,2019-12-21,Mallorca,Sevilla,0,2,A,2019-20_SP1.csv,RCD Mallorca,Sevilla FC,A,True
2019-20,2019-12-21,Barcelona,Alaves,4,1,H,2019-20_SP1.csv,FC Barcelona,Deportivo Alavés,H,True
2019-20,2019-12-21,Villarreal,Getafe,1,0,H,2019-20_SP1.csv,Villarreal CF,Getafe CF,H,True
2019-20,2019-12-21,Valladolid,Valencia,1,1,D,2019-20_SP1.csv,Real Valladolid CF,Valencia CF,D,True
2019-20,2019-12-22,Leganes,Espanol,2,0,H,2019-20_SP1.csv,CD Leganés,RCD Espanyol,H,True
2019-20,2019-12-22,Osasuna,Sociedad,3,4,A,2019-20_SP1.csv,CA Osasuna,Real Sociedad,A,True
2019-20,2019-12-22,Betis,Ath Madrid,1,2,A,2019-20_SP1.csv,Real Betis Balompié,Club Atlético de Madrid,A,True
2019-20,2019-12-22,Levante,Celta,3,1,H,2019-20_SP1.csv,Levante UD,RC Celta de Vigo,H,True
2019-20,2019-12-22,Real Madrid,Ath Bilbao,0,0,D,2019-20_SP1.csv,Real Madrid CF,Athletic Bilbao,D,True
2019-20,2020-01-03,Valladolid,Leganes,2,2,D,2019-20_SP1.csv,Real Valladolid CF,CD Leganés,D,True
2019-20,2020-01-03,Sevilla,Ath Bilbao,1,1,D,2019-20_SP1.csv,Sevilla FC,Athletic Bilbao,D,True
2019-20,2020-01-04,Valencia,Eibar,1,0,H,2019-20_SP1.csv,Valencia CF,SD Eibar,H,True
2019-20,2020-01-04,Getafe,Real Madrid,0,3,A,2019-20_SP1.csv,Getafe CF,Real Madrid CF,A,True
2019-20,2020-01-04,Ath Madrid,Levante,2,1,H,2019-20_SP1.csv,Club Atlético de Madrid,Levante UD,H,True
2019-20,2020-01-04,Espanol,Barcelona,2,2,D,2019-20_SP1.csv,RCD Espanyol,FC Barcelona,D,True
2019-20,2020-01-05,Granada,Mallorca,1,0,H,2019-20_SP1.csv,Granada CF,RCD Mallorca,H,True
2019-20,2020-01-05,Sociedad,Villarreal,1,2,A,2019-20_SP1.csv,Real Sociedad,Villarreal CF,A,True
2019-20,2020-01-05,Alaves,Betis,1,1,D,2019-20_SP1.csv,Deportivo Alavés,Real Betis Balompié,D,True
2019-20,2020-01-05,Celta,Osasuna,1,1,D,2019-20_SP1.csv,RC Celta de Vigo,CA Osasuna,D,True
2019-20,2020-01-17,Leganes,Getafe,0,3,A,2019-20_SP1.csv,CD Leganés,Getafe CF,A,True
2019-20,2020-01-18,Levante,Alaves,0,1,A,2019-20_SP1.csv,Levante UD,Deportivo Alavés,A,True
2019-20,2020-01-18,Real Madrid,Sevilla,2,1,H,2019-20_SP1.csv,Real Madrid CF,Sevilla FC,H,True
2019-20,2020-01-18,Osasuna,Valladolid,0,0,D,2019-20_SP1.csv,CA Osasuna,Real Valladolid CF,D,True
2019-20,2020-01-18,Eibar,Ath Madrid,2,0,H,2019-20_SP1.csv,SD Eibar,Club Atlético de Madrid,H,True
2019-20,2020-01-19,Mallorca,Valencia,4,1,H,2019-20_SP1.csv,RCD Mallorca,Valencia CF,H,True
2019-20,2020-01-19,Betis,Sociedad,3,0,H,2019-20_SP1.csv,Real Betis Balompié,Real Sociedad,H,True
2019-20,2020-01-19,Villarreal,Espanol,1,2,A,2019-20_SP1.csv,Villarreal CF,RCD Espanyol,A,True
2019-20,2020-01-19,Ath Bilbao,Celta,1,1,D,2019-20_SP1.csv,Athletic Bilbao,RC Celta de Vigo,D,True
2019-20,2020-01-19,Barcelona,Granada,1,0,H,2019-20_SP1.csv,FC Barcelona,Granada CF,H,True
2019-20,2020-01-24,Osasuna,Levante,2,0,H,2019-20_SP1.csv,CA Osasuna,Levante UD,H,True
2019-20,2020-01-25,Espanol,Ath Bilbao,1,1,D,2019-20_SP1.csv,RCD Espanyol,Athletic Bilbao,D,True
2019-20,2020-01-25,Valencia,Barcelona,2,0,H,2019-20_SP1.csv,Valencia CF,FC Barcelona,H,True
2019-20,2020-01-25,Alaves,Villarreal,1,2,A,2019-20_SP1.csv,Deportivo Alavés,Villarreal CF,A,True
2019-20,2020-01-25,Sevilla,Granada,2,0,H,2019-20_SP1.csv,Sevilla FC,Granada CF,H,True
2019-20,2020-01-26,Ath Madrid,Leganes,0,0,D,2019-20_SP1.csv,Club Atlético de Madrid,CD Leganés,D,True
2019-20,2020-01-26,Celta,Eibar,0,0,D,2019-20_SP1.csv,RC Celta de Vigo,SD Eibar,D,True
2019-20,2020-01-26,Getafe,Betis,1,0,H,2019-20_SP1.csv,Getafe CF,Real Betis Balompié,H,True
2019-20,2020-01-26,Sociedad,Mallorca,3,0,H,2019-20_SP1.csv,Real Sociedad,RCD Mallorca,H,True
2019-20,2020-01-26,Valladolid,Real Madrid,0,1,A,2019-20_SP1.csv,Real Valladolid CF,Real Madrid CF,A,True
2019-20,2020-02-01,Granada,Espanol,2,1,H,2019-20_SP1.csv,Granada CF,RCD Espanyol,H,True
2019-20,2020-02-01,Real Madrid,Ath Madrid,1,0,H,2019-20_SP1.csv,Real Madrid CF,Club Atlético de Madrid,H,True
2019-20,2020-02-01,Mallorca,Valladolid,0,1,A,2019-20_SP1.csv,RCD Mallorca,Real Valladolid CF,A,True
2019-20,2020-02-01,Valencia,Celta,1,0,H,2019-20_SP1.csv,Valencia CF,RC Celta de Vigo,H,True
2019-20,2020-02-02,Leganes,Sociedad,2,1,H,2019-20_SP1.csv,CD Leganés,Real Sociedad,H,True
2019-20,2020-02-02,Eibar,Betis,1,1,D,2019-20_SP1.csv,SD Eibar,Real Betis Balompié,D,True
2019-20,2020-02-02,Ath Bilbao,Getafe,0,2,A,2019-20_SP1.csv,Athletic Bilbao,Getafe CF,A,True
2019-20,2020-02-02,Sevilla,Alaves,1,1,D,2019-20_SP1.csv,Sevilla FC,Deportivo Alavés,D,True
2019-20,2020-02-02,Villarreal,Osasuna,3,1,H,2019-20_SP1.csv,Villarreal CF,CA Osasuna,H,True
2019-20,2020-02-02,Barcelona,Levante,2,1,H,2019-20_SP1.csv,FC Barcelona,Levante UD,H,True
2019-20,2020-02-07,Alaves,Eibar,2,1,H,2019-20_SP1.csv,Deportivo Alavés,SD Eibar,H,True
2019-20,2020-02-08,Levante,Leganes,2,0,H,2019-20_SP1.csv,Levante UD,CD Leganés,H,True
2019-20,2020-02-08,Getafe,Valencia,3,0,H,2019-20_SP1.csv,Getafe CF,Valencia CF,H,True
2019-20,2020-02-08,Valladolid,Villarreal,1,1,D,2019-20_SP1.csv,Real Valladolid CF,Villarreal CF,D,True
2019-20,2020-02-08,Ath Madrid,Granada,1,0,H,2019-20_SP1.csv,Club Atlético de Madrid,Granada CF,H,True
2019-20,2020-02-09,Espanol,Mallorca,1,0,H,2019-20_SP1.csv,RCD Espanyol,RCD Mallorca,H,True
2019-20,2020-02-09,Sociedad,Ath Bilbao,2,1,H,2019-20_SP1.csv,Real Sociedad,Athletic Bilbao,H,True
2019-20,2020-02-09,Osasuna,Real Madrid,1,4,A,2019-20_SP1.csv,CA Osasuna,Real Madrid CF,A,True
2019-20,2020-02-09,Celta,Sevilla,2,1,H,2019-20_SP1.csv,RC Celta de Vigo,Sevilla FC,H,True
2019-20,2020-02-09,Betis,Barcelona,2,3,A,2019-20_SP1.csv,Real Betis Balompié,FC Barcelona,A,True
2019-20,2020-02-14,Valencia,Ath Madrid,2,2,D,2019-20_SP1.csv,Valencia CF,Club Atlético de Madrid,D,True
2019-20,2020-02-15,Mallorca,Alaves,1,0,H,2019-20_SP1.csv,RCD Mallorca,Deportivo Alavés,H,True
2019-20,2020-02-15,Barcelona,Getafe,2,1,H,2019-20_SP1.csv,FC Barcelona,Getafe CF,H,True
2019-20,2020-02-15,Villarreal,Levante,2,1,H,2019-20_SP1.csv,Villarreal CF,Levante UD,H,True
2019-20,2020-02-15,Granada,Valladolid,2,1,H,2019-20_SP1.csv,Granada CF,Real Valladolid CF,H,True
2019-20,2020-02-16,Sevilla,Espanol,2,2,D,2019-20_SP1.csv,Sevilla FC,RCD Espanyol,D,True
2019-20,2020-02-16,Leganes,Betis,0,0,D,2019-20_SP1.csv,CD Leganés,Real Betis Balompié,D,True
2019-20,2020-02-16,Ath Bilbao,Osasuna,0,1,A,2019-20_SP1.csv,Athletic Bilbao,CA Osasuna,A,True
2019-20,2020-02-16,Real Madrid,Celta,2,2,D,2019-20_SP1.csv,Real Madrid CF,RC Celta de Vigo,D,True
2019-20,2020-02-21,Betis,Mallorca,3,3,D,2019-20_SP1.csv,Real Betis Balompié,RCD Mallorca,D,True
2019-20,2020-02-22,Celta,Leganes,1,0,H,2019-20_SP1.csv,RC Celta de Vigo,CD Leganés,H,True
2019-20,2020-02-22,Barcelona,Eibar,5,0,H,2019-20_SP1.csv,FC Barcelona,SD Eibar,H,True
2019-20,2020-02-22,Sociedad,Valencia,3,0,H,2019-20_SP1.csv,Real Sociedad,Valencia CF,H,True
2019-20,2020-02-22,Levante,Real Madrid,1,0,H,2019-20_SP1.csv,Levante UD,Real Madrid CF,H,True
2019-20,2020-02-23,Osasuna,Granada,0,3,A,2019-20_SP1.csv,CA Osasuna,Granada CF,A,True
2019-20,2020-02-23,Alaves,Ath Bilbao,2,1,H,2019-20_SP1.csv,Deportivo Alavés,Athletic Bilbao,H,True
2019-20,2020-02-23,Valladolid,Espanol,2,1,H,2019-20_SP1.csv,Real Valladolid CF,RCD Espanyol,H,True
2019-20,2020-02-23,Getafe,Sevilla,0,3,A,2019-20_SP1.csv,Getafe CF,Sevilla FC,A,True
2019-20,2020-02-23,Ath Madrid,Villarreal,3,1,H,2019-20_SP1.csv,Club Atlético de Madrid,Villarreal CF,H,True
2019-20,2020-02-28,Sociedad,Valladolid,1,0,H,2019-20_SP1.csv,Real Sociedad,Real Valladolid CF,H,True
2019-20,2020-02-29,Eibar,Levante,3,0,H,2019-20_SP1.csv,SD Eibar,Levante UD,H,True
2019-20,2020-02-29,Valencia,Betis,2,1,H,2019-20_SP1.csv,Valencia CF,Real Betis Balompié,H,True
2019-20,2020-02-29,Leganes,Alaves,1,1,D,2019-20_SP1.csv,CD Leganés,Deportivo Alavés,D,True
2019-20,2020-02-29,Granada,Celta,0,0,D,2019-20_SP1.csv,Granada CF,RC Celta de Vigo,D,True
2019-20,2020-03-01,Sevilla,Osasuna,3,2,H,2019-20_SP1.csv,Sevilla FC,CA Osasuna,H,True
2019-20,2020-03-01,Ath Bilbao,Villarreal,1,0,H,2019-20_SP1.csv,Athletic Bilbao,Villarreal CF,H,True
2019-20,2020-03-01,Espanol,Ath Madrid,1,1,D,2019-20_SP1.csv,RCD Espanyol,Club Atlético de Madrid,D,True
2019-20,2020-03-01,Mallorca,Getafe,0,1,A,2019-20_SP1.csv,RCD Mallorca,Getafe CF,A,True
2019-20,2020-03-01,Real Madrid,Barcelona,2,0,H,2019-20_SP1.csv,Real Madrid CF,FC Barcelona,H,True
2019-20,2020-03-06,Alaves,Valencia,1,1,D,2019-20_SP1.csv,Deportivo Alavés,Valencia CF,D,True
2019-20,2020-03-07,Eibar,Mallorca,1,2,A,2019-20_SP1.csv,SD Eibar,RCD Mallorca,A,True
2019-20,2020-03-07,Ath Madrid,Sevilla,2,2,D,2019-20_SP1.csv,Club Atlético de Madrid,Sevilla FC,D,True
2019-20,2020-03-07,Barcelona,Sociedad,1,0,H,2019-20_SP1.csv,FC Barcelona,Real Sociedad,H,True
2019-20,2020-03-07,Getafe,Celta,0,0,D,2019-20_SP1.csv,Getafe CF,RC Celta de Vigo,D,True
2019-20,2020-03-08,Osasuna,Espanol,1,0,H,2019-20_SP1.csv,CA Osasuna,RCD Espanyol,H,True
2019-20,2020-03-08,Valladolid,Ath Bilbao,1,4,A,2019-20_SP1.csv,Real Valladolid CF,Athletic Bilbao,A,True
2019-20,2020-03-08,Levante,Granada,1,1,D,2019-20_SP1.csv,Levante UD,Granada CF,D,True
2019-20,2020-03-08,Villarreal,Leganes,1,2,A,2019-20_SP1.csv,Villarreal CF,CD Leganés,A,True
2019-20,2020-03-08,Betis,Real Madrid,2,1,H,2019-20_SP1.csv,Real Betis Balompié,Real Madrid CF,H,True
2019-20,2020-03-10,Eibar,Sociedad,1,2,A,2019-20_SP1.csv,SD Eibar,Real Sociedad,A,True
2019-20,2020-06-11,Sevilla,Betis,2,0,H,2019-20_SP1.csv,Sevilla FC,Real Betis Balompié,H,True
2019-20,2020-06-12,Granada,Getafe,2,1,H,2019-20_SP1.csv,Granada CF,Getafe CF,H,True
2019-20,2020-06-12,Valencia,Levante,1,1,D,2019-20_SP1.csv,Valencia CF,Levante UD,D,True
2019-20,2020-06-13,Espanol,Alaves,2,0,H,2019-20_SP1.csv,RCD Espanyol,Deportivo Alavés,H,True
2019-20,2020-06-13,Celta,Villarreal,0,1,A,2019-20_SP1.csv,RC Celta de Vigo,Villarreal CF,A,True
2019-20,2020-06-13,Leganes,Valladolid,1,2,A,2019-20_SP1.csv,CD Leganés,Real Valladolid CF,A,True
2019-20,2020-06-13,Mallorca,Barcelona,0,4,A,2019-20_SP1.csv,RCD Mallorca,FC Barcelona,A,True
2019-20,2020-06-14,Ath Bilbao,Ath Madrid,1,1,D,2019-20_SP1.csv,Athletic Bilbao,Club Atlético de Madrid,D,True
2019-20,2020-06-14,Real Madrid,Eibar,3,1,H,2019-20_SP1.csv,Real Madrid CF,SD Eibar,H,True
2019-20,2020-06-14,Sociedad,Osasuna,1,1,D,2019-20_SP1.csv,Real Sociedad,CA Osasuna,D,True
2019-20,2020-06-15,Levante,Sevilla,1,1,D,2019-20_SP1.csv,Levante UD,Sevilla FC,D,True
2019-20,2020-06-15,Betis,Granada,2,2,D,2019-20_SP1.csv,Real Betis Balompié,Granada CF,D,True
2019-20,2020-06-16,Getafe,Espanol,0,0,D,2019-20_SP1.csv,Getafe CF,RCD Espanyol,D,True
2019-20,2020-06-16,Villarreal,Mallorca,1,0,H,2019-20_SP1.csv,Villarreal CF,RCD Mallorca,H,True
2019-20,2020-06-16,Barcelona,Leganes,2,0,H,2019-20_SP1.csv,FC Barcelona,CD Leganés,H,True
2019-20,2020-06-17,Eibar,Ath Bilbao,2,2,D,2019-20_SP1.csv,SD Eibar,Athletic Bilbao,D,True
2019-20,2020-06-17,Valladolid,Celta,0,0,D,2019-20_SP1.csv,Real Valladolid CF,RC Celta de Vigo,D,True
2019-20,2020-06-17,Osasuna,Ath Madrid,0,5,A,2019-20_SP1.csv,CA Osasuna,Club Atlético de Madrid,A,True
2019-20,2020-06-18,Alaves,Sociedad,2,0,H,2019-20_SP1.csv,Deportivo Alavés,Real Sociedad,H,True
2019-20,2020-06-18,Real Madrid,Valencia,3,0,H,2019-20_SP1.csv,Real Madrid CF,Valencia CF,H,True
2019-20,2020-06-19,Granada,Villarreal,0,1,A,2019-20_SP1.csv,Granada CF,Villarreal CF,A,True
2019-20,2020-06-19,Mallorca,Leganes,1,1,D,2019-20_SP1.csv,RCD Mallorca,CD Leganés,D,True
2019-20,2020-06-19,Sevilla,Barcelona,0,0,D,2019-20_SP1.csv,Sevilla FC,FC Barcelona,D,True
2019-20,2020-06-20,Espanol,Levante,1,3,A,2019-20_SP1.csv,RCD Espanyol,Levante UD,A,True
2019-20,2020-06-20,Ath Bilbao,Betis,1,0,H,2019-20_SP1.csv,Athletic Bilbao,Real Betis Balompié,H,True
2019-20,2020-06-20,Getafe,Eibar,1,1,D,2019-20_SP1.csv,Getafe CF,SD Eibar,D,True
2019-20,2020-06-20,Ath Madrid,Valladolid,1,0,H,2019-20_SP1.csv,Club Atlético de Madrid,Real Valladolid CF,H,True
2019-20,2020-06-21,Celta,Alaves,6,0,H,2019-20_SP1.csv,RC Celta de Vigo,Deportivo Alavés,H,True
2019-20,2020-06-21,Valencia,Osasuna,2,0,H,2019-20_SP1.csv,Valencia CF,CA Osasuna,H,True
2019-20,2020-06-21,Sociedad,Real Madrid,1,2,A,2019-20_SP1.csv,Real Sociedad,Real Madrid CF,A,True
2019-20,2020-06-22,Villarreal,Sevilla,2,2,D,2019-20_SP1.csv,Villarreal CF,Sevilla FC,D,True
2019-20,2020-06-22,Leganes,Granada,0,0,D,2019-20_SP1.csv,CD Leganés,Granada CF,D,True
2019-20,2020-06-23,Levante,Ath Madrid,0,1,A,2019-20_SP1.csv,Levante UD,Club Atlético de Madrid,A,True
2019-20,2020-06-23,Valladolid,Getafe,1,1,D,2019-20_SP1.csv,Real Valladolid CF,Getafe CF,D,True
2019-20,2020-06-23,Barcelona,Ath Bilbao,1,0,H,2019-20_SP1.csv,FC Barcelona,Athletic Bilbao,H,True
2019-20,2020-06-24,Alaves,Osasuna,0,1,A,2019-20_SP1.csv,Deportivo Alavés,CA Osasuna,A,True
2019-20,2020-06-24,Sociedad,Celta,0,1,A,2019-20_SP1.csv,Real Sociedad,RC Celta de Vigo,A,True
2019-20,2020-06-24,Real Madrid,Mallorca,2,0,H,2019-20_SP1.csv,Real Madrid CF,RCD Mallorca,H,True
2019-20,2020-06-25,Eibar,Valencia,1,0,H,2019-20_SP1.csv,SD Eibar,Valencia CF,H,True
2019-20,2020-06-25,Betis,Espanol,1,0,H,2019-20_SP1.csv,Real Betis Balompié,RCD Espanyol,H,True
2019-20,2020-06-26,Sevilla,Valladolid,1,1,D,2019-20_SP1.csv,Sevilla FC,Real Valladolid CF,D,True
2019-20,2020-06-27,Ath Bilbao,Mallorca,3,1,H,2019-20_SP1.csv,Athletic Bilbao,RCD Mallorca,H,True
2019-20,2020-06-27,Celta,Barcelona,2,2,D,2019-20_SP1.csv,RC Celta de Vigo,FC Barcelona,D,True
2019-20,2020-06-27,Osasuna,Leganes,2,1,H,2019-20_SP1.csv,CA Osasuna,CD Leganés,H,True
2019-20,2020-06-27,Ath Madrid,Alaves,2,1,H,2019-20_SP1.csv,Club Atlético de Madrid,Deportivo Alavés,H,True
2019-20,2020-06-28,Levante,Betis,4,2,H,2019-20_SP1.csv,Levante UD,Real Betis Balompié,H,True
2019-20,2020-06-28,Villarreal,Valencia,2,0,H,2019-20_SP1.csv,Villarreal CF,Valencia CF,H,True
2019-20,2020-06-28,Granada,Eibar,1,2,A,2019-20_SP1.csv,Granada CF,SD Eibar,A,True
2019-20,2020-06-28,Espanol,Real Madrid,0,1,A,2019-20_SP1.csv,RCD Espanyol,Real Madrid CF,A,True
2019-20,2020-06-29,Getafe,Sociedad,2,1,H,2019-20_SP1.csv,Getafe CF,Real Sociedad,H,True
2019-20,2020-06-30,Mallorca,Celta,5,1,H,2019-20_SP1.csv,RCD Mallorca,RC Celta de Vigo,H,True
2019-20,2020-06-30,Leganes,Sevilla,0,3,A,2019-20_SP1.csv,CD Leganés,Sevilla FC,A,True
2019-20,2020-06-30,Barcelona,Ath Madrid,2,2,D,2019-20_SP1.csv,FC Barcelona,Club Atlético de Madrid,D,True
2019-20,2020-07-01,Alaves,Granada,0,2,A,2019-20_SP1.csv,Deportivo Alavés,Granada CF,A,True
2019-20,2020-07-01,Valencia,Ath Bilbao,0,2,A,2019-20_SP1.csv,Valencia CF,Athletic Bilbao,A,True
2019-20,2020-07-01,Betis,Villarreal,0,2,A,2019-20_SP1.csv,Real Betis Balompié,Villarreal CF,A,True
2019-20,2020-07-01,Valladolid,Levante,0,0,D,2019-20_SP1.csv,Real Valladolid CF,Levante UD,D,True
2019-20,2020-07-02,Eibar,Osasuna,0,2,A,2019-20_SP1.csv,SD Eibar,CA Osasuna,A,True
2019-20,2020-07-02,Sociedad,Espanol,2,1,H,2019-20_SP1.csv,Real Sociedad,RCD Espanyol,H,True
2019-20,2020-07-02,Real Madrid,Getafe,1,0,H,2019-20_SP1.csv,Real Madrid CF,Getafe CF,H,True
2019-20,2020-07-03,Ath Madrid,Mallorca,3,0,H,2019-20_SP1.csv,Club Atlético de Madrid,RCD Mallorca,H,True
2019-20,2020-07-04,Celta,Betis,1,1,D,2019-20_SP1.csv,RC Celta de Vigo,Real Betis Balompié,D,True
2019-20,2020-07-04,Valladolid,Alaves,1,0,H,2019-20_SP1.csv,Real Valladolid CF,Deportivo Alavés,H,True
2019-20,2020-07-04,Granada,Valencia,2,2,D,2019-20_SP1.csv,Granada CF,Valencia CF,D,True
2019-20,2020-07-05,Ath Bilbao,Real Madrid,0,1,A,2019-20_SP1.csv,Athletic Bilbao,Real Madrid CF,A,True
2019-20,2020-07-05,Espanol,Leganes,0,1,A,2019-20_SP1.csv,RCD Espanyol,CD Leganés,A,True
2019-20,2020-07-05,Osasuna,Getafe,0,0,D,2019-20_SP1.csv,CA Osasuna,Getafe CF,D,True
2019-20,2020-07-05,Villarreal,Barcelona,1,4,A,2019-20_SP1.csv,Villarreal CF,FC Barcelona,A,True
2019-20,2020-07-06,Levante,Sociedad,1,1,D,2019-20_SP1.csv,Levante UD,Real Sociedad,D,True
2019-20,2020-07-06,Sevilla,Eibar,1,0,H,2019-20_SP1.csv,Sevilla FC,SD Eibar,H,True
2019-20,2020-07-07,Valencia,Valladolid,2,1,H,2019-20_SP1.csv,Valencia CF,Real Valladolid CF,H,True
2019-20,2020-07-07,Celta,Ath Madrid,1,1,D,2019-20_SP1.csv,RC Celta de Vigo,Club Atlético de Madrid,D,True
2019-20,2020-07-08,Betis,Osasuna,3,0,H,2019-20_SP1.csv,Real Betis Balompié,CA Osasuna,H,True
2019-20,2020-07-08,Getafe,Villarreal,1,3,A,2019-20_SP1.csv,Getafe CF,Villarreal CF,A,True
2019-20,2020-07-08,Barcelona,Espanol,1,0,H,2019-20_SP1.csv,FC Barcelona,RCD Espanyol,H,True
2019-20,2020-07-09,Eibar,Leganes,0,0,D,2019-20_SP1.csv,SD Eibar,CD Leganés,D,True
2019-20,2020-07-09,Mallorca,Levante,2,0,H,2019-20_SP1.csv,RCD Mallorca,Levante UD,H,True
2019-20,2020-07-09,Ath Bilbao,Sevilla,1,2,A,2019-20_SP1.csv,Athletic Bilbao,Sevilla FC,A,True
2019-20,2020-07-10,Sociedad,Granada,2,3,A,2019-20_SP1.csv,Real Sociedad,Granada CF,A,True
2019-20,2020-07-10,Real Madrid,Alaves,2,0,H,2019-20_SP1.csv,Real Madrid CF,Deportivo Alavés,H,True
2019-20,2020-07-11,Osasuna,Celta,2,1,H,2019-20_SP1.csv,CA Osasuna,RC Celta de Vigo,H,True
2019-20,2020-07-11,Valladolid,Barcelona,0,1,A,2019-20_SP1.csv,Real Valladolid CF,FC Barcelona,A,True
2019-20,2020-07-11,Ath Madrid,Betis,1,0,H,2019-20_SP1.csv,Club Atlético de Madrid,Real Betis Balompié,H,True
2019-20,2020-07-12,Espanol,Eibar,0,2,A,2019-20_SP1.csv,RCD Espanyol,SD Eibar,A,True
2019-20,2020-07-12,Levante,Ath Bilbao,1,2,A,2019-20_SP1.csv,Levante UD,Athletic Bilbao,A,True
2019-20,2020-07-12,Leganes,Valencia,1,0,H,2019-20_SP1.csv,CD Leganés,Valencia CF,H,True
2019-20,2020-07-12,Sevilla,Mallorca,2,0,H,2019-20_SP1.csv,Sevilla FC,RCD Mallorca,H,True
2019-20,2020-07-13,Alaves,Getafe,0,0,D,2019-20_SP1.csv,Deportivo Alavés,Getafe CF,D,True
2019-20,2020-07-13,Villarreal,Sociedad,1,2,A,2019-20_SP1.csv,Villarreal CF,Real Sociedad,A,True
2019-20,2020-07-13,Granada,Real Madrid,1,2,A,2019-20_SP1.csv,Granada CF,Real Madrid CF,A,True
2019-20,2020-07-16,Eibar,Valladolid,3,1,H,2019-20_SP1.csv,SD Eibar,Real Valladolid CF,H,True
2019-20,2020-07-16,Ath Bilbao,Leganes,0,2,A,2019-20_SP1.csv,Athletic Bilbao,CD Leganés,A,True
2019-20,2020-07-16,Barcelona,Osasuna,1,2,A,2019-20_SP1.csv,FC Barcelona,CA Osasuna,A,True
2019-20,2020-07-16,Betis,Alaves,1,2,A,2019-20_SP1.csv,Real Betis Balompié,Deportivo Alavés,A,True
2019-20,2020-07-16,Celta,Levante,2,3,A,2019-20_SP1.csv,RC Celta de Vigo,Levante UD,A,True
2019-20,2020-07-16,Getafe,Ath Madrid,0,2,A,2019-20_SP1.csv,Getafe CF,Club Atlético de Madrid,A,True
2019-20,2020-07-16,Mallorca,Granada,1,2,A,2019-20_SP1.csv,RCD Mallorca,Granada CF,A,True
2019-20,2020-07-16,Real Madrid,Villarreal,2,1,H,2019-20_SP1.csv,Real Madrid CF,Villarreal CF,H,True
2019-20,2020-07-16,Sociedad,Sevilla,0,0,D,2019-20_SP1.csv,Real Sociedad,Sevilla FC,D,True
2019-20,2020-07-16,Valencia,Espanol,1,0,H,2019-20_SP1.csv,Valencia CF,RCD Espanyol,H,True
2019-20,2020-07-19,Alaves,Barcelona,0,5,A,2019-20_SP1.csv,Deportivo Alavés,FC Barcelona,A,True
2019-20,2020-07-19,Valladolid,Betis,2,0,H,2019-20_SP1.csv,Real Valladolid CF,Real Betis Balompié,H,True
2019-20,2020-07-19,Villarreal,Eibar,4,0,H,2019-20_SP1.csv,Villarreal CF,SD Eibar,H,True
2019-20,2020-07-19,Ath Madrid,Sociedad,1,1,D,2019-20_SP1.csv,Club Atlético de Madrid,Real Sociedad,D,True
2019-20,2020-07-19,Espanol,Celta,0,0,D,2019-20_SP1.csv,RCD Espanyol,RC Celta de Vigo,D,True
2019-20,2020-07-19,Granada,Ath Bilbao,4,0,H,2019-20_SP1.csv,Granada CF,Athletic Bilbao,H,True
2019-20,2020-07-19,Leganes,Real Madrid,2,2,D,2019-20_SP1.csv,CD Leganés,Real Madrid CF,D,True
2019-20,2020-07-19,Levante,Getafe,1,0,H,2019-20_SP1.csv,Levante UD,Getafe CF,H,True
2019-20,2020-07-19,Osasuna,Mallorca,2,2,D,2019-20_SP1.csv,CA Osasuna,RCD Mallorca,D,True
2019-20,2020-07-19,Sevilla,Valencia,1,0,H,2019-20_SP1.csv,Sevilla FC,Valencia CF,H,True
